date,Post,media,datetime,desc,link,img
6 mins ago,Injury-riddled Bangladesh strive to create history,ICC Cricket,,"After drawing the opening Test, a depleted Bangladesh side will look to 
overcome their troubles and secure their first-ever series win against Sri 
Lanka in...",https://www.icc-cricket.com/news/2627076,"data:image/gif;base64,R0lGODlhAQABAIAAAP///////yH5BAEKAAEALAAAAAABAAEAAAICTAEAOw=="
2 mins ago,PM greets her new Korean counterpart,The Business Standard,,"Prime Minister Sheikh Hasina today extended her warmest greetings and 
heartiest felicitations to Han Duck-soo on his appointment as the Prime 
Minister of...",https://www.tbsnews.net/bangladesh/pm-greets-her-new-korean-counterpart-424558,"data:image/gif;base64,R0lGODlhAQABAIAAAP///////yH5BAEKAAEALAAAAAABAAEAAAICTAEAOw=="
2 mins ago,Nissan has launched all-new Nissan Magnite in Bangladesh.,United News of Bangladesh (UNB),,"Ambassador of Japan to Bangladesh Ito Naoki was the chief guest at the 
launching event held on Saturday, who unveiled the model.",https://unb.com.bd/category/business/nissan-has-launched-all-new-nissan-magnite-in-bangladesh/93332,"data:image/gif;base64,R0lGODlhAQABAIAAAP///////yH5BAEKAAEALAAAAAABAAEAAAICTAEAOw=="
1 hour ago,TMC leader’s election petition rejected over “Bangladesh citizenship”,The Daily Star,2022-05-21 22:52:12.686745,"Calcutta High Court rejected election petition of TMC leader Alorani 
Sarkar, who lost last year's assembly poll from Bangaon Dakshin 
constituency on the...",https://www.thedailystar.net/news/asia/india/news/calcutta-high-court-rejects-tmc-leaders-election-petition-over-bangladesh-citizenship-3029031,"data:image/gif;base64,R0lGODlhAQABAIAAAP///////yH5BAEKAAEALAAAAAABAAEAAAICTAEAOw=="
1 hour ago,Rohingyas sneaking into Bangladesh from India now,Nation Thailand,2022-05-21 22:52:12.695745,"The illegal entry of Rohingyas into Bangladesh from India over the past 
three weeks has triggered a fresh concern as the new inflow will create 
an...",https://www.nationmultimedia.com/international/40015811,"data:image/gif;base64,R0lGODlhAQABAIAAAP///////yH5BAEKAAEALAAAAAABAAEAAAICTAEAOw=="
1 hour ago,This is a Big Blow for Bangladesh Ahead of the Second Test Against Sri Lanka in ... - Latest Tweet by ICC,LatestLY,2022-05-21 22:52:12.705745,"The latest Tweet by ICC states, 'This is a big blow for Bangladesh ahead of 
the second Test against Sri Lanka in Dhaka.#WTC23...' This is a Big Blow 
for...",https://www.latestly.com/socially/sports/this-is-a-big-blow-for-bangladesh-ahead-of-the-second-test-against-sri-lanka-in-latest-tweet-by-icc-3734805.html,"data:image/gif;base64,R0lGODlhAQABAIAAAP///////yH5BAEKAAEALAAAAAABAAEAAAICTAEAOw=="
1 hour ago,Bangladeshi-American professionals prime movers in shaping Dhaka-Washington ties: Faruk Khan,UNB,2022-05-21 22:52:12.714745,"Chairman of Parliamentary Standing Committee on the Ministry of Foreign 
Affairs Muhammad Faruk Khan has termed the Bangladeshi-American 
professionals the...",https://unb.com.bd/category/bangladesh/bangladeshi-american-professionals-prime-movers-in-shaping-dhaka-washington-ties-faruk-khan/93329,"data:image/gif;base64,R0lGODlhAQABAIAAAP///////yH5BAEKAAEALAAAAAABAAEAAAICTAEAOw=="
1 hour ago,Bangladesh issues alert at airports as Europe reports monkeypox cases,bdnews24.com,2022-05-21 22:52:12.724745,"Bangladesh has issued an alert for monkeypox as cases have been found in 
some European countries.",https://bdnews24.com/health/2022/05/22/bangladesh-issues-alert-at-airports-as-europe-reports-monkeypox-cases,"data:image/gif;base64,R0lGODlhAQABAIAAAP///////yH5BAEKAAEALAAAAAABAAEAAAICTAEAOw=="
1 hour ago,PM Hasina greets Australian Labor Party leader Norman on his party's victory,Dhaka Tribune,2022-05-21 22:52:12.733745,"Norman's victory demonstrates the country's confidence in his leadership to 
promote peace and prosperity, says the premier.",https://www.dhakatribune.com/bangladesh/2022/05/22/pm-hasina-greets-australian-labor-party-leader-norman-on-his-partys-victory,"data:image/gif;base64,R0lGODlhAQABAIAAAP///////yH5BAEKAAEALAAAAAABAAEAAAICTAEAOw=="
1 hour ago,"Bangladesh vs Sri Lanka, 2nd Test: Match Preview, Head to Head, Playing XI and Broadcast Details",CricTracker.com,2022-05-21 22:52:12.743745,"The second match of the series between Bangladesh and Sri Lanka will be 
played at the Shere Bangla National Stadium, Dhaka.",https://www.crictracker.com/bangladesh-vs-sri-lanka-2nd-test-match-preview-playing-xi-and-broadcast-details/,"data:image/gif;base64,R0lGODlhAQABAIAAAP///////yH5BAEKAAEALAAAAAABAAEAAAICTAEAOw=="
