Post,Links
"জোনাথন সিয়ারলে, যিনি কার্ডবোর্ড হাঙ্গর ফিন সঙ্গে দুটি কৌতুকের একটি অভিনয় করেছেন, তিনি ওক ব্লাফস পুলিশ বিভাগের প্রধান হিসাবে উন্নীত হয়েছেন। ""আমি পুরো ব্যাপারটাই আমার নিজের কাছে বেশ মজার লাগছে! ” তিনি নিউ ইয়র্ক পোস্টকে বলেন।","['https://www.facebook.com/ign/?__cft__[0]=AZWotUCWEOTmzUs7RRtIgWOW_-UALuVVaMXY3cHho3ahH9jMkoSVRRJgsQxVDP1J68yJ9pIFyco4tBL_ujjHMJZglIhA5lp5FaTENS3-jIgKQHNG307DaFalumMzEdYt0b8m24jqX3p0gz-oiJUtChya&__tn__=%3C%2CP-R', 'https://www.facebook.com/ign/?__cft__[0]=AZWotUCWEOTmzUs7RRtIgWOW_-UALuVVaMXY3cHho3ahH9jMkoSVRRJgsQxVDP1J68yJ9pIFyco4tBL_ujjHMJZglIhA5lp5FaTENS3-jIgKQHNG307DaFalumMzEdYt0b8m24jqX3p0gz-oiJUtChya&__tn__=%3C%3C%2CP-R', 'https://www.facebook.com/ign/?__cft__[0]=AZWotUCWEOTmzUs7RRtIgWOW_-UALuVVaMXY3cHho3ahH9jMkoSVRRJgsQxVDP1J68yJ9pIFyco4tBL_ujjHMJZglIhA5lp5FaTENS3-jIgKQHNG307DaFalumMzEdYt0b8m24jqX3p0gz-oiJUtChya&__tn__=-UC%2CP-R', 'https://www.facebook.com/ign/photos/a.119104781632/10159379846611633/?__cft__[0]=AZWotUCWEOTmzUs7RRtIgWOW_-UALuVVaMXY3cHho3ahH9jMkoSVRRJgsQxVDP1J68yJ9pIFyco4tBL_ujjHMJZglIhA5lp5FaTENS3-jIgKQHNG307DaFalumMzEdYt0b8m24jqX3p0gz-oiJUtChya&__tn__=%2CO%2CP-R', 'https://www.facebook.com/ign/photos/a.119104781632/10159379846611633/?__cft__[0]=AZWotUCWEOTmzUs7RRtIgWOW_-UALuVVaMXY3cHho3ahH9jMkoSVRRJgsQxVDP1J68yJ9pIFyco4tBL_ujjHMJZglIhA5lp5FaTENS3-jIgKQHNG307DaFalumMzEdYt0b8m24jqX3p0gz-oiJUtChya&__tn__=EH-R']"
"হাসপাতালের কর্মকর্তাদের মতে, টেক্সাসের উভালদেতে একটি প্রাথমিক বিদ্যালয়ে গুলিতে দুই শিশু নিহত এবং ১৪ জন আহত হয়েছে। তেরো জন ছাত্র ও ৪৫ বছর বয়সী এক বৃদ্ধকে উভালদে মেমোরিয়াল হাসপাতালে নেয়া হয়েছে। উভ্লাদে পুলিশ বিভাগ জানিয়েছে, সন্দেহভাজনকে হেফাজতে নেওয়া হয়েছে। এটি একটি উন্নয়নশীল গল্প। #টেক্সাস #শুটিং #সিজিটিএনআমেরিকা","['https://www.facebook.com/ChinaGlobalTVNetwork?__cft__[0]=AZUes72u5HFOiW4d5tpCyZXmSzcQgf8-V2d4nDUBXJYPoxxbji8c9jWat6n7YNMTZanvaPdxNnoW6ZD94vOfr-kjlE99uwgHETQeaIM7PWx3Kh0OF2DUFuNxlBgU3y4B7qs&__tn__=%3C%2CP-R', '/stories/167962741363873/UzpfSVNDOjgyMDMwODM0NTYwNTc5NA==/?view_single=true&__cft__[0]=AZUes72u5HFOiW4d5tpCyZXmSzcQgf8-V2d4nDUBXJYPoxxbji8c9jWat6n7YNMTZanvaPdxNnoW6ZD94vOfr-kjlE99uwgHETQeaIM7PWx3Kh0OF2DUFuNxlBgU3y4B7qs&__tn__=%3C%3C%2CP-R', 'https://www.facebook.com/ChinaGlobalTVNetwork?__cft__[0]=AZUes72u5HFOiW4d5tpCyZXmSzcQgf8-V2d4nDUBXJYPoxxbji8c9jWat6n7YNMTZanvaPdxNnoW6ZD94vOfr-kjlE99uwgHETQeaIM7PWx3Kh0OF2DUFuNxlBgU3y4B7qs&__tn__=-UC%2CP-R', 'https://www.facebook.com/ChinaGlobalTVNetwork/posts/600305578129585?__cft__[0]=AZUes72u5HFOiW4d5tpCyZXmSzcQgf8-V2d4nDUBXJYPoxxbji8c9jWat6n7YNMTZanvaPdxNnoW6ZD94vOfr-kjlE99uwgHETQeaIM7PWx3Kh0OF2DUFuNxlBgU3y4B7qs&__tn__=%2CO%2CP-R', 'https://www.facebook.com/hashtag/%E0%A6%9F%E0%A7%87%E0%A6%95%E0%A7%8D%E0%A6%B8%E0%A6%BE%E0%A6%B8?__eep__=6&__cft__[0]=AZUes72u5HFOiW4d5tpCyZXmSzcQgf8-V2d4nDUBXJYPoxxbji8c9jWat6n7YNMTZanvaPdxNnoW6ZD94vOfr-kjlE99uwgHETQeaIM7PWx3Kh0OF2DUFuNxlBgU3y4B7qs&__tn__=*NK-R', 'https://www.facebook.com/hashtag/%E0%A6%B6%E0%A7%81%E0%A6%9F%E0%A6%BF%E0%A6%82?__eep__=6&__cft__[0]=AZUes72u5HFOiW4d5tpCyZXmSzcQgf8-V2d4nDUBXJYPoxxbji8c9jWat6n7YNMTZanvaPdxNnoW6ZD94vOfr-kjlE99uwgHETQeaIM7PWx3Kh0OF2DUFuNxlBgU3y4B7qs&__tn__=*NK-R', 'https://www.facebook.com/hashtag/%E0%A6%B8%E0%A6%BF%E0%A6%9C%E0%A6%BF%E0%A6%9F%E0%A6%BF%E0%A6%8F%E0%A6%A8%E0%A6%86%E0%A6%AE%E0%A7%87%E0%A6%B0%E0%A6%BF%E0%A6%95%E0%A6%BE?__eep__=6&__cft__[0]=AZUes72u5HFOiW4d5tpCyZXmSzcQgf8-V2d4nDUBXJYPoxxbji8c9jWat6n7YNMTZanvaPdxNnoW6ZD94vOfr-kjlE99uwgHETQeaIM7PWx3Kh0OF2DUFuNxlBgU3y4B7qs&__tn__=*NK-R', 'https://www.facebook.com/photo/?fbid=600305398129603&set=a.398442271649251&__cft__[0]=AZUes72u5HFOiW4d5tpCyZXmSzcQgf8-V2d4nDUBXJYPoxxbji8c9jWat6n7YNMTZanvaPdxNnoW6ZD94vOfr-kjlE99uwgHETQeaIM7PWx3Kh0OF2DUFuNxlBgU3y4B7qs&__tn__=EH-R']"
১৮ বছর বয়সী সালভাদর রামোস হিসেবে চিহ্নিত বন্দুকধারী পুলিশ গুলি করে হত্যা করেছে। লাইভ আপডেট: https://aje.io/7m6m3s,"['https://www.facebook.com/aljazeera/?__cft__[0]=AZUVnbF0BL5mEJvL-piKkKGUKBLGM3QYfkZNZUNw_IR0E5AQ9Hs-CcYtZYyqALRC5Bwu2pAfqMoCNERgd2ox8Vyixwq2rLg1P_QAb038pkzHAG_igYOSjro48LdKvg_opdPid4FLq41-nagtMwSMKrf6&__tn__=%3C%2CP-R', '/stories/1586043014823268/UzpfSVNDOjEwNzUyMDI0OTMzNDIwODk=/?view_single=true&__cft__[0]=AZUVnbF0BL5mEJvL-piKkKGUKBLGM3QYfkZNZUNw_IR0E5AQ9Hs-CcYtZYyqALRC5Bwu2pAfqMoCNERgd2ox8Vyixwq2rLg1P_QAb038pkzHAG_igYOSjro48LdKvg_opdPid4FLq41-nagtMwSMKrf6&__tn__=%3C%3C%2CP-R', 'https://www.facebook.com/aljazeera/?__cft__[0]=AZUVnbF0BL5mEJvL-piKkKGUKBLGM3QYfkZNZUNw_IR0E5AQ9Hs-CcYtZYyqALRC5Bwu2pAfqMoCNERgd2ox8Vyixwq2rLg1P_QAb038pkzHAG_igYOSjro48LdKvg_opdPid4FLq41-nagtMwSMKrf6&__tn__=-UC%2CP-R', 'https://www.facebook.com/aljazeera/photos/a.10150243828793690/10160798144543690/?__cft__[0]=AZUVnbF0BL5mEJvL-piKkKGUKBLGM3QYfkZNZUNw_IR0E5AQ9Hs-CcYtZYyqALRC5Bwu2pAfqMoCNERgd2ox8Vyixwq2rLg1P_QAb038pkzHAG_igYOSjro48LdKvg_opdPid4FLq41-nagtMwSMKrf6&__tn__=%2CO%2CP-R', 'https://l.facebook.com/l.php?u=https%3A%2F%2Faje.io%2F7m6m3s%3Ffbclid%3DIwAR0QQaqell2MV6qmpgE9JYQsJ3pCj0TbcTpACysAM45hcxtbONtHg99CB0M&h=AT1ozOntnBsjQF3IDU2Qgu7vslbJ-7PANG1sGw9zlzHGT8YXddn7RgJVPtGz3KQIw-fB-_pMsA2kQKawdoeP2aSjT_XTQplewoOsaox0rW8LXNtAXXVhTTrNybvxufN_-Q0Y&__tn__=-UK-R&c[0]=AT2nFaduBDJ3Dueq4fls3_H7RPh5VVWeruGw_vuCCnIatsTfPRPr66Jw75Rvvc3FJ2Jp1O1jsM4N4AsGQwo0qVGJw4BuiQYj8JWrGZj3AkAkOmeZIMVjJgXz9PL2rIQCqnEM8tN8xsGuAVoiMQvkZCFoWCUxiZifC0I', 'https://www.facebook.com/aljazeera/photos/a.10150243828793690/10160798144543690/?__cft__[0]=AZUVnbF0BL5mEJvL-piKkKGUKBLGM3QYfkZNZUNw_IR0E5AQ9Hs-CcYtZYyqALRC5Bwu2pAfqMoCNERgd2ox8Vyixwq2rLg1P_QAb038pkzHAG_igYOSjro48LdKvg_opdPid4FLq41-nagtMwSMKrf6&__tn__=EH-R']"
"Respected Sir Mr. Mohammad Harun Aur Rashid, BPM, (Bar) PPM- (Bar). Joint Commissioner of Police, DB-North, Cyber ​​and Special Crime Division, Dhaka Metropolitan Police, working in Dhaka, Best wishes and congratulations on being promoted to the post of DIG of Bangladesh Police.… See more","['https://www.facebook.com/anowar.eti?__cft__[0]=AZXrgrYm3KPdf87xqxiDt5B7AYjy3UtNedcwpfB7Sw_3XsEwbBUtLRZzjFqaOIyYKfXxRgMdpuQiBSd5jWo_Rw_sSMZDOcQCJKWFfTNbj5g3Iw&__tn__=%3C%2CP-R', 'https://www.facebook.com/anowar.eti?__cft__[0]=AZXrgrYm3KPdf87xqxiDt5B7AYjy3UtNedcwpfB7Sw_3XsEwbBUtLRZzjFqaOIyYKfXxRgMdpuQiBSd5jWo_Rw_sSMZDOcQCJKWFfTNbj5g3Iw&__tn__=%3C%3C%2CP-R', 'https://www.facebook.com/anowar.eti?__cft__[0]=AZXrgrYm3KPdf87xqxiDt5B7AYjy3UtNedcwpfB7Sw_3XsEwbBUtLRZzjFqaOIyYKfXxRgMdpuQiBSd5jWo_Rw_sSMZDOcQCJKWFfTNbj5g3Iw&__tn__=-UC%2CP-R', 'https://www.facebook.com/anowar.eti/posts/8111722178853840?__cft__[0]=AZXrgrYm3KPdf87xqxiDt5B7AYjy3UtNedcwpfB7Sw_3XsEwbBUtLRZzjFqaOIyYKfXxRgMdpuQiBSd5jWo_Rw_sSMZDOcQCJKWFfTNbj5g3Iw&__tn__=%2CO%2CP-R', 'https://www.facebook.com/photo/?fbid=8111719862187405&set=pcb.8111722178853840&__cft__[0]=AZXrgrYm3KPdf87xqxiDt5B7AYjy3UtNedcwpfB7Sw_3XsEwbBUtLRZzjFqaOIyYKfXxRgMdpuQiBSd5jWo_Rw_sSMZDOcQCJKWFfTNbj5g3Iw&__tn__=*bH-R', 'https://www.facebook.com/photo/?fbid=8111719895520735&set=pcb.8111722178853840&__cft__[0]=AZXrgrYm3KPdf87xqxiDt5B7AYjy3UtNedcwpfB7Sw_3XsEwbBUtLRZzjFqaOIyYKfXxRgMdpuQiBSd5jWo_Rw_sSMZDOcQCJKWFfTNbj5g3Iw&__tn__=*bH-R']"
"আমার সৌভাগ্য আমি ২০১১-২০১২ খ্রিঃ Dhaka Metropolitan Police - DMP'র Protection Division-এ তৎকালীন উপ-পুলিশ কমিশনার(পুলিশ সুপার), বর্তমানে Police Headquarters(পুলিশ হেডকোয়ার্টার) এর ডিআইজি (ওয়েলফেয়ার অ‍্যান্ড স্পোটস্) জনাব রুহুল আমিন শিপার স্যারের সাথে কাজ করার সুযোগ পেয়েছি। অধীনস্থদের প্রতি স্যারের সন্তানের মতো মমত্ববোধ তখনও অনুভব করেছিলাম। আল্লাহ এরূপ মানবতার কান্ডারীদের সুস্থ ও নিরাপদ রাখুন; আমাদের সবার সহায় হোন। আ-মীন।","['https://www.facebook.com/nshobuz?__cft__[0]=AZWnoBxQejzeNtomrIyCXq84IRZeulxMDW_0Y_WIvG25ClCVJwNJbYFAoTnUPJHOuplGwqanRmZmYjt5ZJxNpXzKZfj1gGCcpX-W_Usn_xMfMUjHWQJaA9HR3HdDsvbv94I&__tn__=%3C%2CP-R', 'https://www.facebook.com/nshobuz?__cft__[0]=AZWnoBxQejzeNtomrIyCXq84IRZeulxMDW_0Y_WIvG25ClCVJwNJbYFAoTnUPJHOuplGwqanRmZmYjt5ZJxNpXzKZfj1gGCcpX-W_Usn_xMfMUjHWQJaA9HR3HdDsvbv94I&__tn__=%3C%3C%2CP-R', 'https://www.facebook.com/nshobuz?__cft__[0]=AZWnoBxQejzeNtomrIyCXq84IRZeulxMDW_0Y_WIvG25ClCVJwNJbYFAoTnUPJHOuplGwqanRmZmYjt5ZJxNpXzKZfj1gGCcpX-W_Usn_xMfMUjHWQJaA9HR3HdDsvbv94I&__tn__=-UC%2CP-R', 'https://www.facebook.com/nshobuz/posts/5559756317370508?__cft__[0]=AZWnoBxQejzeNtomrIyCXq84IRZeulxMDW_0Y_WIvG25ClCVJwNJbYFAoTnUPJHOuplGwqanRmZmYjt5ZJxNpXzKZfj1gGCcpX-W_Usn_xMfMUjHWQJaA9HR3HdDsvbv94I&__tn__=%2CO%2CP-R', 'https://www.facebook.com/pages/Dhaka-Bangladesh/101889586519301?__cft__[0]=AZWnoBxQejzeNtomrIyCXq84IRZeulxMDW_0Y_WIvG25ClCVJwNJbYFAoTnUPJHOuplGwqanRmZmYjt5ZJxNpXzKZfj1gGCcpX-W_Usn_xMfMUjHWQJaA9HR3HdDsvbv94I&__tn__=%2CP-R', 'https://www.facebook.com/dmpdhaka?__cft__[0]=AZWnoBxQejzeNtomrIyCXq84IRZeulxMDW_0Y_WIvG25ClCVJwNJbYFAoTnUPJHOuplGwqanRmZmYjt5ZJxNpXzKZfj1gGCcpX-W_Usn_xMfMUjHWQJaA9HR3HdDsvbv94I&__tn__=-]K-R', 'https://www.facebook.com/dmpprotectiondivisionofficial?__cft__[0]=AZWnoBxQejzeNtomrIyCXq84IRZeulxMDW_0Y_WIvG25ClCVJwNJbYFAoTnUPJHOuplGwqanRmZmYjt5ZJxNpXzKZfj1gGCcpX-W_Usn_xMfMUjHWQJaA9HR3HdDsvbv94I&__tn__=-]K-R', 'https://www.facebook.com/groups/429844691420145/?__cft__[0]=AZWnoBxQejzeNtomrIyCXq84IRZeulxMDW_0Y_WIvG25ClCVJwNJbYFAoTnUPJHOuplGwqanRmZmYjt5ZJxNpXzKZfj1gGCcpX-W_Usn_xMfMUjHWQJaA9HR3HdDsvbv94I&__tn__=-UK-R', 'https://www.facebook.com/bp.emran.14?__cft__[0]=AZWnoBxQejzeNtomrIyCXq84IRZeulxMDW_0Y_WIvG25ClCVJwNJbYFAoTnUPJHOuplGwqanRmZmYjt5ZJxNpXzKZfj1gGCcpX-W_Usn_xMfMUjHWQJaA9HR3HdDsvbv94I&__tn__=-]K-R', 'https://www.facebook.com/dmpdhaka?__cft__[0]=AZWnoBxQejzeNtomrIyCXq84IRZeulxMDW_0Y_WIvG25ClCVJwNJbYFAoTnUPJHOuplGwqanRmZmYjt5ZJxNpXzKZfj1gGCcpX-W_Usn_xMfMUjHWQJaA9HR3HdDsvbv94I&__tn__=-]K-R', 'https://l.facebook.com/l.php?u=https%3A%2F%2Fwww.ctgnews.com%2F2022%2F05%2F142387%2F%3Ffbclid%3DIwAR1bEt9A2s8EwPRnVB8FCb0dPlzZ_4i4b1lxdn1GpfxwtVEQpUCh2EbkT-A&h=AT0rqzWxzC87QfDgz5w63V-uVOpO72ih5Nc76NGQYHMF9iQ9nbO1kOZsE_Ui4GJAMO0fS5He0NZvIgJea0kdiuewdWGRN6DmsPm3FFbD6awxe2Zn1UttMzlODNqCF3Mc5mv1&__tn__=H-R&c[0]=AT3JQoaW5MfXx-mwJ779KxUdmqzzYokNDDInB1elu2pPRjr3W4GtIOKnFwrog3z5fPpa8SEFTr3akAiNI12ys4WdEa_7Grc9hr1SjftCNiWwuViHIxtVQJE2LXPZq0K8_cA1DPAtgBJ7UOZgfsktBVckpg', 'https://l.facebook.com/l.php?u=https%3A%2F%2Fwww.ctgnews.com%2F2022%2F05%2F142387%2F%3Ffbclid%3DIwAR3Fg7azb5Fab3m3jMGc2v_TOZRBI2SmmWFE1_ot2zVh1Jx78pF4ebKbYg8&h=AT0rqzWxzC87QfDgz5w63V-uVOpO72ih5Nc76NGQYHMF9iQ9nbO1kOZsE_Ui4GJAMO0fS5He0NZvIgJea0kdiuewdWGRN6DmsPm3FFbD6awxe2Zn1UttMzlODNqCF3Mc5mv1&__tn__=%2CmH-R&c[0]=AT3JQoaW5MfXx-mwJ779KxUdmqzzYokNDDInB1elu2pPRjr3W4GtIOKnFwrog3z5fPpa8SEFTr3akAiNI12ys4WdEa_7Grc9hr1SjftCNiWwuViHIxtVQJE2LXPZq0K8_cA1DPAtgBJ7UOZgfsktBVckpg']"
শুভেচ্ছা ও অভিনন্দনIGP Bangladesh Police.,"['https://www.facebook.com/mizanul.huq.77?__cft__[0]=AZV8SMC5OOAc1L_m8Ocf6ZW2v-nFxEUqoQeUk7VfVm10g8hoqhBKRNxMQJHSYXsW5xEKcZ8YFXQFE1zoAplyT56ws9nov3R172bESW02C-2F-znbzxotGaafijGXDhtrjc4&__tn__=%3C%2CP-R', 'https://www.facebook.com/mizanul.huq.77?__cft__[0]=AZV8SMC5OOAc1L_m8Ocf6ZW2v-nFxEUqoQeUk7VfVm10g8hoqhBKRNxMQJHSYXsW5xEKcZ8YFXQFE1zoAplyT56ws9nov3R172bESW02C-2F-znbzxotGaafijGXDhtrjc4&__tn__=%3C%3C%2CP-R', 'https://www.facebook.com/mizanul.huq.77?__cft__[0]=AZV8SMC5OOAc1L_m8Ocf6ZW2v-nFxEUqoQeUk7VfVm10g8hoqhBKRNxMQJHSYXsW5xEKcZ8YFXQFE1zoAplyT56ws9nov3R172bESW02C-2F-znbzxotGaafijGXDhtrjc4&__tn__=-]C%2CP-R', 'https://www.facebook.com/gulshantwo/?__cft__[0]=AZV8SMC5OOAc1L_m8Ocf6ZW2v-nFxEUqoQeUk7VfVm10g8hoqhBKRNxMQJHSYXsW5xEKcZ8YFXQFE1zoAplyT56ws9nov3R172bESW02C-2F-znbzxotGaafijGXDhtrjc4&__tn__=kC%2CP-R', 'https://www.facebook.com/mizanul.huq.77/posts/999972397332617?__cft__[0]=AZV8SMC5OOAc1L_m8Ocf6ZW2v-nFxEUqoQeUk7VfVm10g8hoqhBKRNxMQJHSYXsW5xEKcZ8YFXQFE1zoAplyT56ws9nov3R172bESW02C-2F-znbzxotGaafijGXDhtrjc4&__tn__=%2CO%2CP-R', 'https://www.facebook.com/pages/Dhaka-Bangladesh/101889586519301?__cft__[0]=AZV8SMC5OOAc1L_m8Ocf6ZW2v-nFxEUqoQeUk7VfVm10g8hoqhBKRNxMQJHSYXsW5xEKcZ8YFXQFE1zoAplyT56ws9nov3R172bESW02C-2F-znbzxotGaafijGXDhtrjc4&__tn__=%2CP-R', '/photo/?fbid=999972330665957&set=pcb.999972397332617&__cft__[0]=AZV8SMC5OOAc1L_m8Ocf6ZW2v-nFxEUqoQeUk7VfVm10g8hoqhBKRNxMQJHSYXsW5xEKcZ8YFXQFE1zoAplyT56ws9nov3R172bESW02C-2F-znbzxotGaafijGXDhtrjc4&__tn__=H-R', '/photo/?fbid=999972377332619&set=pcb.999972397332617&__cft__[0]=AZV8SMC5OOAc1L_m8Ocf6ZW2v-nFxEUqoQeUk7VfVm10g8hoqhBKRNxMQJHSYXsW5xEKcZ8YFXQFE1zoAplyT56ws9nov3R172bESW02C-2F-znbzxotGaafijGXDhtrjc4&__tn__=H-R']"
বিশিষ্ট কলামিস্ট আবদুল গাফ্ফার চৌধুরীর মৃত্যুতে আইজিপির শোক,"['https://www.facebook.com/BangladeshPoliceOfficialPage?__cft__[0]=AZVTfhC7LovoiFb55gMqKUgEnxsgTs9DIcAlu2kafGqV-W_0rEWjDaGBgYUyG19FWXzRymHhDiWX2GqK66x37Ss9P9q7b6zIDBaNPzMRSxq7HM4fe2i9IWnugafdA_8ZDo0&__tn__=%3C%2CP-R', 'https://www.facebook.com/BangladeshPoliceOfficialPage?__cft__[0]=AZVTfhC7LovoiFb55gMqKUgEnxsgTs9DIcAlu2kafGqV-W_0rEWjDaGBgYUyG19FWXzRymHhDiWX2GqK66x37Ss9P9q7b6zIDBaNPzMRSxq7HM4fe2i9IWnugafdA_8ZDo0&__tn__=%3C%3C%2CP-R', 'https://www.facebook.com/BangladeshPoliceOfficialPage?__cft__[0]=AZVTfhC7LovoiFb55gMqKUgEnxsgTs9DIcAlu2kafGqV-W_0rEWjDaGBgYUyG19FWXzRymHhDiWX2GqK66x37Ss9P9q7b6zIDBaNPzMRSxq7HM4fe2i9IWnugafdA_8ZDo0&__tn__=-UC%2CP-R', 'https://www.facebook.com/BangladeshPoliceOfficialPage/posts/380039717495848?__cft__[0]=AZVTfhC7LovoiFb55gMqKUgEnxsgTs9DIcAlu2kafGqV-W_0rEWjDaGBgYUyG19FWXzRymHhDiWX2GqK66x37Ss9P9q7b6zIDBaNPzMRSxq7HM4fe2i9IWnugafdA_8ZDo0&__tn__=%2CO%2CP-R', 'https://www.facebook.com/photo/?fbid=380039694162517&set=a.342637837902703&__cft__[0]=AZVTfhC7LovoiFb55gMqKUgEnxsgTs9DIcAlu2kafGqV-W_0rEWjDaGBgYUyG19FWXzRymHhDiWX2GqK66x37Ss9P9q7b6zIDBaNPzMRSxq7HM4fe2i9IWnugafdA_8ZDo0&__tn__=EH-R']"
আমাদের বাংলাদেশ পুলিশ বাহিনী এক মহানায়ক!,"['https://www.facebook.com/profile.php?id=100078350204425&__cft__[0]=AZWDXrqZIQz_wpNbw0IoxlHaiAHpteIdOS4xmIwhE3MJ3zWU8YinFLTRRCejuXxtNCqh83Xotp182vOzBM3RXT4ndCLqj_XBFhR4BdJwXzZ2VA&__tn__=%3C%2CP-R', '/stories/105292455425761/UzpfSVNDOjQzODkwMDY2NDcxNTAyMQ==/?view_single=true&__cft__[0]=AZWDXrqZIQz_wpNbw0IoxlHaiAHpteIdOS4xmIwhE3MJ3zWU8YinFLTRRCejuXxtNCqh83Xotp182vOzBM3RXT4ndCLqj_XBFhR4BdJwXzZ2VA&__tn__=%3C%3C%2CP-R', 'https://www.facebook.com/profile.php?id=100078350204425&__cft__[0]=AZWDXrqZIQz_wpNbw0IoxlHaiAHpteIdOS4xmIwhE3MJ3zWU8YinFLTRRCejuXxtNCqh83Xotp182vOzBM3RXT4ndCLqj_XBFhR4BdJwXzZ2VA&__tn__=-UC%2CP-R', 'https://www.facebook.com/permalink.php?story_fbid=134939175794422&id=100078350204425&__cft__[0]=AZWDXrqZIQz_wpNbw0IoxlHaiAHpteIdOS4xmIwhE3MJ3zWU8YinFLTRRCejuXxtNCqh83Xotp182vOzBM3RXT4ndCLqj_XBFhR4BdJwXzZ2VA&__tn__=%2CO%2CP-R', 'https://www.facebook.com/photo/?fbid=134937872461219&set=a.105555758732764&__cft__[0]=AZWDXrqZIQz_wpNbw0IoxlHaiAHpteIdOS4xmIwhE3MJ3zWU8YinFLTRRCejuXxtNCqh83Xotp182vOzBM3RXT4ndCLqj_XBFhR4BdJwXzZ2VA&__tn__=EH-R']"
"“The suspect made entry into the school, and as soon as he made entry into the school, he started shooting children, teachers, whoever’s in his way,” officials said.","['https://www.facebook.com/NYPost?__cft__[0]=AZVRxQGB1D04Uxk6N2u3fp9Aja7Z1gYMVkhOFXaQag1AYqnSm2on59YhrdnzrqpZXDmXSk5wUEd_VdLmaavbb_z4MQ6YCyXHxsOcbO5zk8JsOpkSERjAnm246wxsQC3WY-o&__tn__=%3C%2CP-R', 'https://www.facebook.com/NYPost?__cft__[0]=AZVRxQGB1D04Uxk6N2u3fp9Aja7Z1gYMVkhOFXaQag1AYqnSm2on59YhrdnzrqpZXDmXSk5wUEd_VdLmaavbb_z4MQ6YCyXHxsOcbO5zk8JsOpkSERjAnm246wxsQC3WY-o&__tn__=%3C%3C%2CP-R', 'https://www.facebook.com/NYPost?__cft__[0]=AZVRxQGB1D04Uxk6N2u3fp9Aja7Z1gYMVkhOFXaQag1AYqnSm2on59YhrdnzrqpZXDmXSk5wUEd_VdLmaavbb_z4MQ6YCyXHxsOcbO5zk8JsOpkSERjAnm246wxsQC3WY-o&__tn__=-UC%2CP-R', 'https://www.facebook.com/NYPost/posts/418890020103000?__cft__[0]=AZVRxQGB1D04Uxk6N2u3fp9Aja7Z1gYMVkhOFXaQag1AYqnSm2on59YhrdnzrqpZXDmXSk5wUEd_VdLmaavbb_z4MQ6YCyXHxsOcbO5zk8JsOpkSERjAnm246wxsQC3WY-o&__tn__=%2CO%2CP-R', 'https://l.facebook.com/l.php?u=https%3A%2F%2Ftrib.al%2FOfqCddA%3Ffbclid%3DIwAR0zYMpRc1sLJ6iHe774VbCSG2XYfpyYVUAd4kjFUIaAZIF3l0yDwdbDrN0&h=AT0Q-7uzcCe6r5ImXAmL9GCTtfMaS9En9Ye99-E2eyPCght3MieMY3DqSPmsud45EZM2IMwA3bFHBxxMZWJmlyMSKkHL_9LvAvfWDusaB7yasykx0npOVVca65Sn3o3K2OWI&__tn__=H-R&c[0]=AT0SK4N4MLOu-7SRbo7h-R32SMI-aQWAp36Sa3zdTcAxVKRKjLEPRGplioD1AKTvx9Qh4dxjKIHUkaH7pI8kR4XXuHFCe0O0lcyB-Ro-9nlrPgng__siQCTLxNwyKdyRsH3xt6HWrnwjiyEsx3Bz9Xzk4Q', 'https://l.facebook.com/l.php?u=https%3A%2F%2Ftrib.al%2FOfqCddA%3Ffbclid%3DIwAR3teLMCEO_-q00Eah-K7OwQeFxy-1Pxtkth3AmRRK4j3hRWMiGnQIBrhXw&h=AT0Q-7uzcCe6r5ImXAmL9GCTtfMaS9En9Ye99-E2eyPCght3MieMY3DqSPmsud45EZM2IMwA3bFHBxxMZWJmlyMSKkHL_9LvAvfWDusaB7yasykx0npOVVca65Sn3o3K2OWI&__tn__=%2CmH-R&c[0]=AT0SK4N4MLOu-7SRbo7h-R32SMI-aQWAp36Sa3zdTcAxVKRKjLEPRGplioD1AKTvx9Qh4dxjKIHUkaH7pI8kR4XXuHFCe0O0lcyB-Ro-9nlrPgng__siQCTLxNwyKdyRsH3xt6HWrnwjiyEsx3Bz9Xzk4Q']"
ড. বেনজীর আহমেদ: প্রমিথিউস অব পুলিশিং ,"['https://www.facebook.com/BangladeshPoliceOfficialPage?__cft__[0]=AZVstLWH1QE-jgXhbgnxqw-O2OQcnojBBCpaD8JHMZFKPt9MWeXNcmOCUJ5qDVqBziias6JlqCOfiWrQ7NyUwrn6t7MxgwRI4bQcM9zAc4UJx0dFk63-PYPe_bVC2CQcrUs&__tn__=%3C%2CP-R', 'https://www.facebook.com/BangladeshPoliceOfficialPage?__cft__[0]=AZVstLWH1QE-jgXhbgnxqw-O2OQcnojBBCpaD8JHMZFKPt9MWeXNcmOCUJ5qDVqBziias6JlqCOfiWrQ7NyUwrn6t7MxgwRI4bQcM9zAc4UJx0dFk63-PYPe_bVC2CQcrUs&__tn__=%3C%3C%2CP-R', 'https://www.facebook.com/BangladeshPoliceOfficialPage?__cft__[0]=AZVstLWH1QE-jgXhbgnxqw-O2OQcnojBBCpaD8JHMZFKPt9MWeXNcmOCUJ5qDVqBziias6JlqCOfiWrQ7NyUwrn6t7MxgwRI4bQcM9zAc4UJx0dFk63-PYPe_bVC2CQcrUs&__tn__=-UC%2CP-R', 'https://www.facebook.com/BangladeshPoliceOfficialPage/posts/375851814581305?__cft__[0]=AZVstLWH1QE-jgXhbgnxqw-O2OQcnojBBCpaD8JHMZFKPt9MWeXNcmOCUJ5qDVqBziias6JlqCOfiWrQ7NyUwrn6t7MxgwRI4bQcM9zAc4UJx0dFk63-PYPe_bVC2CQcrUs&__tn__=%2CO%2CP-R', 'https://l.facebook.com/l.php?u=https%3A%2F%2Fnews.police.gov.bd%2F%E0%A6%A1-%E0%A6%AC%E0%A7%87%E0%A6%A8%E0%A6%9C%E0%A7%80%E0%A6%B0-%E0%A6%86%E0%A6%B9%E0%A6%AE%E0%A7%87%E0%A6%A6-%E0%A6%AA%E0%A7%8D%E0%A6%B0%E0%A6%AE%E0%A6%BF%E0%A6%A5%E0%A6%BF%E0%A6%89%E0%A6%B8%2F%3Ffbclid%3DIwAR03AmNDO9iCIbsNfAreotiH0PFQrvv8ujRznLH7IBQ0KYfZpNmJPWRPr1s&h=AT1O4qsuobZ-6bXbPOPb_OdaLU6y1iUUt6G2MTdDPvoCk1uOM5PpwMmNXEtLjvP37Fe44EcRWnNGQXKxrgDIbPTrkauYVzmeWJHEfKmFY1L99IdvkO8oZcMda_hF1mL7wmGo&__tn__=-UK-R&c[0]=AT18KFmeRXYz4VQWzmlvbxF2VetoSXoxph2Es5aU1ejjN68YGh8ejUmhMNPBpd2KXsjnj3Hb9tyQ--V5mG_eH3t-micZubRV7zroMoNEl7j2LCVahNeoWmVw5V9jCLL4XkvYM-URbzXnq84ObCPw_gXlRQ', 'https://www.facebook.com/photo/?fbid=375856584580828&set=a.342637837902703&__cft__[0]=AZVstLWH1QE-jgXhbgnxqw-O2OQcnojBBCpaD8JHMZFKPt9MWeXNcmOCUJ5qDVqBziias6JlqCOfiWrQ7NyUwrn6t7MxgwRI4bQcM9zAc4UJx0dFk63-PYPe_bVC2CQcrUs&__tn__=EH-R']"
"ON THIS DAY: In 2020, George Floyd, a Black man, was killed when a white Minneapolis police officer pressed his knee on Floyd’s neck for about 9 1/2 minutes while Floyd was handcuffed and pleading that he couldn’t breathe; Floyd’s death, captured on video by a bystander, would lead to worldwide protests, and a reexamination of racism and policing in the U.S. https://abcn.ws/39SmCQP","['https://www.facebook.com/ABCNews/?__cft__[0]=AZUng4ED13Zj3_0gZLsXDiUNMYQXOD5jTwxBTz5vpuVQgxDdEFYRJjttfuFGkZKxmxa52BhvGqFN_FTA1kKX-CNvZmr_wMlA-vi9ULAoO4SdfshlliKQhJHiwVIkmzWH01QATM-NB77VuJOAIhhfRQqi&__tn__=%3C%2CP-R', '/stories/1528124927224461/UzpfSVNDOjU1MDcyNjA0MDA5MDQ2NA==/?view_single=true&__cft__[0]=AZUng4ED13Zj3_0gZLsXDiUNMYQXOD5jTwxBTz5vpuVQgxDdEFYRJjttfuFGkZKxmxa52BhvGqFN_FTA1kKX-CNvZmr_wMlA-vi9ULAoO4SdfshlliKQhJHiwVIkmzWH01QATM-NB77VuJOAIhhfRQqi&__tn__=%3C%3C%2CP-R', 'https://www.facebook.com/ABCNews/?__cft__[0]=AZUng4ED13Zj3_0gZLsXDiUNMYQXOD5jTwxBTz5vpuVQgxDdEFYRJjttfuFGkZKxmxa52BhvGqFN_FTA1kKX-CNvZmr_wMlA-vi9ULAoO4SdfshlliKQhJHiwVIkmzWH01QATM-NB77VuJOAIhhfRQqi&__tn__=-UC%2CP-R', 'https://www.facebook.com/ABCNews/photos/a.10150095914943812/10161825994618812/?__cft__[0]=AZUng4ED13Zj3_0gZLsXDiUNMYQXOD5jTwxBTz5vpuVQgxDdEFYRJjttfuFGkZKxmxa52BhvGqFN_FTA1kKX-CNvZmr_wMlA-vi9ULAoO4SdfshlliKQhJHiwVIkmzWH01QATM-NB77VuJOAIhhfRQqi&__tn__=%2CO%2CP-R', 'https://l.facebook.com/l.php?u=https%3A%2F%2Fabcn.ws%2F39SmCQP%3Ffbclid%3DIwAR3wKSSjtZ24J9QT24sNAc8mLrPVJl4iAYg9I2R7rHJsUWNg71eeuQuDrWw&h=AT1fkPDN5qXLQt9YobVKkTu0gnAnLkXuy-ynQFExGv5kBrOb2HI8AhcGVFHQAjC-h8gn_Owu9pbDw0AUIiCBludrIbpAs8iglguwj8BHhnYmF13H34uXnC4J20f_lrmKJdwb&__tn__=-UK-R&c[0]=AT1NUVaX5Shho-FwVAxxzOE95IID6SbI7qqavE_Q2978qZRwTIusGHXmriImmSFdm-OYbKfOJFXAOaXRBzPKhjsFglajD2iiZy0vkJM3vVwGz1CvVgT-V6lFgwFcCsWzcX3KK1n0LNuzxF51EAdi3mKxBkXFRoO-_lU', 'https://www.facebook.com/ABCNews/photos/a.10150095914943812/10161825994618812/?__cft__[0]=AZUng4ED13Zj3_0gZLsXDiUNMYQXOD5jTwxBTz5vpuVQgxDdEFYRJjttfuFGkZKxmxa52BhvGqFN_FTA1kKX-CNvZmr_wMlA-vi9ULAoO4SdfshlliKQhJHiwVIkmzWH01QATM-NB77VuJOAIhhfRQqi&__tn__=EH-R']"
"আন্তরিকতা, মানবিকতা, পেশাদারিত্ব ও অনুজের প্রতি স্নেহের এক অনন্য দৃষ্টান্ত ","['https://www.facebook.com/BangladeshPoliceOfficialPage?__cft__[0]=AZV7QFiFU4PlN9g-FH8FscdldxXE3klR-YXKz7i04qR1y_hEGNjSsaXDAcpmCiAKAFrQpekPFp_o6aB-197fX0eMNFKdP1uUR-M8Gby_sC6c7dhE1WE_rXEOIdawMblK5Q8&__tn__=%3C%2CP-R', 'https://www.facebook.com/BangladeshPoliceOfficialPage?__cft__[0]=AZV7QFiFU4PlN9g-FH8FscdldxXE3klR-YXKz7i04qR1y_hEGNjSsaXDAcpmCiAKAFrQpekPFp_o6aB-197fX0eMNFKdP1uUR-M8Gby_sC6c7dhE1WE_rXEOIdawMblK5Q8&__tn__=%3C%3C%2CP-R', 'https://www.facebook.com/BangladeshPoliceOfficialPage?__cft__[0]=AZV7QFiFU4PlN9g-FH8FscdldxXE3klR-YXKz7i04qR1y_hEGNjSsaXDAcpmCiAKAFrQpekPFp_o6aB-197fX0eMNFKdP1uUR-M8Gby_sC6c7dhE1WE_rXEOIdawMblK5Q8&__tn__=-UC%2CP-R', 'https://www.facebook.com/BangladeshPoliceOfficialPage/posts/369503271882826?__cft__[0]=AZV7QFiFU4PlN9g-FH8FscdldxXE3klR-YXKz7i04qR1y_hEGNjSsaXDAcpmCiAKAFrQpekPFp_o6aB-197fX0eMNFKdP1uUR-M8Gby_sC6c7dhE1WE_rXEOIdawMblK5Q8&__tn__=%2CO%2CP-R', 'https://www.facebook.com/photo/?fbid=369503111882842&set=pcb.369503271882826&__cft__[0]=AZV7QFiFU4PlN9g-FH8FscdldxXE3klR-YXKz7i04qR1y_hEGNjSsaXDAcpmCiAKAFrQpekPFp_o6aB-197fX0eMNFKdP1uUR-M8Gby_sC6c7dhE1WE_rXEOIdawMblK5Q8&__tn__=*bH-R', 'https://www.facebook.com/photo/?fbid=369503151882838&set=pcb.369503271882826&__cft__[0]=AZV7QFiFU4PlN9g-FH8FscdldxXE3klR-YXKz7i04qR1y_hEGNjSsaXDAcpmCiAKAFrQpekPFp_o6aB-197fX0eMNFKdP1uUR-M8Gby_sC6c7dhE1WE_rXEOIdawMblK5Q8&__tn__=*bH-R', 'https://www.facebook.com/photo/?fbid=369503188549501&set=pcb.369503271882826&__cft__[0]=AZV7QFiFU4PlN9g-FH8FscdldxXE3klR-YXKz7i04qR1y_hEGNjSsaXDAcpmCiAKAFrQpekPFp_o6aB-197fX0eMNFKdP1uUR-M8Gby_sC6c7dhE1WE_rXEOIdawMblK5Q8&__tn__=*bH-R', 'https://www.facebook.com/photo/?fbid=369503248549495&set=pcb.369503271882826&__cft__[0]=AZV7QFiFU4PlN9g-FH8FscdldxXE3klR-YXKz7i04qR1y_hEGNjSsaXDAcpmCiAKAFrQpekPFp_o6aB-197fX0eMNFKdP1uUR-M8Gby_sC6c7dhE1WE_rXEOIdawMblK5Q8&__tn__=*bH-R']"
https://www.bd-pratidin.com/open-air.../2022/05/14/768906,"['https://www.facebook.com/TouristPolice.BD/?__cft__[0]=AZVH9rjAFzD6j-eq-SCsS9dnq_lxiXp7EnHlDcv-jVKzQES3i1uXSf0wqGb0Zb6cqVvFieVs88eksXWKSr3MIQsn-lSxWHlI1MHmDZVveVzuhWvCs3xPscic7KzGccHE0v0&__tn__=%3C%2CP-R', 'https://www.facebook.com/TouristPolice.BD/?__cft__[0]=AZVH9rjAFzD6j-eq-SCsS9dnq_lxiXp7EnHlDcv-jVKzQES3i1uXSf0wqGb0Zb6cqVvFieVs88eksXWKSr3MIQsn-lSxWHlI1MHmDZVveVzuhWvCs3xPscic7KzGccHE0v0&__tn__=%3C%3C%2CP-R', 'https://www.facebook.com/TouristPolice.BD/?__cft__[0]=AZVH9rjAFzD6j-eq-SCsS9dnq_lxiXp7EnHlDcv-jVKzQES3i1uXSf0wqGb0Zb6cqVvFieVs88eksXWKSr3MIQsn-lSxWHlI1MHmDZVveVzuhWvCs3xPscic7KzGccHE0v0&__tn__=-UC%2CP-R', 'https://www.facebook.com/TouristPolice.BD/posts/2989965681263957?__cft__[0]=AZVH9rjAFzD6j-eq-SCsS9dnq_lxiXp7EnHlDcv-jVKzQES3i1uXSf0wqGb0Zb6cqVvFieVs88eksXWKSr3MIQsn-lSxWHlI1MHmDZVveVzuhWvCs3xPscic7KzGccHE0v0&__tn__=%2CO%2CP-R', 'https://l.facebook.com/l.php?u=https%3A%2F%2Fwww.bd-pratidin.com%2Fopen-air-theater%2F2022%2F05%2F14%2F768906%3Ffbclid%3DIwAR23BKTcKRerafhatKCDGh6mi6qOz4GPcKHiRcLm1ONce9gs04T25DO1BYc&h=AT2UU958Yw6kqVt2PP5LDvCNjxAbo_SKstDYJp_SzYftkvJj62fiKeXL6mMaCG_jMcYKBW5YZ_ggVHDcL8Byd6NYyuHVef6ToMqdzOHY4n7unwCZXBDExfa05CcmIWVoDtTM&__tn__=-UK-R&c[0]=AT2ZXZupMAvjpCUs7vb4r0VVwD7eV6f2Xr5rvF6FGxE6bfTBFa-hiW5l7NtPOpZ4jIe53n39DO8tFLvFtmE7RQhiqaF_MTqRbeM68SgCTN5lhYQdjOQ28J3al8CSoVgI2auuQtefysZS0XbPKMLK1rjVYQ', 'https://l.facebook.com/l.php?u=https%3A%2F%2Fwww.bd-pratidin.com%2Fopen-air-theater%2F2022%2F05%2F14%2F768906%3Ffbclid%3DIwAR04d5iMIeugoIl0VGwdG58yy2kYTFnEQ0Fp4uYtwjO8BM6BzmIcTJmJ2rk&h=AT1Z2JUqXGxd945M4hMZl4hONTmxLXPkPhvFhwFW8JBxoBNa5GxKtp_k278CZ3cQNg2m3dFZFLIMkj7p2bwYZPR9mS-PWP4DY8umkfrcvj7qDS2VY_UBOUaipsKZEFQ_d47s&__tn__=H-R&c[0]=AT2ZXZupMAvjpCUs7vb4r0VVwD7eV6f2Xr5rvF6FGxE6bfTBFa-hiW5l7NtPOpZ4jIe53n39DO8tFLvFtmE7RQhiqaF_MTqRbeM68SgCTN5lhYQdjOQ28J3al8CSoVgI2auuQtefysZS0XbPKMLK1rjVYQ', 'https://l.facebook.com/l.php?u=https%3A%2F%2Fwww.bd-pratidin.com%2Fopen-air-theater%2F2022%2F05%2F14%2F768906%3Ffbclid%3DIwAR0zxBTJ2wwG4PmgEMZIfzmfc_-nmhGuiWaiIJiOwE4cChzMabfU_Ao8TR0&h=AT1Z2JUqXGxd945M4hMZl4hONTmxLXPkPhvFhwFW8JBxoBNa5GxKtp_k278CZ3cQNg2m3dFZFLIMkj7p2bwYZPR9mS-PWP4DY8umkfrcvj7qDS2VY_UBOUaipsKZEFQ_d47s&__tn__=%2CmH-R&c[0]=AT2ZXZupMAvjpCUs7vb4r0VVwD7eV6f2Xr5rvF6FGxE6bfTBFa-hiW5l7NtPOpZ4jIe53n39DO8tFLvFtmE7RQhiqaF_MTqRbeM68SgCTN5lhYQdjOQ28J3al8CSoVgI2auuQtefysZS0XbPKMLK1rjVYQ']"
"""I take full responsibility for everything that took place on my watch""","['https://www.facebook.com/skynews?__cft__[0]=AZX9ehCTNdW5s8h3ruZ0-hRbgYJqtGz_x1gYLuQVFvekqCEfuknU11ccbYW6fk8ZL-TgNys7WTtRMpd73aL0xd9YRoF6ph1QgWCaqvuKiayWYbN-U5WCtIUyj-bVa0z3pjQ6hOVk0fV3tsVYy7lcY4z9&__tn__=%3C%2CP-R', '/stories/101347338703271/UzpfSVNDOjcxMTEzNDU0MDAzMjI5OQ==/?view_single=true&__cft__[0]=AZX9ehCTNdW5s8h3ruZ0-hRbgYJqtGz_x1gYLuQVFvekqCEfuknU11ccbYW6fk8ZL-TgNys7WTtRMpd73aL0xd9YRoF6ph1QgWCaqvuKiayWYbN-U5WCtIUyj-bVa0z3pjQ6hOVk0fV3tsVYy7lcY4z9&__tn__=%3C%3C%2CP-R', 'https://www.facebook.com/skynews?__cft__[0]=AZX9ehCTNdW5s8h3ruZ0-hRbgYJqtGz_x1gYLuQVFvekqCEfuknU11ccbYW6fk8ZL-TgNys7WTtRMpd73aL0xd9YRoF6ph1QgWCaqvuKiayWYbN-U5WCtIUyj-bVa0z3pjQ6hOVk0fV3tsVYy7lcY4z9&__tn__=-UC%2CP-R', 'https://www.facebook.com/skynews/posts/383389833832352?__cft__[0]=AZX9ehCTNdW5s8h3ruZ0-hRbgYJqtGz_x1gYLuQVFvekqCEfuknU11ccbYW6fk8ZL-TgNys7WTtRMpd73aL0xd9YRoF6ph1QgWCaqvuKiayWYbN-U5WCtIUyj-bVa0z3pjQ6hOVk0fV3tsVYy7lcY4z9&__tn__=%2CO%2CP-R', 'https://l.facebook.com/l.php?u=https%3A%2F%2Ftrib.al%2Ffe6re60%3Ffbclid%3DIwAR27DtgOwR6snDYEbuXeqyCon38gVjZ_9qtTwqjhyhx3t3kR4EnEL0o50j4&h=AT06acIyelWywasAlhkaRgbZGYE5Kge4wfnXX_gd0u8-sbsD4EfPopaFeGJOtlXY01opWMLUQZcrRomRYr1cNry7SYu1C9kiYghUarAJHKjtRlk3pLhd2a90Z0KE7-CAFcjU&__tn__=-UK-R&c[0]=AT1cc_rUDn4UUsr9yriBTVOlEXZp8pMzVxOVVYH3ikV3ZksF4zhkdPxhAP2kAxjjM5HnN-T0PDuHpZ8sdouWF2b8Eq1bHr7J9-tppYQXQaRZFr7P51W9QSgfKAqPryW8pqYBGsCeBjfoc3iq-xiyw7xRYQLXOwegXkPxUw', 'https://www.facebook.com/skynews/videos/726144935193963/?__cft__[0]=AZX9ehCTNdW5s8h3ruZ0-hRbgYJqtGz_x1gYLuQVFvekqCEfuknU11ccbYW6fk8ZL-TgNys7WTtRMpd73aL0xd9YRoF6ph1QgWCaqvuKiayWYbN-U5WCtIUyj-bVa0z3pjQ6hOVk0fV3tsVYy7lcY4z9&__tn__=%2B%3FFH-R']"
নতুন সরকারকে ক্ষমতাচ্যুত করে নতুন নির্বাচনের তারিখ ঘোষণা না হওয়া পর্যন্ত সমর্থকদের রাজধানীতে মিছিল করে সেখানে থাকার আহ্বান জানিয়েছেন ইমরান খান,"['https://www.facebook.com/DhakaTribune/?__cft__[0]=AZWb7tm0w2sbuSZaQ06c4UwMmpgcRN_3pWlB055FUj6nksSC8-Eo7xjUAXC0xl9Z3SrYXioBA7pq2yCpYKNTVuFp8e7T81l3djBQYFUqR3rG2qRW8L9LimGxDTL3L9k4okk&__tn__=%3C%2CP-R', '/stories/1697811756982893/UzpfSVNDOjMyODg4NzM5NjAzMzQxNA==/?view_single=true&__cft__[0]=AZWb7tm0w2sbuSZaQ06c4UwMmpgcRN_3pWlB055FUj6nksSC8-Eo7xjUAXC0xl9Z3SrYXioBA7pq2yCpYKNTVuFp8e7T81l3djBQYFUqR3rG2qRW8L9LimGxDTL3L9k4okk&__tn__=%3C%3C%2CP-R', 'https://www.facebook.com/DhakaTribune/?__cft__[0]=AZWb7tm0w2sbuSZaQ06c4UwMmpgcRN_3pWlB055FUj6nksSC8-Eo7xjUAXC0xl9Z3SrYXioBA7pq2yCpYKNTVuFp8e7T81l3djBQYFUqR3rG2qRW8L9LimGxDTL3L9k4okk&__tn__=-UC%2CP-R', 'https://www.facebook.com/DhakaTribune/posts/7407767569298497?__cft__[0]=AZWb7tm0w2sbuSZaQ06c4UwMmpgcRN_3pWlB055FUj6nksSC8-Eo7xjUAXC0xl9Z3SrYXioBA7pq2yCpYKNTVuFp8e7T81l3djBQYFUqR3rG2qRW8L9LimGxDTL3L9k4okk&__tn__=%2CO%2CP-R', 'https://l.facebook.com/l.php?u=https%3A%2F%2Fwww.dhakatribune.com%2Fsouth-asia%2F2022%2F05%2F25%2Fpakistan-capital-blockaded-ahead-of-opposition-protest%3Ffbclid%3DIwAR0m5QvJpfbMr6FVVtHuu1KGM1uGG6aA6SKhOshMz0y4mUwAuN2jU6a525Y&h=AT312QP5HzMLkZ89u11_5bji_0tyBfxCFBvUniUVseUY4U1ZwM1-eBLqmnNo4iqnkS_Z4ZT8ip7AZoV0jyzHCIHsoMeG3Nyi-NuhhfCbVfo6RZy-q2MoaQhMLal-9q1Gy7SS&__tn__=H-R&c[0]=AT08mfbX6f9ewL1_DvddvnTQ0_Cp230KAml1ctzBW8pyTR88sf10Iz60p2lin1YXpTZWFIfXiMnxFZ2jblmTzKy5cX8Rr7qcuR9xTswCeo_LzBsIVarU1tpTueCWtABJr_xBaQ_oM_Ndk_eFAneLx_XTfw', 'https://l.facebook.com/l.php?u=https%3A%2F%2Fwww.dhakatribune.com%2Fsouth-asia%2F2022%2F05%2F25%2Fpakistan-capital-blockaded-ahead-of-opposition-protest%3Ffbclid%3DIwAR3xGopCYZJVtAVbAp1sBHti4E9lslrZaxmeJ1Mmhh4bEsSHPUbiYFMkTN4&h=AT312QP5HzMLkZ89u11_5bji_0tyBfxCFBvUniUVseUY4U1ZwM1-eBLqmnNo4iqnkS_Z4ZT8ip7AZoV0jyzHCIHsoMeG3Nyi-NuhhfCbVfo6RZy-q2MoaQhMLal-9q1Gy7SS&__tn__=%2CmH-R&c[0]=AT08mfbX6f9ewL1_DvddvnTQ0_Cp230KAml1ctzBW8pyTR88sf10Iz60p2lin1YXpTZWFIfXiMnxFZ2jblmTzKy5cX8Rr7qcuR9xTswCeo_LzBsIVarU1tpTueCWtABJr_xBaQ_oM_Ndk_eFAneLx_XTfw']"
"বাংলাদেশ পুলিশের পদমর্যাদাভিত্তিক সকল পুলিশ সদস্যদের প্রশিক্ষণ কর্মসূচি (১১ তম ব্যাচ) এর  কোর্স উদ্বোধনী অনুষ্ঠানে প্রধান অতিথি হিসেবে  বক্তব্য রাখেন অত্র একাডেমির প্রিন্সিপ্যাল জনাব আবু হাসান মুহম্মদ তারিক (অ্যাডিশনাল আইজিপি), বিপিএম-সেবা মহোদয় সহ অন্যান্য প্রশিক্ষকগণ।","['https://www.facebook.com/bpa.police?__cft__[0]=AZWgsdBO2_YGI23GmKK5wenp-hfVzZOVVvaZszIrk5z5nLse84Slb5ZMq5gXuL_vO6FgKypytxcbe9tfake_vbZ18umbjyB068iU1mCuXbHKAy2QgSYRV7dMsWJNwJLVOhI&__tn__=%3C%2CP-R', 'https://www.facebook.com/bpa.police?__cft__[0]=AZWgsdBO2_YGI23GmKK5wenp-hfVzZOVVvaZszIrk5z5nLse84Slb5ZMq5gXuL_vO6FgKypytxcbe9tfake_vbZ18umbjyB068iU1mCuXbHKAy2QgSYRV7dMsWJNwJLVOhI&__tn__=%3C%3C%2CP-R', 'https://www.facebook.com/bpa.police?__cft__[0]=AZWgsdBO2_YGI23GmKK5wenp-hfVzZOVVvaZszIrk5z5nLse84Slb5ZMq5gXuL_vO6FgKypytxcbe9tfake_vbZ18umbjyB068iU1mCuXbHKAy2QgSYRV7dMsWJNwJLVOhI&__tn__=-UC%2CP-R', 'https://www.facebook.com/bpa.police/posts/373535148133770?__cft__[0]=AZWgsdBO2_YGI23GmKK5wenp-hfVzZOVVvaZszIrk5z5nLse84Slb5ZMq5gXuL_vO6FgKypytxcbe9tfake_vbZ18umbjyB068iU1mCuXbHKAy2QgSYRV7dMsWJNwJLVOhI&__tn__=%2CO%2CP-R', 'https://www.facebook.com/photo/?fbid=373533768133908&set=pcb.373535148133770&__cft__[0]=AZWgsdBO2_YGI23GmKK5wenp-hfVzZOVVvaZszIrk5z5nLse84Slb5ZMq5gXuL_vO6FgKypytxcbe9tfake_vbZ18umbjyB068iU1mCuXbHKAy2QgSYRV7dMsWJNwJLVOhI&__tn__=*bH-R', 'https://www.facebook.com/photo/?fbid=373534761467142&set=pcb.373535148133770&__cft__[0]=AZWgsdBO2_YGI23GmKK5wenp-hfVzZOVVvaZszIrk5z5nLse84Slb5ZMq5gXuL_vO6FgKypytxcbe9tfake_vbZ18umbjyB068iU1mCuXbHKAy2QgSYRV7dMsWJNwJLVOhI&__tn__=*bH-R', 'https://www.facebook.com/photo/?fbid=373534634800488&set=pcb.373535148133770&__cft__[0]=AZWgsdBO2_YGI23GmKK5wenp-hfVzZOVVvaZszIrk5z5nLse84Slb5ZMq5gXuL_vO6FgKypytxcbe9tfake_vbZ18umbjyB068iU1mCuXbHKAy2QgSYRV7dMsWJNwJLVOhI&__tn__=*bH-R', 'https://www.facebook.com/photo/?fbid=373534904800461&set=pcb.373535148133770&__cft__[0]=AZWgsdBO2_YGI23GmKK5wenp-hfVzZOVVvaZszIrk5z5nLse84Slb5ZMq5gXuL_vO6FgKypytxcbe9tfake_vbZ18umbjyB068iU1mCuXbHKAy2QgSYRV7dMsWJNwJLVOhI&__tn__=*bH-R', 'https://www.facebook.com/photo/?fbid=373534858133799&set=pcb.373535148133770&__cft__[0]=AZWgsdBO2_YGI23GmKK5wenp-hfVzZOVVvaZszIrk5z5nLse84Slb5ZMq5gXuL_vO6FgKypytxcbe9tfake_vbZ18umbjyB068iU1mCuXbHKAy2QgSYRV7dMsWJNwJLVOhI&__tn__=*bH-R']"
ইসলামাবাদে ইমরান খানের পরিকল্পিত সমাবেশ নিষিদ্ধ করা হয়েছে পিটিআই পার্টির সমর্থকদের উপর ক্র্যাকডাউনের সময় পুলিশ সদস্য গুলিবিদ্ধ হওয়ার পর।,"['https://www.facebook.com/aljazeera/?__cft__[0]=AZWvEHqEC5QgrkOPWbjBTTPh7tK0Yd2j3wmAdDZKCGMjsIBM-zG68VGoB6WMWXh6IkhuIYSShEzcwhAoIwvXS3zVYJlGFpC8_xpujAjeyKIKcHgfIPWlajoWLV1D9dmvYmM&__tn__=%3C%2CP-R', '/stories/1586043014823268/UzpfSVNDOjEwNzUyMDI0OTMzNDIwODk=/?view_single=true&__cft__[0]=AZWvEHqEC5QgrkOPWbjBTTPh7tK0Yd2j3wmAdDZKCGMjsIBM-zG68VGoB6WMWXh6IkhuIYSShEzcwhAoIwvXS3zVYJlGFpC8_xpujAjeyKIKcHgfIPWlajoWLV1D9dmvYmM&__tn__=%3C%3C%2CP-R', 'https://www.facebook.com/aljazeera/?__cft__[0]=AZWvEHqEC5QgrkOPWbjBTTPh7tK0Yd2j3wmAdDZKCGMjsIBM-zG68VGoB6WMWXh6IkhuIYSShEzcwhAoIwvXS3zVYJlGFpC8_xpujAjeyKIKcHgfIPWlajoWLV1D9dmvYmM&__tn__=-UC%2CP-R', 'https://www.facebook.com/aljazeera/posts/10160798323818690?__cft__[0]=AZWvEHqEC5QgrkOPWbjBTTPh7tK0Yd2j3wmAdDZKCGMjsIBM-zG68VGoB6WMWXh6IkhuIYSShEzcwhAoIwvXS3zVYJlGFpC8_xpujAjeyKIKcHgfIPWlajoWLV1D9dmvYmM&__tn__=%2CO%2CP-R', 'https://l.facebook.com/l.php?u=https%3A%2F%2Fwww.aljazeera.com%2Fnews%2F2022%2F5%2F25%2Fpakistan-bans-ex-pm-khans-capital-march-after-policeman-killed%3Futm_campaign%3DtrueAnthem%253A%2520Trending%2520Content%26utm_medium%3DtrueAnthem%26utm_source%3Dfacebook%26fbclid%3DIwAR0z7vQM3otTSmWtcHUFfR1pHpeEJNyjRZXHRTKt_UfnJEunIfPCcHgSo2E&h=AT233WPHsYEGPpNVlyIK4jgBWOL9QcVQ3T8Pw6_ekUcuws9zVFCX9feH5QXvlsJ8p-5zuzpob9MZ6XDt5DIkDYR95JZOaYHFkIhX1r3ze_M7gr9_NIJDYeaVLImk2zyTtSIt&__tn__=H-R&c[0]=AT2zfbFW3M9Y1ZWsYtDNj53nK-RDhbN_Hw0kxNDLudgElfVqvDMzCPs9pVuwWP-YWmZvceOtgVF2V4lhkMNx8_kBA48N3ZxuYdX3Nl3i3j6zpxF0DfH9fMFp54pnb3HR6zeKm5FdFmE3HGny-nDgjijHkQ', 'https://l.facebook.com/l.php?u=https%3A%2F%2Fwww.aljazeera.com%2Fnews%2F2022%2F5%2F25%2Fpakistan-bans-ex-pm-khans-capital-march-after-policeman-killed%3Futm_campaign%3DtrueAnthem%253A%2520Trending%2520Content%26utm_medium%3DtrueAnthem%26utm_source%3Dfacebook%26fbclid%3DIwAR3zwPqNvrlYrn0IOd2N7Gvj5chfcDnRA50Q6C99JI0KKNb0utnMgIrqhPg&h=AT233WPHsYEGPpNVlyIK4jgBWOL9QcVQ3T8Pw6_ekUcuws9zVFCX9feH5QXvlsJ8p-5zuzpob9MZ6XDt5DIkDYR95JZOaYHFkIhX1r3ze_M7gr9_NIJDYeaVLImk2zyTtSIt&__tn__=%2CmH-R&c[0]=AT2zfbFW3M9Y1ZWsYtDNj53nK-RDhbN_Hw0kxNDLudgElfVqvDMzCPs9pVuwWP-YWmZvceOtgVF2V4lhkMNx8_kBA48N3ZxuYdX3Nl3i3j6zpxF0DfH9fMFp54pnb3HR6zeKm5FdFmE3HGny-nDgjijHkQ']"
Joyful News:Hon'ble Prime Minister is handing over the promotion/Rank batch with his own hands. This is a different kind of joy and happy and proud news for the people of the whole Shailabashi i.e. Jhenaidah district and Khulna division. BMP Commissioner Md. Shahabuddin Khan has been promoted to the post of Additional Inspector General of Police AIGP (Grade-II) of Bangladesh Police Department. Former student of Mymensingh Agricultural University. The Man of Shailkupar's mast… See more,"['https://www.facebook.com/unitechgroupbd/?__cft__[0]=AZWT8Znd4o3-1Yz3JboK6j_1nML17_wRWIyxdjlsbsnUphyUUmWuOnnMKqPWfI14IDD7KHjwZI3JhUfuwzZFZjWtCafeRwDNeQUPZBSRHn9_RUkScqMx3G1XXhjfmmbxzt4&__tn__=%3C%2CP-R', 'https://www.facebook.com/unitechgroupbd/?__cft__[0]=AZWT8Znd4o3-1Yz3JboK6j_1nML17_wRWIyxdjlsbsnUphyUUmWuOnnMKqPWfI14IDD7KHjwZI3JhUfuwzZFZjWtCafeRwDNeQUPZBSRHn9_RUkScqMx3G1XXhjfmmbxzt4&__tn__=%3C%3C%2CP-R', 'https://www.facebook.com/unitechgroupbd/?__cft__[0]=AZWT8Znd4o3-1Yz3JboK6j_1nML17_wRWIyxdjlsbsnUphyUUmWuOnnMKqPWfI14IDD7KHjwZI3JhUfuwzZFZjWtCafeRwDNeQUPZBSRHn9_RUkScqMx3G1XXhjfmmbxzt4&__tn__=-UC%2CP-R', 'https://www.facebook.com/unitechgroupbd/posts/5452872968080511?__cft__[0]=AZWT8Znd4o3-1Yz3JboK6j_1nML17_wRWIyxdjlsbsnUphyUUmWuOnnMKqPWfI14IDD7KHjwZI3JhUfuwzZFZjWtCafeRwDNeQUPZBSRHn9_RUkScqMx3G1XXhjfmmbxzt4&__tn__=%2CO%2CP-R', 'https://www.facebook.com/unitechgroupbd/photos/a.724372127597309/5452860978081710/?__cft__[0]=AZWT8Znd4o3-1Yz3JboK6j_1nML17_wRWIyxdjlsbsnUphyUUmWuOnnMKqPWfI14IDD7KHjwZI3JhUfuwzZFZjWtCafeRwDNeQUPZBSRHn9_RUkScqMx3G1XXhjfmmbxzt4&__tn__=EH-R']"
"A 32-year-old man living in Bhiwadi town of Alwar has accused his wife of domestic violence and has approached the court for his security. Following his request, a court in Bhiwadi has ordered the police to look into his allegations and provide him adequate security. ","['https://www.facebook.com/Timesnow/?__cft__[0]=AZVbO50lh9gajC2mSS_FewHbjPy3RhBH3Cir6-ML6GYk0VGf8DjNJ9RvpDjjUofy-Y1KijQuZ9fszHfB2Fdlt2Iy9NK9f-mKJBF0FMzb2xr-fAaEnYTmAJ0Wct48MYuxxwQXAQM8RuhhLfzi_DUfTJBf&__tn__=%3C%2CP-R', '/stories/1816004585117816/UzpfSVNDOjcwMjUyMzM3MTAyMzU4NQ==/?view_single=true&__cft__[0]=AZVbO50lh9gajC2mSS_FewHbjPy3RhBH3Cir6-ML6GYk0VGf8DjNJ9RvpDjjUofy-Y1KijQuZ9fszHfB2Fdlt2Iy9NK9f-mKJBF0FMzb2xr-fAaEnYTmAJ0Wct48MYuxxwQXAQM8RuhhLfzi_DUfTJBf&__tn__=%3C%3C%2CP-R', 'https://www.facebook.com/Timesnow/?__cft__[0]=AZVbO50lh9gajC2mSS_FewHbjPy3RhBH3Cir6-ML6GYk0VGf8DjNJ9RvpDjjUofy-Y1KijQuZ9fszHfB2Fdlt2Iy9NK9f-mKJBF0FMzb2xr-fAaEnYTmAJ0Wct48MYuxxwQXAQM8RuhhLfzi_DUfTJBf&__tn__=-UC%2CP-R', 'https://www.facebook.com/Timesnow/posts/10167041493870311?__cft__[0]=AZVbO50lh9gajC2mSS_FewHbjPy3RhBH3Cir6-ML6GYk0VGf8DjNJ9RvpDjjUofy-Y1KijQuZ9fszHfB2Fdlt2Iy9NK9f-mKJBF0FMzb2xr-fAaEnYTmAJ0Wct48MYuxxwQXAQM8RuhhLfzi_DUfTJBf&__tn__=%2CO%2CP-R', 'https://www.facebook.com/Timesnow/videos/398578528858828/?__cft__[0]=AZVbO50lh9gajC2mSS_FewHbjPy3RhBH3Cir6-ML6GYk0VGf8DjNJ9RvpDjjUofy-Y1KijQuZ9fszHfB2Fdlt2Iy9NK9f-mKJBF0FMzb2xr-fAaEnYTmAJ0Wct48MYuxxwQXAQM8RuhhLfzi_DUfTJBf&__tn__=%2B%3FFH-R']"
Dr. Benazir Ahmed: Prometheus of Policing,"['https://www.facebook.com/BangladeshPoliceOfficialPage?__cft__[0]=AZXtV41okDWU_zdQJbz1Ev5pBlX13gTbs6My0GydkaFZrA2rsVCJQ1N9ifvYsEvX1qn3S110Cb6w1TvVLBHswWgO0vNv6NfqllRdkDVP642a9J7-jl5IZur20VTvoawU08k&__tn__=%3C%2CP-R', 'https://www.facebook.com/BangladeshPoliceOfficialPage?__cft__[0]=AZXtV41okDWU_zdQJbz1Ev5pBlX13gTbs6My0GydkaFZrA2rsVCJQ1N9ifvYsEvX1qn3S110Cb6w1TvVLBHswWgO0vNv6NfqllRdkDVP642a9J7-jl5IZur20VTvoawU08k&__tn__=%3C%3C%2CP-R', 'https://www.facebook.com/BangladeshPoliceOfficialPage?__cft__[0]=AZXtV41okDWU_zdQJbz1Ev5pBlX13gTbs6My0GydkaFZrA2rsVCJQ1N9ifvYsEvX1qn3S110Cb6w1TvVLBHswWgO0vNv6NfqllRdkDVP642a9J7-jl5IZur20VTvoawU08k&__tn__=-UC%2CP-R', 'https://www.facebook.com/BangladeshPoliceOfficialPage/posts/373535598146260?__cft__[0]=AZXtV41okDWU_zdQJbz1Ev5pBlX13gTbs6My0GydkaFZrA2rsVCJQ1N9ifvYsEvX1qn3S110Cb6w1TvVLBHswWgO0vNv6NfqllRdkDVP642a9J7-jl5IZur20VTvoawU08k&__tn__=%2CO%2CP-R', 'https://l.facebook.com/l.php?u=http%3A%2F%2Fwww.edailysun.com%2Fhome%2Fdisplaypage%2Fnews_2022-05-10_7_16_b%3Ffbclid%3DIwAR31JCgaYJQirg7s8Gkz1aL_j9F9PWRRdo8lvegri9u7ZUH9btMpi1lrWcM&h=AT2mOu5LadL5qwYhex48Ag4q1INkoqVDG6FBAsQ9XzPhdTd9ST-zr6xzEndUiamdmD8aVbGZa8PAwkSX59JrE0s6kePdptEDy4rm4gv76mXaCTjnAfFez6Kw3hZ5auUP5_CI&__tn__=-UK-R&c[0]=AT3QjRk9WanJLca_xnZTKT5WXQJc3mTIyH9aWGIrLR3v0Ke3SEuS29lLEfOs6im_PDYsv4_Dk3DtdyultYGT_-vP0ap6P9cze7N95MlxLt1MNJCIEo3p4yupjMaVITqo_FPLCWoqM9Bf4QrE3lf7puZ_TQ', 'https://www.facebook.com/photo/?fbid=373535578146262&set=a.342637837902703&__cft__[0]=AZXtV41okDWU_zdQJbz1Ev5pBlX13gTbs6My0GydkaFZrA2rsVCJQ1N9ifvYsEvX1qn3S110Cb6w1TvVLBHswWgO0vNv6NfqllRdkDVP642a9J7-jl5IZur20VTvoawU08k&__tn__=EH-R']"
#চেলমসফোর্ড থেকে হারিয়ে যাওয়া লিলি ডোহার্টিকে খুঁজে পেতে আমরা তথ্যের জন্য আবেদন করছি।,"['https://www.facebook.com/EssexPoliceUK?__cft__[0]=AZUySZhZy-zVMQy64D1HpkWz0gmeax8V1PYGYejxpJ8wQJmWF6Cp5xZnyR3pa00gW1jy9HylPXF9dXsEsm7zhLUdmWp527TDTW86vNtyqHCvJmalTN17GYUtCUWfEyobeyg&__tn__=%3C%2CP-R', 'https://www.facebook.com/EssexPoliceUK?__cft__[0]=AZUySZhZy-zVMQy64D1HpkWz0gmeax8V1PYGYejxpJ8wQJmWF6Cp5xZnyR3pa00gW1jy9HylPXF9dXsEsm7zhLUdmWp527TDTW86vNtyqHCvJmalTN17GYUtCUWfEyobeyg&__tn__=%3C%3C%2CP-R', 'https://www.facebook.com/EssexPoliceUK?__cft__[0]=AZUySZhZy-zVMQy64D1HpkWz0gmeax8V1PYGYejxpJ8wQJmWF6Cp5xZnyR3pa00gW1jy9HylPXF9dXsEsm7zhLUdmWp527TDTW86vNtyqHCvJmalTN17GYUtCUWfEyobeyg&__tn__=-UC%2CP-R', 'https://www.facebook.com/EssexPoliceUK/posts/340159001583145?__cft__[0]=AZUySZhZy-zVMQy64D1HpkWz0gmeax8V1PYGYejxpJ8wQJmWF6Cp5xZnyR3pa00gW1jy9HylPXF9dXsEsm7zhLUdmWp527TDTW86vNtyqHCvJmalTN17GYUtCUWfEyobeyg&__tn__=%2CO%2CP-R', 'https://www.facebook.com/hashtag/%E0%A6%9A%E0%A7%87%E0%A6%B2%E0%A6%AE%E0%A6%B8%E0%A6%AB%E0%A7%8B%E0%A6%B0%E0%A7%8D%E0%A6%A1?__eep__=6&__cft__[0]=AZUySZhZy-zVMQy64D1HpkWz0gmeax8V1PYGYejxpJ8wQJmWF6Cp5xZnyR3pa00gW1jy9HylPXF9dXsEsm7zhLUdmWp527TDTW86vNtyqHCvJmalTN17GYUtCUWfEyobeyg&__tn__=*NK-R', 'https://www.facebook.com/photo/?fbid=340158884916490&set=a.297660649166314&__cft__[0]=AZUySZhZy-zVMQy64D1HpkWz0gmeax8V1PYGYejxpJ8wQJmWF6Cp5xZnyR3pa00gW1jy9HylPXF9dXsEsm7zhLUdmWp527TDTW86vNtyqHCvJmalTN17GYUtCUWfEyobeyg&__tn__=EH-R']"
"জিনজিয়াং আটককৃতদের ২,৮০০ এরও বেশি পুলিশের ছবি অন্তর্ভুক্ত অপ্রাপ্তবয়স্ক যারা একটি অবৈধ বক্তৃতা শোনার জন্য আটক হয়েছিল","['https://www.facebook.com/DhakaTribune/?__cft__[0]=AZXlih0W39PbEH43eM_QTe76bxUSa67xZCL4ODT2h9QObY7HwBkZVU5mC_WChr4qmbRSOL6f8X6ijsV14bRv0bvDHXkrkl5qqFd0dvNprgp7v9UgflKqrDzO8KA65cgAihQ&__tn__=%3C%2CP-R', '/stories/1697811756982893/UzpfSVNDOjMyODg4NzM5NjAzMzQxNA==/?view_single=true&__cft__[0]=AZXlih0W39PbEH43eM_QTe76bxUSa67xZCL4ODT2h9QObY7HwBkZVU5mC_WChr4qmbRSOL6f8X6ijsV14bRv0bvDHXkrkl5qqFd0dvNprgp7v9UgflKqrDzO8KA65cgAihQ&__tn__=%3C%3C%2CP-R', 'https://www.facebook.com/DhakaTribune/?__cft__[0]=AZXlih0W39PbEH43eM_QTe76bxUSa67xZCL4ODT2h9QObY7HwBkZVU5mC_WChr4qmbRSOL6f8X6ijsV14bRv0bvDHXkrkl5qqFd0dvNprgp7v9UgflKqrDzO8KA65cgAihQ&__tn__=-UC%2CP-R', 'https://www.facebook.com/DhakaTribune/posts/7407637499311504?__cft__[0]=AZXlih0W39PbEH43eM_QTe76bxUSa67xZCL4ODT2h9QObY7HwBkZVU5mC_WChr4qmbRSOL6f8X6ijsV14bRv0bvDHXkrkl5qqFd0dvNprgp7v9UgflKqrDzO8KA65cgAihQ&__tn__=%2CO%2CP-R', 'https://l.facebook.com/l.php?u=https%3A%2F%2Fwww.dhakatribune.com%2Fasia%2F2022%2F05%2F25%2Fxinjiang-leak-sheds-new-light-on-chinas-re-education-camps%3Ffbclid%3DIwAR31JCgaYJQirg7s8Gkz1aL_j9F9PWRRdo8lvegri9u7ZUH9btMpi1lrWcM&h=AT0n7JJN74waIpwbkmOjy1SFPizrff3CTiI0J4dHJoGysBgQOLjrdeZXL-zjbFAZ0urTkHc5AqaWsBUZsUFH89fCHlFSX1wuregN-iDMPV7fTbQGKSKcroAfSxYs4d1CRaUh&__tn__=H-R&c[0]=AT1TnARXteQe1stccHpIkcTrYQxavE0wXyxbG_8kVYdpYeq5YdTAjndFKs-QT1sOstbnsqNuRQlaJR-pLhOKKu0pYHN4FelImCmAkcS9gTdOA5JmccBue7qYCfrHHw7glzX2v62Zlm4uxEaO7dHmmfT2AQ', 'https://l.facebook.com/l.php?u=https%3A%2F%2Fwww.dhakatribune.com%2Fasia%2F2022%2F05%2F25%2Fxinjiang-leak-sheds-new-light-on-chinas-re-education-camps%3Ffbclid%3DIwAR2BP6jwm-XR39a2ntyHYYE1GITrp4YPkYCshgcpenno4zdrnfDQn_AUgt0&h=AT0n7JJN74waIpwbkmOjy1SFPizrff3CTiI0J4dHJoGysBgQOLjrdeZXL-zjbFAZ0urTkHc5AqaWsBUZsUFH89fCHlFSX1wuregN-iDMPV7fTbQGKSKcroAfSxYs4d1CRaUh&__tn__=%2CmH-R&c[0]=AT1TnARXteQe1stccHpIkcTrYQxavE0wXyxbG_8kVYdpYeq5YdTAjndFKs-QT1sOstbnsqNuRQlaJR-pLhOKKu0pYHN4FelImCmAkcS9gTdOA5JmccBue7qYCfrHHw7glzX2v62Zlm4uxEaO7dHmmfT2AQ']"
"On Tuesday 24 May 2022, the #Hawks members from Durban and Gauteng Serious Organised Crime Investigation working together with Explosives Unit seized 30 000 mandrax tablets as well as firearms.","['https://www.facebook.com/SAPoliceService?__cft__[0]=AZU_PjpnmQ9E4o4OJquiQRVa3qA2YJo_QKIo2B-gJ2pYs4yDo3Vv3qpXExuxjTLcM0EOdO8JnHtro9KDITKUhf4d_AjeAAFi8fUTZBxWGCwNxUrqE7vUoeTJZgSthSVxrGI&__tn__=%3C%2CP-R', 'https://www.facebook.com/SAPoliceService?__cft__[0]=AZU_PjpnmQ9E4o4OJquiQRVa3qA2YJo_QKIo2B-gJ2pYs4yDo3Vv3qpXExuxjTLcM0EOdO8JnHtro9KDITKUhf4d_AjeAAFi8fUTZBxWGCwNxUrqE7vUoeTJZgSthSVxrGI&__tn__=%3C%3C%2CP-R', 'https://www.facebook.com/SAPoliceService?__cft__[0]=AZU_PjpnmQ9E4o4OJquiQRVa3qA2YJo_QKIo2B-gJ2pYs4yDo3Vv3qpXExuxjTLcM0EOdO8JnHtro9KDITKUhf4d_AjeAAFi8fUTZBxWGCwNxUrqE7vUoeTJZgSthSVxrGI&__tn__=-UC%2CP-R', 'https://www.facebook.com/SAPoliceService/posts/382140370604276?__cft__[0]=AZU_PjpnmQ9E4o4OJquiQRVa3qA2YJo_QKIo2B-gJ2pYs4yDo3Vv3qpXExuxjTLcM0EOdO8JnHtro9KDITKUhf4d_AjeAAFi8fUTZBxWGCwNxUrqE7vUoeTJZgSthSVxrGI&__tn__=%2CO%2CP-R', 'https://www.facebook.com/hashtag/hawks?__eep__=6&__cft__[0]=AZU_PjpnmQ9E4o4OJquiQRVa3qA2YJo_QKIo2B-gJ2pYs4yDo3Vv3qpXExuxjTLcM0EOdO8JnHtro9KDITKUhf4d_AjeAAFi8fUTZBxWGCwNxUrqE7vUoeTJZgSthSVxrGI&__tn__=*NK-R', 'https://www.facebook.com/photo/?fbid=382140330604280&set=pcb.382140370604276&__cft__[0]=AZU_PjpnmQ9E4o4OJquiQRVa3qA2YJo_QKIo2B-gJ2pYs4yDo3Vv3qpXExuxjTLcM0EOdO8JnHtro9KDITKUhf4d_AjeAAFi8fUTZBxWGCwNxUrqE7vUoeTJZgSthSVxrGI&__tn__=*bH-R', 'https://www.facebook.com/photo/?fbid=382140323937614&set=pcb.382140370604276&__cft__[0]=AZU_PjpnmQ9E4o4OJquiQRVa3qA2YJo_QKIo2B-gJ2pYs4yDo3Vv3qpXExuxjTLcM0EOdO8JnHtro9KDITKUhf4d_AjeAAFi8fUTZBxWGCwNxUrqE7vUoeTJZgSthSVxrGI&__tn__=*bH-R', 'https://www.facebook.com/photo/?fbid=382140327270947&set=pcb.382140370604276&__cft__[0]=AZU_PjpnmQ9E4o4OJquiQRVa3qA2YJo_QKIo2B-gJ2pYs4yDo3Vv3qpXExuxjTLcM0EOdO8JnHtro9KDITKUhf4d_AjeAAFi8fUTZBxWGCwNxUrqE7vUoeTJZgSthSVxrGI&__tn__=*bH-R']"
"লাহোরে পিটিআই নেতা ইয়াসমিন রশিদের গাড়ি আটকানোর ফুটেজ সামাজিক যোগাযোগ মাধ্যমে ফুটেজে ফুটে উঠেছে, যেহেতু পিটিআই এর আজাদী মার্চের দিনে উত্তেজনা বেড়েছে।","['https://www.facebook.com/dawndotcom/?__cft__[0]=AZWyzVX8sSUoM2YuZ8n-2wcnXG5RzQiSM936JV_TxnK2-aUQuHWErH2cuhkmH2Ct7L5_qiuhCjI1I6SUNK-rYTi_FhwmoZPboHux62CCs_o2_UdgOh-koLuTcEcZ3QcAezxKz4DTj90nfQEeRmJ4oT38&__tn__=%3C%2CP-R', '/stories/1757162617680156/UzpfSVNDOjMwNjUyMjIzMzcxMjE5Mjg=/?view_single=true&__cft__[0]=AZWyzVX8sSUoM2YuZ8n-2wcnXG5RzQiSM936JV_TxnK2-aUQuHWErH2cuhkmH2Ct7L5_qiuhCjI1I6SUNK-rYTi_FhwmoZPboHux62CCs_o2_UdgOh-koLuTcEcZ3QcAezxKz4DTj90nfQEeRmJ4oT38&__tn__=%3C%3C%2CP-R', 'https://www.facebook.com/dawndotcom/?__cft__[0]=AZWyzVX8sSUoM2YuZ8n-2wcnXG5RzQiSM936JV_TxnK2-aUQuHWErH2cuhkmH2Ct7L5_qiuhCjI1I6SUNK-rYTi_FhwmoZPboHux62CCs_o2_UdgOh-koLuTcEcZ3QcAezxKz4DTj90nfQEeRmJ4oT38&__tn__=-UC%2CP-R', 'https://www.facebook.com/dawndotcom/posts/10166628010845442?__cft__[0]=AZWyzVX8sSUoM2YuZ8n-2wcnXG5RzQiSM936JV_TxnK2-aUQuHWErH2cuhkmH2Ct7L5_qiuhCjI1I6SUNK-rYTi_FhwmoZPboHux62CCs_o2_UdgOh-koLuTcEcZ3QcAezxKz4DTj90nfQEeRmJ4oT38&__tn__=%2CO%2CP-R', 'https://www.facebook.com/hashtag/dawntoday?__eep__=6&__cft__[0]=AZWyzVX8sSUoM2YuZ8n-2wcnXG5RzQiSM936JV_TxnK2-aUQuHWErH2cuhkmH2Ct7L5_qiuhCjI1I6SUNK-rYTi_FhwmoZPboHux62CCs_o2_UdgOh-koLuTcEcZ3QcAezxKz4DTj90nfQEeRmJ4oT38&__tn__=*NK-R', 'https://www.facebook.com/dawndotcom/videos/307465501574280/?__cft__[0]=AZWyzVX8sSUoM2YuZ8n-2wcnXG5RzQiSM936JV_TxnK2-aUQuHWErH2cuhkmH2Ct7L5_qiuhCjI1I6SUNK-rYTi_FhwmoZPboHux62CCs_o2_UdgOh-koLuTcEcZ3QcAezxKz4DTj90nfQEeRmJ4oT38&__tn__=%2B%3FFH-R']"
"Footage showing police stopping PTI leader Yasmin Rashid's vehicle in Lahore has emerged on social media, as tensions rise on the day of PTI’s Azadi March.","['https://www.facebook.com/mangobaaz/?__cft__[0]=AZUpf0trBKsIlAKU1xlBoy564NkG7taOkGVQDn6Rg3vsiqdvUsu1sVLz3vex3VyImzjMZTeKsBvhhmBcCM16qdJDy1F3gJlAj9EfoImXh1f2UHgU_6Kznv3rm2r_ZoTBBvEp0_81O_ttDo4RyKwCJDDV&__tn__=%3C%2CP-R', 'https://www.facebook.com/mangobaaz/?__cft__[0]=AZUpf0trBKsIlAKU1xlBoy564NkG7taOkGVQDn6Rg3vsiqdvUsu1sVLz3vex3VyImzjMZTeKsBvhhmBcCM16qdJDy1F3gJlAj9EfoImXh1f2UHgU_6Kznv3rm2r_ZoTBBvEp0_81O_ttDo4RyKwCJDDV&__tn__=%3C%3C%2CP-R', 'https://www.facebook.com/mangobaaz/?__cft__[0]=AZUpf0trBKsIlAKU1xlBoy564NkG7taOkGVQDn6Rg3vsiqdvUsu1sVLz3vex3VyImzjMZTeKsBvhhmBcCM16qdJDy1F3gJlAj9EfoImXh1f2UHgU_6Kznv3rm2r_ZoTBBvEp0_81O_ttDo4RyKwCJDDV&__tn__=-UC%2CP-R', 'https://www.facebook.com/mangobaaz/posts/2400052536823770?__cft__[0]=AZUpf0trBKsIlAKU1xlBoy564NkG7taOkGVQDn6Rg3vsiqdvUsu1sVLz3vex3VyImzjMZTeKsBvhhmBcCM16qdJDy1F3gJlAj9EfoImXh1f2UHgU_6Kznv3rm2r_ZoTBBvEp0_81O_ttDo4RyKwCJDDV&__tn__=%2CO%2CP-R', 'https://www.facebook.com/mangobaaz/videos/5128277043907770/?__cft__[0]=AZUpf0trBKsIlAKU1xlBoy564NkG7taOkGVQDn6Rg3vsiqdvUsu1sVLz3vex3VyImzjMZTeKsBvhhmBcCM16qdJDy1F3gJlAj9EfoImXh1f2UHgU_6Kznv3rm2r_ZoTBBvEp0_81O_ttDo4RyKwCJDDV&__tn__=%2B%3FFH-R']"
পুলিশ বলছে রিও ডি জেনেইরো ফাভেলা কমিউনিটিতে ভোরবেলা অভিযান যা মাদক পাচারকারী দলের নেতাদের ধরতে।,"['https://www.facebook.com/aljazeera/?__cft__[0]=AZWmlJhiNhY5_syW2oUt3FB6CFEwnNDi32_75CZjafVFeADz6O3aNUpATqUezDGSIZ4G21qEctC0ZhBCLHSfAT8cUlTyskqn9FmcLiuJg3lFKqBMc5IlU2URenTs5cGcnnM&__tn__=%3C%2CP-R', '/stories/1586043014823268/UzpfSVNDOjEwNzUyMDI0OTMzNDIwODk=/?view_single=true&__cft__[0]=AZWmlJhiNhY5_syW2oUt3FB6CFEwnNDi32_75CZjafVFeADz6O3aNUpATqUezDGSIZ4G21qEctC0ZhBCLHSfAT8cUlTyskqn9FmcLiuJg3lFKqBMc5IlU2URenTs5cGcnnM&__tn__=%3C%3C%2CP-R', 'https://www.facebook.com/aljazeera/?__cft__[0]=AZWmlJhiNhY5_syW2oUt3FB6CFEwnNDi32_75CZjafVFeADz6O3aNUpATqUezDGSIZ4G21qEctC0ZhBCLHSfAT8cUlTyskqn9FmcLiuJg3lFKqBMc5IlU2URenTs5cGcnnM&__tn__=-UC%2CP-R', 'https://www.facebook.com/aljazeera/posts/10160798246588690?__cft__[0]=AZWmlJhiNhY5_syW2oUt3FB6CFEwnNDi32_75CZjafVFeADz6O3aNUpATqUezDGSIZ4G21qEctC0ZhBCLHSfAT8cUlTyskqn9FmcLiuJg3lFKqBMc5IlU2URenTs5cGcnnM&__tn__=%2CO%2CP-R', 'https://l.facebook.com/l.php?u=https%3A%2F%2Fwww.aljazeera.com%2Fnews%2F2022%2F5%2F24%2Fat-least-11-dead-in-brazilian-police-raid-in-favela-authorities%3Futm_campaign%3DtrueAnthem%253A%2520Trending%2520Content%26utm_medium%3DtrueAnthem%26utm_source%3Dfacebook%26fbclid%3DIwAR37qEJzMMv_cfWC0KN2pi2o5k_37-j_PE8cukCnBC2t94eCKunxQ9Tet9I&h=AT3j9Hsvq7zifkaUi6DXG9Qb66VzxKm4HxcN12dyIUuQtOAcMELMYn_KJYFG02BmdZXGie16PdE9Wjpnr0yMP-iPVtejNou20do0b_kK9zvD5RvDyVS8YwsF3ZSFeKAZsT12&__tn__=H-R&c[0]=AT1y3lthaSYHyKS23HHC-NjX6g8ILIeLSC5rcz3Iwk9kdoZiw5LDOWiq7lVdEjPE_EY7HCLswkDuJyg1yZAH4F2_5HIYlsN8IgR95UtCFEuPPKssxLvugsNbzhjanaXUAFbuM5vcKJZUeQoq_5D9cMsU5g', 'https://l.facebook.com/l.php?u=https%3A%2F%2Fwww.aljazeera.com%2Fnews%2F2022%2F5%2F24%2Fat-least-11-dead-in-brazilian-police-raid-in-favela-authorities%3Futm_campaign%3DtrueAnthem%253A%2520Trending%2520Content%26utm_medium%3DtrueAnthem%26utm_source%3Dfacebook%26fbclid%3DIwAR3Fg7azb5Fab3m3jMGc2v_TOZRBI2SmmWFE1_ot2zVh1Jx78pF4ebKbYg8&h=AT3j9Hsvq7zifkaUi6DXG9Qb66VzxKm4HxcN12dyIUuQtOAcMELMYn_KJYFG02BmdZXGie16PdE9Wjpnr0yMP-iPVtejNou20do0b_kK9zvD5RvDyVS8YwsF3ZSFeKAZsT12&__tn__=%2CmH-R&c[0]=AT1y3lthaSYHyKS23HHC-NjX6g8ILIeLSC5rcz3Iwk9kdoZiw5LDOWiq7lVdEjPE_EY7HCLswkDuJyg1yZAH4F2_5HIYlsN8IgR95UtCFEuPPKssxLvugsNbzhjanaXUAFbuM5vcKJZUeQoq_5D9cMsU5g']"
𝗜 𝗪𝗮𝗻𝘁 𝘁𝗼 𝗕𝗲 𝗣𝗼𝗹𝗶𝗰𝗲! 𝗘𝗽𝗶𝘀𝗼𝗱𝗲 𝟭 – 𝗫𝘂𝗮𝗻 𝗟𝗶𝗻 𝗴𝗼𝗲𝘀 𝘁𝗼 𝗧𝗿𝗮𝗖𝗼𝗺,"['https://www.facebook.com/singaporepoliceforce?__cft__[0]=AZU6rUse8uU6KIXezvyn3sxqJeM5pa6QRpojMe5m507Z0T85RjqyAFQmYPQSq3A4uYr5TG2PPrRoisdHL-HFji9PKbGAnSV1WavoN8hAF8s24P7Zav1G2mvMf3xDuBN_u_cvXzgkaOgSI0CHasekBKbM&__tn__=%3C%2CP-R', '/stories/102939035208132/UzpfSVNDOjMyNDA0MzAyNzk1NjQ1NTQ=/?view_single=true&__cft__[0]=AZU6rUse8uU6KIXezvyn3sxqJeM5pa6QRpojMe5m507Z0T85RjqyAFQmYPQSq3A4uYr5TG2PPrRoisdHL-HFji9PKbGAnSV1WavoN8hAF8s24P7Zav1G2mvMf3xDuBN_u_cvXzgkaOgSI0CHasekBKbM&__tn__=%3C%3C%2CP-R', 'https://www.facebook.com/singaporepoliceforce?__cft__[0]=AZU6rUse8uU6KIXezvyn3sxqJeM5pa6QRpojMe5m507Z0T85RjqyAFQmYPQSq3A4uYr5TG2PPrRoisdHL-HFji9PKbGAnSV1WavoN8hAF8s24P7Zav1G2mvMf3xDuBN_u_cvXzgkaOgSI0CHasekBKbM&__tn__=-]C%2CP-R', 'https://www.facebook.com/singaporepoliceforce/videos/1415102395656255/?__cft__[0]=AZU6rUse8uU6KIXezvyn3sxqJeM5pa6QRpojMe5m507Z0T85RjqyAFQmYPQSq3A4uYr5TG2PPrRoisdHL-HFji9PKbGAnSV1WavoN8hAF8s24P7Zav1G2mvMf3xDuBN_u_cvXzgkaOgSI0CHasekBKbM&__tn__=%2CO%2CP-R', 'https://www.facebook.com/hashtag/iwanttobepolice?__eep__=6&__cft__[0]=AZU6rUse8uU6KIXezvyn3sxqJeM5pa6QRpojMe5m507Z0T85RjqyAFQmYPQSq3A4uYr5TG2PPrRoisdHL-HFji9PKbGAnSV1WavoN8hAF8s24P7Zav1G2mvMf3xDuBN_u_cvXzgkaOgSI0CHasekBKbM&__tn__=*NK-R', 'https://www.facebook.com/hashtag/safeguardingeveryday?__eep__=6&__cft__[0]=AZU6rUse8uU6KIXezvyn3sxqJeM5pa6QRpojMe5m507Z0T85RjqyAFQmYPQSq3A4uYr5TG2PPrRoisdHL-HFji9PKbGAnSV1WavoN8hAF8s24P7Zav1G2mvMf3xDuBN_u_cvXzgkaOgSI0CHasekBKbM&__tn__=*NK-R', 'https://www.facebook.com/singaporepoliceforce/videos/1415102395656255/?__cft__[0]=AZU6rUse8uU6KIXezvyn3sxqJeM5pa6QRpojMe5m507Z0T85RjqyAFQmYPQSq3A4uYr5TG2PPrRoisdHL-HFji9PKbGAnSV1WavoN8hAF8s24P7Zav1G2mvMf3xDuBN_u_cvXzgkaOgSI0CHasekBKbM&__tn__=%2B%3FFH-R']"
"পুলিশ বলছে, তাকে আইনি ব্যবস্থা নিতে হবে","['https://www.facebook.com/DhakaTribune/?__cft__[0]=AZVqASJoSFA-gMNaL8qmS5tcKa1XjFdyG4obeWfTRszIeQ9z-OEG_2ED94YR-_U6rCzUTmJrSwH5VbFROHkS0e3NxEiQSAKPQ8tEpZ815Jc1paqnaZHzItmYYRtq23pxoBs&__tn__=%3C%2CP-R', '/stories/1697811756982893/UzpfSVNDOjMyODg4NzM5NjAzMzQxNA==/?view_single=true&__cft__[0]=AZVqASJoSFA-gMNaL8qmS5tcKa1XjFdyG4obeWfTRszIeQ9z-OEG_2ED94YR-_U6rCzUTmJrSwH5VbFROHkS0e3NxEiQSAKPQ8tEpZ815Jc1paqnaZHzItmYYRtq23pxoBs&__tn__=%3C%3C%2CP-R', 'https://www.facebook.com/DhakaTribune/?__cft__[0]=AZVqASJoSFA-gMNaL8qmS5tcKa1XjFdyG4obeWfTRszIeQ9z-OEG_2ED94YR-_U6rCzUTmJrSwH5VbFROHkS0e3NxEiQSAKPQ8tEpZ815Jc1paqnaZHzItmYYRtq23pxoBs&__tn__=-UC%2CP-R', 'https://www.facebook.com/DhakaTribune/posts/7407762045965716?__cft__[0]=AZVqASJoSFA-gMNaL8qmS5tcKa1XjFdyG4obeWfTRszIeQ9z-OEG_2ED94YR-_U6rCzUTmJrSwH5VbFROHkS0e3NxEiQSAKPQ8tEpZ815Jc1paqnaZHzItmYYRtq23pxoBs&__tn__=%2CO%2CP-R', 'https://l.facebook.com/l.php?u=https%3A%2F%2Fwww.dhakatribune.com%2Fnation%2F2022%2F05%2F25%2Fpolice-constable-suspended-for-raping-girl-in-feni%3Ffbclid%3DIwAR3FQsWirdbHMXt29d-sA5JqLtJw7Z4G2LAy9S_fGtq9MoEDgnGN9nZ5TrQ&h=AT0b3G492qrYj3hmUlPNwL5RcSXgt-lxCalIFGr2DKfWtUvDUNwci-fDAjIL1qOKs7BuZFcSu8TFPbY-mN6WHTDcCPBqJV95LlLwSezEZet2pwSw1ZPahJmstqCMUVoDUYzC&__tn__=H-R&c[0]=AT2nxTRGeuQFqMDYa2UGJ31qWVLoBfYjbdz2ZfNpEon67M80UKuhyMlJUp8_3Jmk2KthmCAxzkHaWPpLC3zz8eW0gAc3fr7EcRALwg4V5Gxs-Ov30jQG_B3GPkKhIN-WPBjzn9cvx972-Oruzf5JNTjTyQ', 'https://l.facebook.com/l.php?u=https%3A%2F%2Fwww.dhakatribune.com%2Fnation%2F2022%2F05%2F25%2Fpolice-constable-suspended-for-raping-girl-in-feni%3Ffbclid%3DIwAR1e4IS3JBbxf0vHFAakJMjmwFgE2JjlSZrq2byPbrWMa24fNrxSHi6Jbo8&h=AT0b3G492qrYj3hmUlPNwL5RcSXgt-lxCalIFGr2DKfWtUvDUNwci-fDAjIL1qOKs7BuZFcSu8TFPbY-mN6WHTDcCPBqJV95LlLwSezEZet2pwSw1ZPahJmstqCMUVoDUYzC&__tn__=%2CmH-R&c[0]=AT2nxTRGeuQFqMDYa2UGJ31qWVLoBfYjbdz2ZfNpEon67M80UKuhyMlJUp8_3Jmk2KthmCAxzkHaWPpLC3zz8eW0gAc3fr7EcRALwg4V5Gxs-Ov30jQG_B3GPkKhIN-WPBjzn9cvx972-Oruzf5JNTjTyQ']"
আপনি কি একটি 'পিপ এবং 'প্রাই' ঘটনার তদন্তের জন্য পুলিশকে সাহায্য করতে পারবেন?,"['https://www.facebook.com/nswpoliceforce?__cft__[0]=AZWk5WU6NG-lw-tiJRvNDK0TRH-iGfcujlfKdlYhwuQdGA5Kvwv24fj3DICRlQU9Il8YtlSKaGEdxtffh-3J2HCf_fJZdDyTo3Xj0FYeulUpRqrK1onk99HpPs8XgCQlbK0&__tn__=%3C%2CP-R', 'https://www.facebook.com/nswpoliceforce?__cft__[0]=AZWk5WU6NG-lw-tiJRvNDK0TRH-iGfcujlfKdlYhwuQdGA5Kvwv24fj3DICRlQU9Il8YtlSKaGEdxtffh-3J2HCf_fJZdDyTo3Xj0FYeulUpRqrK1onk99HpPs8XgCQlbK0&__tn__=%3C%3C%2CP-R', 'https://www.facebook.com/nswpoliceforce?__cft__[0]=AZWk5WU6NG-lw-tiJRvNDK0TRH-iGfcujlfKdlYhwuQdGA5Kvwv24fj3DICRlQU9Il8YtlSKaGEdxtffh-3J2HCf_fJZdDyTo3Xj0FYeulUpRqrK1onk99HpPs8XgCQlbK0&__tn__=-UC%2CP-R', 'https://www.facebook.com/nswpoliceforce/posts/386404240198668?__cft__[0]=AZWk5WU6NG-lw-tiJRvNDK0TRH-iGfcujlfKdlYhwuQdGA5Kvwv24fj3DICRlQU9Il8YtlSKaGEdxtffh-3J2HCf_fJZdDyTo3Xj0FYeulUpRqrK1onk99HpPs8XgCQlbK0&__tn__=%2CO%2CP-R', 'https://www.facebook.com/photo/?fbid=386403886865370&set=pcb.386404240198668&__cft__[0]=AZWk5WU6NG-lw-tiJRvNDK0TRH-iGfcujlfKdlYhwuQdGA5Kvwv24fj3DICRlQU9Il8YtlSKaGEdxtffh-3J2HCf_fJZdDyTo3Xj0FYeulUpRqrK1onk99HpPs8XgCQlbK0&__tn__=*bH-R', 'https://www.facebook.com/photo/?fbid=386403883532037&set=pcb.386404240198668&__cft__[0]=AZWk5WU6NG-lw-tiJRvNDK0TRH-iGfcujlfKdlYhwuQdGA5Kvwv24fj3DICRlQU9Il8YtlSKaGEdxtffh-3J2HCf_fJZdDyTo3Xj0FYeulUpRqrK1onk99HpPs8XgCQlbK0&__tn__=*bH-R', 'https://www.facebook.com/photo/?fbid=386403916865367&set=pcb.386404240198668&__cft__[0]=AZWk5WU6NG-lw-tiJRvNDK0TRH-iGfcujlfKdlYhwuQdGA5Kvwv24fj3DICRlQU9Il8YtlSKaGEdxtffh-3J2HCf_fJZdDyTo3Xj0FYeulUpRqrK1onk99HpPs8XgCQlbK0&__tn__=*bH-R']"
"China's COVID-hit capital Beijing further tightened its dragnet on the virus with zero community transmission the target, punishing workplaces that flout rules or circumvent curbs and imploring residents to police their own movements https://reut.rs/3wGj23G","['https://www.facebook.com/Reuters?__cft__[0]=AZWHcni93MSHXhxLbXau-b3H0934WI0p4u1zsvXKBlT1FperxXAfW0R0o6CUmGEqMCOp93c31RQyzlBo18KXARmEUILbv99cORLjTKl3baHkO1xySArmvKNfM4945nwSuog&__tn__=%3C%2CP-R', '/stories/103424214981653/UzpfSVNDOjQwMTc5NjAzNTE1NTEzMg==/?view_single=true&__cft__[0]=AZWHcni93MSHXhxLbXau-b3H0934WI0p4u1zsvXKBlT1FperxXAfW0R0o6CUmGEqMCOp93c31RQyzlBo18KXARmEUILbv99cORLjTKl3baHkO1xySArmvKNfM4945nwSuog&__tn__=%3C%3C%2CP-R', 'https://www.facebook.com/Reuters?__cft__[0]=AZWHcni93MSHXhxLbXau-b3H0934WI0p4u1zsvXKBlT1FperxXAfW0R0o6CUmGEqMCOp93c31RQyzlBo18KXARmEUILbv99cORLjTKl3baHkO1xySArmvKNfM4945nwSuog&__tn__=-UC%2CP-R', 'https://www.facebook.com/Reuters/posts/424734792850592?__cft__[0]=AZWHcni93MSHXhxLbXau-b3H0934WI0p4u1zsvXKBlT1FperxXAfW0R0o6CUmGEqMCOp93c31RQyzlBo18KXARmEUILbv99cORLjTKl3baHkO1xySArmvKNfM4945nwSuog&__tn__=%2CO%2CP-R', 'https://l.facebook.com/l.php?u=https%3A%2F%2Freut.rs%2F3wGj23G%3Ffbclid%3DIwAR2N0CRhzGA7PPbkFp_Um2NIZ8ZseC41lkS_e1-QrART6wYuHwSAz6T8N6A&h=AT3JPm6wyshaMVOdPMw7RBUpKuhVCdJBBByEQq6dL1sXFrR4CoIm14ouy1vnT9iHQYlNxPsS9zFbE2_qJR8YhAnXMFMEruegmP2VpgyjClMm-ms4tqUrfCkg5K3fJiptG6lt&__tn__=-UK-R&c[0]=AT1hGWam_ik5SaCbZibMr-WFgiQrCr9M_IBLx40Sw50mpaK1iExtzykzfO5hnJKqf7EwKph0nu0dCiVjGyIu8jlMZmxMyyr50dfMqCC8VcV6_QI5M3GkLklRf2mxZ5s6NooOoJv7tbAFbaGc88FoBKpbSw', 'https://www.facebook.com/photo/?fbid=424734776183927&set=a.389433423047396&__cft__[0]=AZWHcni93MSHXhxLbXau-b3H0934WI0p4u1zsvXKBlT1FperxXAfW0R0o6CUmGEqMCOp93c31RQyzlBo18KXARmEUILbv99cORLjTKl3baHkO1xySArmvKNfM4945nwSuog&__tn__=EH-R']"
মিডিয়ার বিবৃতি,"['https://www.facebook.com/JohannesburgMetropolitanPoliceDepartment2001?__cft__[0]=AZU0TI5ib6Bj5xGmWCP3OYp8Ti0kMg16tTwHK9qe3MQlD6ETggm92fh0tWV4g6R5T9E1i55976020rCkU0wrWptxdrCfyTl5gPooDCjkEKu5OxpTz1YLpUX-3BRdnLTdo7g&__tn__=%3C%2CP-R', 'https://www.facebook.com/JohannesburgMetropolitanPoliceDepartment2001?__cft__[0]=AZU0TI5ib6Bj5xGmWCP3OYp8Ti0kMg16tTwHK9qe3MQlD6ETggm92fh0tWV4g6R5T9E1i55976020rCkU0wrWptxdrCfyTl5gPooDCjkEKu5OxpTz1YLpUX-3BRdnLTdo7g&__tn__=%3C%3C%2CP-R', 'https://www.facebook.com/JohannesburgMetropolitanPoliceDepartment2001?__cft__[0]=AZU0TI5ib6Bj5xGmWCP3OYp8Ti0kMg16tTwHK9qe3MQlD6ETggm92fh0tWV4g6R5T9E1i55976020rCkU0wrWptxdrCfyTl5gPooDCjkEKu5OxpTz1YLpUX-3BRdnLTdo7g&__tn__=-UC%2CP-R', 'https://www.facebook.com/JohannesburgMetropolitanPoliceDepartment2001/posts/383586273797805?__cft__[0]=AZU0TI5ib6Bj5xGmWCP3OYp8Ti0kMg16tTwHK9qe3MQlD6ETggm92fh0tWV4g6R5T9E1i55976020rCkU0wrWptxdrCfyTl5gPooDCjkEKu5OxpTz1YLpUX-3BRdnLTdo7g&__tn__=%2CO%2CP-R', 'https://www.facebook.com/photo/?fbid=383586127131153&set=pcb.383586273797805&__cft__[0]=AZU0TI5ib6Bj5xGmWCP3OYp8Ti0kMg16tTwHK9qe3MQlD6ETggm92fh0tWV4g6R5T9E1i55976020rCkU0wrWptxdrCfyTl5gPooDCjkEKu5OxpTz1YLpUX-3BRdnLTdo7g&__tn__=*bH-R', 'https://www.facebook.com/photo/?fbid=383586167131149&set=pcb.383586273797805&__cft__[0]=AZU0TI5ib6Bj5xGmWCP3OYp8Ti0kMg16tTwHK9qe3MQlD6ETggm92fh0tWV4g6R5T9E1i55976020rCkU0wrWptxdrCfyTl5gPooDCjkEKu5OxpTz1YLpUX-3BRdnLTdo7g&__tn__=*bH-R', 'https://www.facebook.com/photo/?fbid=383586213797811&set=pcb.383586273797805&__cft__[0]=AZU0TI5ib6Bj5xGmWCP3OYp8Ti0kMg16tTwHK9qe3MQlD6ETggm92fh0tWV4g6R5T9E1i55976020rCkU0wrWptxdrCfyTl5gPooDCjkEKu5OxpTz1YLpUX-3BRdnLTdo7g&__tn__=*bH-R', 'https://www.facebook.com/photo/?fbid=383586247131141&set=pcb.383586273797805&__cft__[0]=AZU0TI5ib6Bj5xGmWCP3OYp8Ti0kMg16tTwHK9qe3MQlD6ETggm92fh0tWV4g6R5T9E1i55976020rCkU0wrWptxdrCfyTl5gPooDCjkEKu5OxpTz1YLpUX-3BRdnLTdo7g&__tn__=*bH-R']"
মৃত্যুর কারণ বের করতে পুলিশ তদন্ত শুরু করেছে,"['https://www.facebook.com/DhakaTribune/?__cft__[0]=AZUijZNUOtWBaU1u6DXNb3oOo58Hdzi6zJWJbjp9Bp0z0eokEWDf4qWmYVQXftdJe-2WqEgVF7bE5SYeGhPVrF_QTgO-KPJhrjpD1Jj3kosQnriCwfKx-Kygx5BKKRwK7jg&__tn__=%3C%2CP-R', '/stories/1697811756982893/UzpfSVNDOjMyODg4NzM5NjAzMzQxNA==/?view_single=true&__cft__[0]=AZUijZNUOtWBaU1u6DXNb3oOo58Hdzi6zJWJbjp9Bp0z0eokEWDf4qWmYVQXftdJe-2WqEgVF7bE5SYeGhPVrF_QTgO-KPJhrjpD1Jj3kosQnriCwfKx-Kygx5BKKRwK7jg&__tn__=%3C%3C%2CP-R', 'https://www.facebook.com/DhakaTribune/?__cft__[0]=AZUijZNUOtWBaU1u6DXNb3oOo58Hdzi6zJWJbjp9Bp0z0eokEWDf4qWmYVQXftdJe-2WqEgVF7bE5SYeGhPVrF_QTgO-KPJhrjpD1Jj3kosQnriCwfKx-Kygx5BKKRwK7jg&__tn__=-UC%2CP-R', 'https://www.facebook.com/DhakaTribune/posts/7407541829321071?__cft__[0]=AZUijZNUOtWBaU1u6DXNb3oOo58Hdzi6zJWJbjp9Bp0z0eokEWDf4qWmYVQXftdJe-2WqEgVF7bE5SYeGhPVrF_QTgO-KPJhrjpD1Jj3kosQnriCwfKx-Kygx5BKKRwK7jg&__tn__=%2CO%2CP-R', 'https://l.facebook.com/l.php?u=https%3A%2F%2Fwww.dhakatribune.com%2Fnation%2F2022%2F05%2F25%2Fsylhet-college-student-found-dead-in-dorm-room%3Ffbclid%3DIwAR2oot-O7kX_QNuZzHsLCX1C5AZaAMCCREYirfJW0Drpjzc5boybMeNDOjE&h=AT1Ymo0a0yhZCn0S5p8smNPyroYzAPgtgGQfBJsECCoLvDznHbf2frTZaQ3vjO8xRcHbywpcD8RQet3XiAE7NDZvFbwIYDk0Ykd5KhbY_BzMPB3erIKAraxlb-vEpkg-l3Iy&__tn__=H-R&c[0]=AT32niiAqXn-E9e50J1wOiTrZvHc1zs1had5XkV7yHrC5vgSrdNmkrgnp9Qxfes8p-jzMOLj2F3jeTo5BU9_0ke_gEEfg00dyMDniz8kUb1-V99wYSHvorfYJXqejCwe5Rkszlot3WmTLzJREtZTjA2TYQ', 'https://l.facebook.com/l.php?u=https%3A%2F%2Fwww.dhakatribune.com%2Fnation%2F2022%2F05%2F25%2Fsylhet-college-student-found-dead-in-dorm-room%3Ffbclid%3DIwAR2oot-O7kX_QNuZzHsLCX1C5AZaAMCCREYirfJW0Drpjzc5boybMeNDOjE&h=AT1Ymo0a0yhZCn0S5p8smNPyroYzAPgtgGQfBJsECCoLvDznHbf2frTZaQ3vjO8xRcHbywpcD8RQet3XiAE7NDZvFbwIYDk0Ykd5KhbY_BzMPB3erIKAraxlb-vEpkg-l3Iy&__tn__=%2CmH-R&c[0]=AT32niiAqXn-E9e50J1wOiTrZvHc1zs1had5XkV7yHrC5vgSrdNmkrgnp9Qxfes8p-jzMOLj2F3jeTo5BU9_0ke_gEEfg00dyMDniz8kUb1-V99wYSHvorfYJXqejCwe5Rkszlot3WmTLzJREtZTjA2TYQ']"
"নর্থ ওয়েস্ট প্রদেশের পুলিশ উচ্চ সতর্কতা অবলম্বন করে থাকে একটি ঘটনার পর যেখানে ডঃ রুথ সেগোমোতসি মমপাতি জেলার ভ্রাইবার্গের বাইরে মোরোকওয়েং গ্রামের কিছু সদস্য, একাউন্টের ভেতরে তিনজন লোক সহ একটি বাড়ি নির্ধারণ করে বলে অভিযোগ মঙ্গলবার বিকেলে মাদকদ্রব্যের লেনদেন ব্যবহৃত, ২৪ মে 2022।","['https://www.facebook.com/SAPoliceService?__cft__[0]=AZWVJkxXu1DFzgN_7lbAgp-gvOQwcbKK80N2RAs6TMQ4qAwnsdIQgWLXM28awHj5N6PAbpqoriz_Pyj5WCm7Ixbbt2wVmRBVaee5nCIPA2M1mSToyVV2S3ClAiuMdIoaeys&__tn__=%3C%2CP-R', 'https://www.facebook.com/SAPoliceService?__cft__[0]=AZWVJkxXu1DFzgN_7lbAgp-gvOQwcbKK80N2RAs6TMQ4qAwnsdIQgWLXM28awHj5N6PAbpqoriz_Pyj5WCm7Ixbbt2wVmRBVaee5nCIPA2M1mSToyVV2S3ClAiuMdIoaeys&__tn__=%3C%3C%2CP-R', 'https://www.facebook.com/SAPoliceService?__cft__[0]=AZWVJkxXu1DFzgN_7lbAgp-gvOQwcbKK80N2RAs6TMQ4qAwnsdIQgWLXM28awHj5N6PAbpqoriz_Pyj5WCm7Ixbbt2wVmRBVaee5nCIPA2M1mSToyVV2S3ClAiuMdIoaeys&__tn__=-UC%2CP-R', 'https://www.facebook.com/SAPoliceService/posts/382083960609917?__cft__[0]=AZWVJkxXu1DFzgN_7lbAgp-gvOQwcbKK80N2RAs6TMQ4qAwnsdIQgWLXM28awHj5N6PAbpqoriz_Pyj5WCm7Ixbbt2wVmRBVaee5nCIPA2M1mSToyVV2S3ClAiuMdIoaeys&__tn__=%2CO%2CP-R', 'https://www.facebook.com/photo/?fbid=382083523943294&set=pcb.382083960609917&__cft__[0]=AZWVJkxXu1DFzgN_7lbAgp-gvOQwcbKK80N2RAs6TMQ4qAwnsdIQgWLXM28awHj5N6PAbpqoriz_Pyj5WCm7Ixbbt2wVmRBVaee5nCIPA2M1mSToyVV2S3ClAiuMdIoaeys&__tn__=*bH-R', 'https://www.facebook.com/photo/?fbid=382093107275669&set=pcb.382083960609917&__cft__[0]=AZWVJkxXu1DFzgN_7lbAgp-gvOQwcbKK80N2RAs6TMQ4qAwnsdIQgWLXM28awHj5N6PAbpqoriz_Pyj5WCm7Ixbbt2wVmRBVaee5nCIPA2M1mSToyVV2S3ClAiuMdIoaeys&__tn__=*bH-R']"
"REST IN PEACE  This is 10-year-old Amerie jo Garza, a 4th grader at Robb Elementary School in Uvalde, Texas who was killed in Tuesday's shooting.","['https://www.facebook.com/7NewsDC/?__cft__[0]=AZVUp2XL3QPTa-VhDm2ngEXe2bwmlpKez8trRzVfbIyUmvEqJBjFp7sbkVJC3pLTQyJMBJFksEoQ4XPSudXAnhTmb0v-VaQVeT1zpMuMO5-zZs-bK-mEDJfjKZWkgNZkUBE&__tn__=%3C%2CP-R', '/stories/1816518945082075/UzpfSVNDOjQyMjE4NTg3OTQxMTkyNg==/?view_single=true&__cft__[0]=AZVUp2XL3QPTa-VhDm2ngEXe2bwmlpKez8trRzVfbIyUmvEqJBjFp7sbkVJC3pLTQyJMBJFksEoQ4XPSudXAnhTmb0v-VaQVeT1zpMuMO5-zZs-bK-mEDJfjKZWkgNZkUBE&__tn__=%3C%3C%2CP-R', 'https://www.facebook.com/7NewsDC/?__cft__[0]=AZVUp2XL3QPTa-VhDm2ngEXe2bwmlpKez8trRzVfbIyUmvEqJBjFp7sbkVJC3pLTQyJMBJFksEoQ4XPSudXAnhTmb0v-VaQVeT1zpMuMO5-zZs-bK-mEDJfjKZWkgNZkUBE&__tn__=-UC%2CP-R', 'https://www.facebook.com/7NewsDC/posts/10160198552068734?__cft__[0]=AZVUp2XL3QPTa-VhDm2ngEXe2bwmlpKez8trRzVfbIyUmvEqJBjFp7sbkVJC3pLTQyJMBJFksEoQ4XPSudXAnhTmb0v-VaQVeT1zpMuMO5-zZs-bK-mEDJfjKZWkgNZkUBE&__tn__=%2CO%2CP-R', 'https://l.facebook.com/l.php?u=https%3A%2F%2Fwjla.com%2Fnews%2Fnation-world%2Ffourth-grade-teacher-eva-mireles-uziyah-garcia-xavier-javier-lopez-victims-names-those-murdered-school-shooting-uvalde-texas-robb-elementary-shooting-families-mourn-active-shooter-police-parents-kids-children-sandy-hook-school-district-hillcrest-memorial%3Ffbclid%3DIwAR2N0CRhzGA7PPbkFp_Um2NIZ8ZseC41lkS_e1-QrART6wYuHwSAz6T8N6A&h=AT3SWV-gQh002V4IdiAx-jMSNcxcKwlLzLpUchYM3XJWHkDo4zxvwxp-gm8vw1IxbOhoQO_zRjyYgsTUTsaRLe3mvYc6KSpFayP5RdzMrh46gO2YyHVlIgyvWk-2Z2ylyAqp&__tn__=-UK-R&c[0]=AT0zGew_XiCdQo_08t42gRL6Ouyo9TpRb80npc4GMKYuyVYYwVO1tv1d1VqQMDZuV35XgrzhsAF_NKDKpolodLbns3qxSbcqGOE_8-ca-Fuwn6gty66qmW8dPo-7mTmqbyIJj6GretWPqfJwF0kmZzSGOg', 'https://www.facebook.com/7NewsDC/photos/a.211565398733/10160198543848734/?__cft__[0]=AZVUp2XL3QPTa-VhDm2ngEXe2bwmlpKez8trRzVfbIyUmvEqJBjFp7sbkVJC3pLTQyJMBJFksEoQ4XPSudXAnhTmb0v-VaQVeT1zpMuMO5-zZs-bK-mEDJfjKZWkgNZkUBE&__tn__=EH-R']"
// অনলাইনে টিকেট কালোবাজারিদের বিরুদ্ধে অভিযোগ করুন //,"['/groups/743229232402189/user/1446760142241382/?__cft__[0]=AZWI2aTyTgOjlQ7cP_kBJCGsEJk3YKi0lbgFymj_r8lYl3CBa2jDJtEns3Bn4qqlK2Mb1n4iTuHQYkYlttituWZUqzsgZlwzAX4YaxSNCZ7UeIlhxFIOknl82B981LMXQwKC5-FSiwl2poeI12abrj1V&__tn__=%3C%2CP-R', '/groups/743229232402189/user/1446760142241382/?__cft__[0]=AZWI2aTyTgOjlQ7cP_kBJCGsEJk3YKi0lbgFymj_r8lYl3CBa2jDJtEns3Bn4qqlK2Mb1n4iTuHQYkYlttituWZUqzsgZlwzAX4YaxSNCZ7UeIlhxFIOknl82B981LMXQwKC5-FSiwl2poeI12abrj1V&__tn__=%3C%3C%2CP-R', '/groups/743229232402189/user/1446760142241382/?__cft__[0]=AZWI2aTyTgOjlQ7cP_kBJCGsEJk3YKi0lbgFymj_r8lYl3CBa2jDJtEns3Bn4qqlK2Mb1n4iTuHQYkYlttituWZUqzsgZlwzAX4YaxSNCZ7UeIlhxFIOknl82B981LMXQwKC5-FSiwl2poeI12abrj1V&__tn__=-UC%2CP-R', 'https://www.facebook.com/groups/DesperatelySeekingDhaka/?__cft__[0]=AZWI2aTyTgOjlQ7cP_kBJCGsEJk3YKi0lbgFymj_r8lYl3CBa2jDJtEns3Bn4qqlK2Mb1n4iTuHQYkYlttituWZUqzsgZlwzAX4YaxSNCZ7UeIlhxFIOknl82B981LMXQwKC5-FSiwl2poeI12abrj1V&__tn__=-UC%2CP-R', 'https://www.facebook.com/groups/DesperatelySeekingDhaka/posts/5456824854375913/?__cft__[0]=AZWI2aTyTgOjlQ7cP_kBJCGsEJk3YKi0lbgFymj_r8lYl3CBa2jDJtEns3Bn4qqlK2Mb1n4iTuHQYkYlttituWZUqzsgZlwzAX4YaxSNCZ7UeIlhxFIOknl82B981LMXQwKC5-FSiwl2poeI12abrj1V&__tn__=%2CO%2CP-R', 'https://www.facebook.com/DesperatelySeekingDhaka/photos/gm.5456824854375913/3082230088694371/?__cft__[0]=AZWI2aTyTgOjlQ7cP_kBJCGsEJk3YKi0lbgFymj_r8lYl3CBa2jDJtEns3Bn4qqlK2Mb1n4iTuHQYkYlttituWZUqzsgZlwzAX4YaxSNCZ7UeIlhxFIOknl82B981LMXQwKC5-FSiwl2poeI12abrj1V&__tn__=EH-R']"
#PoliceInterceptors | The dramatic arrest of an attempted murderer who had slashed a woman’s throat is captured on camera in a gripping episode of Police Interceptors tonight.,"['https://www.facebook.com/nottspolice?__cft__[0]=AZXziS62se4flhfVeVvEzpvp8gD8jV7CMoenDG2jUyp1oBtfvSZbR1mGtNpl64r0YmhALj3Z0zOmKlvldXee8ITrZraylrAYcZZwoIvDxYzweW3GN7eHFC8_WiGgefH6Hk8vTDWXkERUUFRpV3h94Din&__tn__=%3C%2CP-R', '/stories/106332128195237/UzpfSVNDOjM3MjY5ODQzODIyNzQ3OQ==/?view_single=true&__cft__[0]=AZXziS62se4flhfVeVvEzpvp8gD8jV7CMoenDG2jUyp1oBtfvSZbR1mGtNpl64r0YmhALj3Z0zOmKlvldXee8ITrZraylrAYcZZwoIvDxYzweW3GN7eHFC8_WiGgefH6Hk8vTDWXkERUUFRpV3h94Din&__tn__=%3C%3C%2CP-R', 'https://www.facebook.com/nottspolice?__cft__[0]=AZXziS62se4flhfVeVvEzpvp8gD8jV7CMoenDG2jUyp1oBtfvSZbR1mGtNpl64r0YmhALj3Z0zOmKlvldXee8ITrZraylrAYcZZwoIvDxYzweW3GN7eHFC8_WiGgefH6Hk8vTDWXkERUUFRpV3h94Din&__tn__=-UC%2CP-R', 'https://www.facebook.com/nottspolice/posts/375365627958551?__cft__[0]=AZXziS62se4flhfVeVvEzpvp8gD8jV7CMoenDG2jUyp1oBtfvSZbR1mGtNpl64r0YmhALj3Z0zOmKlvldXee8ITrZraylrAYcZZwoIvDxYzweW3GN7eHFC8_WiGgefH6Hk8vTDWXkERUUFRpV3h94Din&__tn__=%2CO%2CP-R', 'https://www.facebook.com/hashtag/policeinterceptors?__eep__=6&__cft__[0]=AZXziS62se4flhfVeVvEzpvp8gD8jV7CMoenDG2jUyp1oBtfvSZbR1mGtNpl64r0YmhALj3Z0zOmKlvldXee8ITrZraylrAYcZZwoIvDxYzweW3GN7eHFC8_WiGgefH6Hk8vTDWXkERUUFRpV3h94Din&__tn__=*NK-R', 'https://www.facebook.com/nottspolice/videos/679832813087208/?__cft__[0]=AZXziS62se4flhfVeVvEzpvp8gD8jV7CMoenDG2jUyp1oBtfvSZbR1mGtNpl64r0YmhALj3Z0zOmKlvldXee8ITrZraylrAYcZZwoIvDxYzweW3GN7eHFC8_WiGgefH6Hk8vTDWXkERUUFRpV3h94Din&__tn__=%2B%3FFH-R']"
মহিলা পুলিশদের ফিটনেস এবং পোশাক পরিদর্শন,"['https://www.facebook.com/SpSabbirBD/?__cft__[0]=AZWYLVSCTll-_xlDTQu1fAzOp02EjCSpSfK2Sr1gQhF4UF2sCUryQuUmUnhPFpEZ-D1aB8hFoO8HC1T4oRhhJcyCi37UNRzOvNnUmGFLNJsPxU_H-dUqoc8-3k2Aj5E4x5pce6QgnMopxQw43AaCK_xY&__tn__=%3C%2CP-R', 'https://www.facebook.com/SpSabbirBD/?__cft__[0]=AZWYLVSCTll-_xlDTQu1fAzOp02EjCSpSfK2Sr1gQhF4UF2sCUryQuUmUnhPFpEZ-D1aB8hFoO8HC1T4oRhhJcyCi37UNRzOvNnUmGFLNJsPxU_H-dUqoc8-3k2Aj5E4x5pce6QgnMopxQw43AaCK_xY&__tn__=%3C%3C%2CP-R', 'https://www.facebook.com/SpSabbirBD/?__cft__[0]=AZWYLVSCTll-_xlDTQu1fAzOp02EjCSpSfK2Sr1gQhF4UF2sCUryQuUmUnhPFpEZ-D1aB8hFoO8HC1T4oRhhJcyCi37UNRzOvNnUmGFLNJsPxU_H-dUqoc8-3k2Aj5E4x5pce6QgnMopxQw43AaCK_xY&__tn__=-UC%2CP-R', 'https://www.facebook.com/SpSabbirBD/posts/291549613186391?__cft__[0]=AZWYLVSCTll-_xlDTQu1fAzOp02EjCSpSfK2Sr1gQhF4UF2sCUryQuUmUnhPFpEZ-D1aB8hFoO8HC1T4oRhhJcyCi37UNRzOvNnUmGFLNJsPxU_H-dUqoc8-3k2Aj5E4x5pce6QgnMopxQw43AaCK_xY&__tn__=%2CO%2CP-R', 'https://www.facebook.com/BangladeshPoliceOfficialPage?__cft__[0]=AZWYLVSCTll-_xlDTQu1fAzOp02EjCSpSfK2Sr1gQhF4UF2sCUryQuUmUnhPFpEZ-D1aB8hFoO8HC1T4oRhhJcyCi37UNRzOvNnUmGFLNJsPxU_H-dUqoc8-3k2Aj5E4x5pce6QgnMopxQw43AaCK_xY&__tn__=-]K-R', 'https://www.facebook.com/SpSabbirBD/videos/1633558423710414/?__cft__[0]=AZWYLVSCTll-_xlDTQu1fAzOp02EjCSpSfK2Sr1gQhF4UF2sCUryQuUmUnhPFpEZ-D1aB8hFoO8HC1T4oRhhJcyCi37UNRzOvNnUmGFLNJsPxU_H-dUqoc8-3k2Aj5E4x5pce6QgnMopxQw43AaCK_xY&__tn__=%2B%3FFH-R']"
সাকপান!,"['https://www.facebook.com/cdndigital?__cft__[0]=AZWYpSphr555nRoK1LqliyVi6bKTa-ZDofA4asYAHyz7PrPa6Yzol6ekimiyS8asey0vwVgJa3oewK5XOwEBujnAkDytLGweeVhVj0QWdxwR5KkpTWnQNBylBjqsAuIVZAI&__tn__=%3C%2CP-R', '/stories/109316931228327/UzpfSVNDOjU2ODE0OTg3MTU0OTIzNA==/?view_single=true&__cft__[0]=AZWYpSphr555nRoK1LqliyVi6bKTa-ZDofA4asYAHyz7PrPa6Yzol6ekimiyS8asey0vwVgJa3oewK5XOwEBujnAkDytLGweeVhVj0QWdxwR5KkpTWnQNBylBjqsAuIVZAI&__tn__=%3C%3C%2CP-R', 'https://www.facebook.com/cdndigital?__cft__[0]=AZWYpSphr555nRoK1LqliyVi6bKTa-ZDofA4asYAHyz7PrPa6Yzol6ekimiyS8asey0vwVgJa3oewK5XOwEBujnAkDytLGweeVhVj0QWdxwR5KkpTWnQNBylBjqsAuIVZAI&__tn__=-UC%2CP-R', 'https://www.facebook.com/cdndigital/posts/373622404797777?__cft__[0]=AZWYpSphr555nRoK1LqliyVi6bKTa-ZDofA4asYAHyz7PrPa6Yzol6ekimiyS8asey0vwVgJa3oewK5XOwEBujnAkDytLGweeVhVj0QWdxwR5KkpTWnQNBylBjqsAuIVZAI&__tn__=%2CO%2CP-R', 'https://www.facebook.com/photo/?fbid=373622174797800&set=pcb.373622404797777&__cft__[0]=AZWYpSphr555nRoK1LqliyVi6bKTa-ZDofA4asYAHyz7PrPa6Yzol6ekimiyS8asey0vwVgJa3oewK5XOwEBujnAkDytLGweeVhVj0QWdxwR5KkpTWnQNBylBjqsAuIVZAI&__tn__=*bH-R', 'https://www.facebook.com/photo/?fbid=373621868131164&set=pcb.373622404797777&__cft__[0]=AZWYpSphr555nRoK1LqliyVi6bKTa-ZDofA4asYAHyz7PrPa6Yzol6ekimiyS8asey0vwVgJa3oewK5XOwEBujnAkDytLGweeVhVj0QWdxwR5KkpTWnQNBylBjqsAuIVZAI&__tn__=*bH-R', 'https://www.facebook.com/photo/?fbid=373621908131160&set=pcb.373622404797777&__cft__[0]=AZWYpSphr555nRoK1LqliyVi6bKTa-ZDofA4asYAHyz7PrPa6Yzol6ekimiyS8asey0vwVgJa3oewK5XOwEBujnAkDytLGweeVhVj0QWdxwR5KkpTWnQNBylBjqsAuIVZAI&__tn__=*bH-R']"
IGP visits Nkoranza and Parts of the Bono East Region Following Attacks on the Divisional and District Police Headquarters,"['https://www.facebook.com/GhPoliceService?__cft__[0]=AZWc5JsDK0mIxz1gQlZGvtd0IkrSYevA56KglfrOAnnoZbLWg3bS-FrQKffEjCDBKTjIfajOEoauVJKmP43YiCccms_xLI6sfPKOQbBX_FQ1cUjowxIk24bagW42DJimLs-Q8e-Y3nQjfdek0r7KmiCd&__tn__=%3C%2CP-R', '/stories/109151501242712/UzpfSVNDOjYwNjgyMjM2MzYyMjI5OA==/?view_single=true&__cft__[0]=AZWc5JsDK0mIxz1gQlZGvtd0IkrSYevA56KglfrOAnnoZbLWg3bS-FrQKffEjCDBKTjIfajOEoauVJKmP43YiCccms_xLI6sfPKOQbBX_FQ1cUjowxIk24bagW42DJimLs-Q8e-Y3nQjfdek0r7KmiCd&__tn__=%3C%3C%2CP-R', 'https://www.facebook.com/GhPoliceService?__cft__[0]=AZWc5JsDK0mIxz1gQlZGvtd0IkrSYevA56KglfrOAnnoZbLWg3bS-FrQKffEjCDBKTjIfajOEoauVJKmP43YiCccms_xLI6sfPKOQbBX_FQ1cUjowxIk24bagW42DJimLs-Q8e-Y3nQjfdek0r7KmiCd&__tn__=-]C%2CP-R', 'https://www.facebook.com/GhPoliceService/videos/1055452378393806/?__cft__[0]=AZWc5JsDK0mIxz1gQlZGvtd0IkrSYevA56KglfrOAnnoZbLWg3bS-FrQKffEjCDBKTjIfajOEoauVJKmP43YiCccms_xLI6sfPKOQbBX_FQ1cUjowxIk24bagW42DJimLs-Q8e-Y3nQjfdek0r7KmiCd&__tn__=%2CO%2CP-R', 'https://www.facebook.com/GhPoliceService/videos/1055452378393806/?__cft__[0]=AZWc5JsDK0mIxz1gQlZGvtd0IkrSYevA56KglfrOAnnoZbLWg3bS-FrQKffEjCDBKTjIfajOEoauVJKmP43YiCccms_xLI6sfPKOQbBX_FQ1cUjowxIk24bagW42DJimLs-Q8e-Y3nQjfdek0r7KmiCd&__tn__=%2B%3FFH-R']"
"সার্জেন্ট মাইকেল উইলেটস জিসি: ৩ পারা।আজ আমরা ১৯৭১ সালের ২৫শে মে সার্জেন্ট মাইকেল উইলেটসের প্রয়াণের স্মরণ করছি। ১৯৭১ সালের ২৫ মে সন্ধ্যা ৮.২৪ মিনিটে বেলফাস্টে স্প্রিংফিল্ড রোড থানায় সন্ত্রাসী প্রবেশ করে। তিনি একটি স্যুটকেস বহন করেছিলেন যেখান থেকে একটি ধূমপান ফিউজ সুরক্ষিত, দ্রুত মেঝেতে ফেলে এবং বাইরে পালিয়ে যায়। রুমের ভেতরে দুইজন প্রাপ্তবয়স্ক, দুইজন শিশু এবং কয়েকজন পুলিশ অফিসার ছিলেন। সার্জেন্ট মাইকেল উইলেটস, ৩য় ব্যাটালিয়ন দ্য প্যারাসুট রেজিমেন্ট, অন্দরমহলে দায়িত্বরত… See more","['https://www.facebook.com/PARA?__cft__[0]=AZUJFSQTdrNB1aNOW_kOIQcIu_c3oTvCpiCntsN3fPWY7lJEaA3vGnV6JUWGjqNaHbU6z5jpt_B-W83lkic10KZ0L7SwJTa0366Dq1vdl9aSjPGsrr10tjE7L0juM27BDeg&__tn__=%3C%2CP-R', 'https://www.facebook.com/PARA?__cft__[0]=AZUJFSQTdrNB1aNOW_kOIQcIu_c3oTvCpiCntsN3fPWY7lJEaA3vGnV6JUWGjqNaHbU6z5jpt_B-W83lkic10KZ0L7SwJTa0366Dq1vdl9aSjPGsrr10tjE7L0juM27BDeg&__tn__=%3C%3C%2CP-R', 'https://www.facebook.com/PARA?__cft__[0]=AZUJFSQTdrNB1aNOW_kOIQcIu_c3oTvCpiCntsN3fPWY7lJEaA3vGnV6JUWGjqNaHbU6z5jpt_B-W83lkic10KZ0L7SwJTa0366Dq1vdl9aSjPGsrr10tjE7L0juM27BDeg&__tn__=-UC%2CP-R', 'https://www.facebook.com/PARA/posts/374638594700411?__cft__[0]=AZUJFSQTdrNB1aNOW_kOIQcIu_c3oTvCpiCntsN3fPWY7lJEaA3vGnV6JUWGjqNaHbU6z5jpt_B-W83lkic10KZ0L7SwJTa0366Dq1vdl9aSjPGsrr10tjE7L0juM27BDeg&__tn__=%2CO%2CP-R', 'https://www.facebook.com/photo/?fbid=374638558033748&set=pcb.374638594700411&__cft__[0]=AZUJFSQTdrNB1aNOW_kOIQcIu_c3oTvCpiCntsN3fPWY7lJEaA3vGnV6JUWGjqNaHbU6z5jpt_B-W83lkic10KZ0L7SwJTa0366Dq1vdl9aSjPGsrr10tjE7L0juM27BDeg&__tn__=*bH-R', 'https://www.facebook.com/photo/?fbid=374638554700415&set=pcb.374638594700411&__cft__[0]=AZUJFSQTdrNB1aNOW_kOIQcIu_c3oTvCpiCntsN3fPWY7lJEaA3vGnV6JUWGjqNaHbU6z5jpt_B-W83lkic10KZ0L7SwJTa0366Dq1vdl9aSjPGsrr10tjE7L0juM27BDeg&__tn__=*bH-R', 'https://www.facebook.com/photo/?fbid=374638551367082&set=pcb.374638594700411&__cft__[0]=AZUJFSQTdrNB1aNOW_kOIQcIu_c3oTvCpiCntsN3fPWY7lJEaA3vGnV6JUWGjqNaHbU6z5jpt_B-W83lkic10KZ0L7SwJTa0366Dq1vdl9aSjPGsrr10tjE7L0juM27BDeg&__tn__=*bH-R']"
ব্রাজিলের পুলিশ বলেছে যে তারা রিও ডি জেনেইরো ফাভেলায় একটি অভিযানের মাধ্যমে 'অপরাধী নেতাদের' লক্ষ্যবস্তু করেছিল যা একাধিক মৃত্যুর মধ্য দিয়ে শেষ হয়েছিল,"['https://www.facebook.com/DhakaTribune/?__cft__[0]=AZVfNNfB3vT29z0QQlMyf-0RxlONG6s9urew802KYD0fQmCBscetUwwKiJ-8Ao_TeGh7s1AQxDjv-CI1OpcsDXIs37hIaLjE3NduvOsiel2cp190MCGFnkeiHpRjF63pBUE&__tn__=%3C%2CP-R', '/stories/1697811756982893/UzpfSVNDOjMyODg4NzM5NjAzMzQxNA==/?view_single=true&__cft__[0]=AZVfNNfB3vT29z0QQlMyf-0RxlONG6s9urew802KYD0fQmCBscetUwwKiJ-8Ao_TeGh7s1AQxDjv-CI1OpcsDXIs37hIaLjE3NduvOsiel2cp190MCGFnkeiHpRjF63pBUE&__tn__=%3C%3C%2CP-R', 'https://www.facebook.com/DhakaTribune/?__cft__[0]=AZVfNNfB3vT29z0QQlMyf-0RxlONG6s9urew802KYD0fQmCBscetUwwKiJ-8Ao_TeGh7s1AQxDjv-CI1OpcsDXIs37hIaLjE3NduvOsiel2cp190MCGFnkeiHpRjF63pBUE&__tn__=-UC%2CP-R', 'https://www.facebook.com/DhakaTribune/posts/7407763569298897?__cft__[0]=AZVfNNfB3vT29z0QQlMyf-0RxlONG6s9urew802KYD0fQmCBscetUwwKiJ-8Ao_TeGh7s1AQxDjv-CI1OpcsDXIs37hIaLjE3NduvOsiel2cp190MCGFnkeiHpRjF63pBUE&__tn__=%2CO%2CP-R', 'https://l.facebook.com/l.php?u=https%3A%2F%2Fwww.dhakatribune.com%2Flatin-america%2F2022%2F05%2F25%2F21-people-killed-during-police-raid-in-rio-favela%3Ffbclid%3DIwAR37qEJzMMv_cfWC0KN2pi2o5k_37-j_PE8cukCnBC2t94eCKunxQ9Tet9I&h=AT34X7mnyXvj7gyyWg1yjhZnkmySgdXUBsBNiwsjVnruLonShyANaxDR9wwYWelKLTds_dn2659wgjKzqJ3OR0btLi46A8wHJKqo3Q9k7d-1lu2g-DNycLOPct3ONB14DOjM&__tn__=H-R&c[0]=AT0qa6y6VuMFVxLY5siDa5uaAWAh2wB-98OgMZkm7BGqqN-UFNxhjPATGhWatfHLrHoYJzXcmHHkZk4hHH-x553G-4AcVzXeSHh95mSeurOdbbss_ydbLY1gqmE71Pw61UHV8on1g-c9JgE6ztVRf5GrmQ', 'https://l.facebook.com/l.php?u=https%3A%2F%2Fwww.dhakatribune.com%2Flatin-america%2F2022%2F05%2F25%2F21-people-killed-during-police-raid-in-rio-favela%3Ffbclid%3DIwAR1Mh6HOa62DERGixDbDVbF5G94Tul03CX4uQVLqITWFYPzUy96nA5hcCcY&h=AT34X7mnyXvj7gyyWg1yjhZnkmySgdXUBsBNiwsjVnruLonShyANaxDR9wwYWelKLTds_dn2659wgjKzqJ3OR0btLi46A8wHJKqo3Q9k7d-1lu2g-DNycLOPct3ONB14DOjM&__tn__=%2CmH-R&c[0]=AT0qa6y6VuMFVxLY5siDa5uaAWAh2wB-98OgMZkm7BGqqN-UFNxhjPATGhWatfHLrHoYJzXcmHHkZk4hHH-x553G-4AcVzXeSHh95mSeurOdbbss_ydbLY1gqmE71Pw61UHV8on1g-c9JgE6ztVRf5GrmQ']"
हमारा समाचार के सीनियर जर्नलिस्ट #कमल_देगड़ा पर जानलेवा हमला II ,"['https://www.facebook.com/hamarasamacharofficial?__cft__[0]=AZWghImy-MxxrJPlKgoD8zi4f3Hu5NwlnZZREtcK8kELSbul72Kg3UiagE-ebcvet9-PC3msaWxEDhr7Gk_g3M-TvyeaDPR2ZobSqwQITKllTgxjOj5jS4eQrTevv36IPMUXI_uOoiCyrYfJsrrfqi0x&__tn__=%3C%2CP-R', 'https://www.facebook.com/hamarasamacharofficial?__cft__[0]=AZWghImy-MxxrJPlKgoD8zi4f3Hu5NwlnZZREtcK8kELSbul72Kg3UiagE-ebcvet9-PC3msaWxEDhr7Gk_g3M-TvyeaDPR2ZobSqwQITKllTgxjOj5jS4eQrTevv36IPMUXI_uOoiCyrYfJsrrfqi0x&__tn__=%3C%3C%2CP-R', 'https://www.facebook.com/hamarasamacharofficial?__cft__[0]=AZWghImy-MxxrJPlKgoD8zi4f3Hu5NwlnZZREtcK8kELSbul72Kg3UiagE-ebcvet9-PC3msaWxEDhr7Gk_g3M-TvyeaDPR2ZobSqwQITKllTgxjOj5jS4eQrTevv36IPMUXI_uOoiCyrYfJsrrfqi0x&__tn__=-]C%2CP-R', 'https://www.facebook.com/hamarasamacharofficial/videos/1252885685536229/?__cft__[0]=AZWghImy-MxxrJPlKgoD8zi4f3Hu5NwlnZZREtcK8kELSbul72Kg3UiagE-ebcvet9-PC3msaWxEDhr7Gk_g3M-TvyeaDPR2ZobSqwQITKllTgxjOj5jS4eQrTevv36IPMUXI_uOoiCyrYfJsrrfqi0x&__tn__=%2CO%2CP-R', 'https://www.facebook.com/hashtag/%E0%A4%95%E0%A4%AE%E0%A4%B2_%E0%A4%A6%E0%A5%87%E0%A4%97%E0%A5%9C%E0%A4%BE?__eep__=6&__cft__[0]=AZWghImy-MxxrJPlKgoD8zi4f3Hu5NwlnZZREtcK8kELSbul72Kg3UiagE-ebcvet9-PC3msaWxEDhr7Gk_g3M-TvyeaDPR2ZobSqwQITKllTgxjOj5jS4eQrTevv36IPMUXI_uOoiCyrYfJsrrfqi0x&__tn__=*NK-R', 'https://www.facebook.com/hashtag/rajasthan?__eep__=6&__cft__[0]=AZWghImy-MxxrJPlKgoD8zi4f3Hu5NwlnZZREtcK8kELSbul72Kg3UiagE-ebcvet9-PC3msaWxEDhr7Gk_g3M-TvyeaDPR2ZobSqwQITKllTgxjOj5jS4eQrTevv36IPMUXI_uOoiCyrYfJsrrfqi0x&__tn__=*NK-R', 'https://www.facebook.com/hashtag/jaipur?__eep__=6&__cft__[0]=AZWghImy-MxxrJPlKgoD8zi4f3Hu5NwlnZZREtcK8kELSbul72Kg3UiagE-ebcvet9-PC3msaWxEDhr7Gk_g3M-TvyeaDPR2ZobSqwQITKllTgxjOj5jS4eQrTevv36IPMUXI_uOoiCyrYfJsrrfqi0x&__tn__=*NK-R', 'https://www.facebook.com/hashtag/jhotwara?__eep__=6&__cft__[0]=AZWghImy-MxxrJPlKgoD8zi4f3Hu5NwlnZZREtcK8kELSbul72Kg3UiagE-ebcvet9-PC3msaWxEDhr7Gk_g3M-TvyeaDPR2ZobSqwQITKllTgxjOj5jS4eQrTevv36IPMUXI_uOoiCyrYfJsrrfqi0x&__tn__=*NK-R', 'https://www.facebook.com/hashtag/police?__eep__=6&__cft__[0]=AZWghImy-MxxrJPlKgoD8zi4f3Hu5NwlnZZREtcK8kELSbul72Kg3UiagE-ebcvet9-PC3msaWxEDhr7Gk_g3M-TvyeaDPR2ZobSqwQITKllTgxjOj5jS4eQrTevv36IPMUXI_uOoiCyrYfJsrrfqi0x&__tn__=*NK-R', 'https://www.facebook.com/hashtag/jaipurpolice?__eep__=6&__cft__[0]=AZWghImy-MxxrJPlKgoD8zi4f3Hu5NwlnZZREtcK8kELSbul72Kg3UiagE-ebcvet9-PC3msaWxEDhr7Gk_g3M-TvyeaDPR2ZobSqwQITKllTgxjOj5jS4eQrTevv36IPMUXI_uOoiCyrYfJsrrfqi0x&__tn__=*NK-R', 'https://www.facebook.com/hashtag/rajasthanpolice?__eep__=6&__cft__[0]=AZWghImy-MxxrJPlKgoD8zi4f3Hu5NwlnZZREtcK8kELSbul72Kg3UiagE-ebcvet9-PC3msaWxEDhr7Gk_g3M-TvyeaDPR2ZobSqwQITKllTgxjOj5jS4eQrTevv36IPMUXI_uOoiCyrYfJsrrfqi0x&__tn__=*NK-R', 'https://www.facebook.com/jaipurpoliceofficial?__cft__[0]=AZWghImy-MxxrJPlKgoD8zi4f3Hu5NwlnZZREtcK8kELSbul72Kg3UiagE-ebcvet9-PC3msaWxEDhr7Gk_g3M-TvyeaDPR2ZobSqwQITKllTgxjOj5jS4eQrTevv36IPMUXI_uOoiCyrYfJsrrfqi0x&__tn__=-]K-R', 'https://www.facebook.com/Jaipur.Rural.Police.Rajasthan?__cft__[0]=AZWghImy-MxxrJPlKgoD8zi4f3Hu5NwlnZZREtcK8kELSbul72Kg3UiagE-ebcvet9-PC3msaWxEDhr7Gk_g3M-TvyeaDPR2ZobSqwQITKllTgxjOj5jS4eQrTevv36IPMUXI_uOoiCyrYfJsrrfqi0x&__tn__=-]K-R', 'https://www.facebook.com/hashtag/hamarasamachar?__eep__=6&__cft__[0]=AZWghImy-MxxrJPlKgoD8zi4f3Hu5NwlnZZREtcK8kELSbul72Kg3UiagE-ebcvet9-PC3msaWxEDhr7Gk_g3M-TvyeaDPR2ZobSqwQITKllTgxjOj5jS4eQrTevv36IPMUXI_uOoiCyrYfJsrrfqi0x&__tn__=*NK-R', 'https://www.facebook.com/BJP4Rajasthan?__cft__[0]=AZWghImy-MxxrJPlKgoD8zi4f3Hu5NwlnZZREtcK8kELSbul72Kg3UiagE-ebcvet9-PC3msaWxEDhr7Gk_g3M-TvyeaDPR2ZobSqwQITKllTgxjOj5jS4eQrTevv36IPMUXI_uOoiCyrYfJsrrfqi0x&__tn__=-]K-R', 'https://www.facebook.com/INCRajasthan?__cft__[0]=AZWghImy-MxxrJPlKgoD8zi4f3Hu5NwlnZZREtcK8kELSbul72Kg3UiagE-ebcvet9-PC3msaWxEDhr7Gk_g3M-TvyeaDPR2ZobSqwQITKllTgxjOj5jS4eQrTevv36IPMUXI_uOoiCyrYfJsrrfqi0x&__tn__=-]K-R', 'https://www.facebook.com/AshokGehlot.Rajasthan?__cft__[0]=AZWghImy-MxxrJPlKgoD8zi4f3Hu5NwlnZZREtcK8kELSbul72Kg3UiagE-ebcvet9-PC3msaWxEDhr7Gk_g3M-TvyeaDPR2ZobSqwQITKllTgxjOj5jS4eQrTevv36IPMUXI_uOoiCyrYfJsrrfqi0x&__tn__=-]K-R', 'https://www.facebook.com/LalchandKatariaINC?__cft__[0]=AZWghImy-MxxrJPlKgoD8zi4f3Hu5NwlnZZREtcK8kELSbul72Kg3UiagE-ebcvet9-PC3msaWxEDhr7Gk_g3M-TvyeaDPR2ZobSqwQITKllTgxjOj5jS4eQrTevv36IPMUXI_uOoiCyrYfJsrrfqi0x&__tn__=-]K-R', 'https://www.facebook.com/HanumanBeniwalOfficial?__cft__[0]=AZWghImy-MxxrJPlKgoD8zi4f3Hu5NwlnZZREtcK8kELSbul72Kg3UiagE-ebcvet9-PC3msaWxEDhr7Gk_g3M-TvyeaDPR2ZobSqwQITKllTgxjOj5jS4eQrTevv36IPMUXI_uOoiCyrYfJsrrfqi0x&__tn__=-]K-R', 'https://www.facebook.com/DrSatishPoonia?__cft__[0]=AZWghImy-MxxrJPlKgoD8zi4f3Hu5NwlnZZREtcK8kELSbul72Kg3UiagE-ebcvet9-PC3msaWxEDhr7Gk_g3M-TvyeaDPR2ZobSqwQITKllTgxjOj5jS4eQrTevv36IPMUXI_uOoiCyrYfJsrrfqi0x&__tn__=-]K-R', 'https://www.facebook.com/DrkirodilalmeenaOfficial?__cft__[0]=AZWghImy-MxxrJPlKgoD8zi4f3Hu5NwlnZZREtcK8kELSbul72Kg3UiagE-ebcvet9-PC3msaWxEDhr7Gk_g3M-TvyeaDPR2ZobSqwQITKllTgxjOj5jS4eQrTevv36IPMUXI_uOoiCyrYfJsrrfqi0x&__tn__=-]K-R', 'https://www.facebook.com/Rathore?__cft__[0]=AZWghImy-MxxrJPlKgoD8zi4f3Hu5NwlnZZREtcK8kELSbul72Kg3UiagE-ebcvet9-PC3msaWxEDhr7Gk_g3M-TvyeaDPR2ZobSqwQITKllTgxjOj5jS4eQrTevv36IPMUXI_uOoiCyrYfJsrrfqi0x&__tn__=-]K-R', 'https://www.facebook.com/hamarasamacharofficial/videos/1252885685536229/?__cft__[0]=AZWghImy-MxxrJPlKgoD8zi4f3Hu5NwlnZZREtcK8kELSbul72Kg3UiagE-ebcvet9-PC3msaWxEDhr7Gk_g3M-TvyeaDPR2ZobSqwQITKllTgxjOj5jS4eQrTevv36IPMUXI_uOoiCyrYfJsrrfqi0x&__tn__=%2B%3FFH-R']"
মানুষের সঙ্গে অমানবিক ও অপেশাদার আচরণ না করার জন্যও পুলিশ সদস্যদের প্রতি আহ্বান জানান আইজিপি বেনজীর আহমেদ,"['https://www.facebook.com/DhakaTribune/?__cft__[0]=AZXz6hgiIqB16LNQySHdI2opRVpcu_08YbEYdexW50WXw5drFVgSQLi4jQKTjiPolpZkCviAX_0kwt86LhrtZkgghXCEOeqwcGhDlKGycAcuYYw7hd-h2sM4QCd52rPYyN4&__tn__=%3C%2CP-R', '/stories/1697811756982893/UzpfSVNDOjMyODg4NzM5NjAzMzQxNA==/?view_single=true&__cft__[0]=AZXz6hgiIqB16LNQySHdI2opRVpcu_08YbEYdexW50WXw5drFVgSQLi4jQKTjiPolpZkCviAX_0kwt86LhrtZkgghXCEOeqwcGhDlKGycAcuYYw7hd-h2sM4QCd52rPYyN4&__tn__=%3C%3C%2CP-R', 'https://www.facebook.com/DhakaTribune/?__cft__[0]=AZXz6hgiIqB16LNQySHdI2opRVpcu_08YbEYdexW50WXw5drFVgSQLi4jQKTjiPolpZkCviAX_0kwt86LhrtZkgghXCEOeqwcGhDlKGycAcuYYw7hd-h2sM4QCd52rPYyN4&__tn__=-UC%2CP-R', 'https://www.facebook.com/DhakaTribune/posts/7120328438042413?__cft__[0]=AZXz6hgiIqB16LNQySHdI2opRVpcu_08YbEYdexW50WXw5drFVgSQLi4jQKTjiPolpZkCviAX_0kwt86LhrtZkgghXCEOeqwcGhDlKGycAcuYYw7hd-h2sM4QCd52rPYyN4&__tn__=%2CO%2CP-R', 'https://l.facebook.com/l.php?u=https%3A%2F%2Fbangla.dhakatribune.com%2Fbangladesh%2F2022%2F03%2F23%2F1648047406212%3Ffbclid%3DIwAR3FeivFbtPlzAdvzRXfAx5ta7mcQAVpJI_OLXcqD-Ak56QlTFOuvObm6Vs&h=AT2fdLx7nWZkQViH3ZmodnbZm9H0HkrcsxJbQR3TXpIhZSyt9HbinNgvy9MciDgN8OdfcMkOxrUtnjU5lvbz6qZd1DaPdh1CBhGPEdJmK6pzoisbMgRzfteATQFpdnnVNJlX&__tn__=-UK-R&c[0]=AT0gljVsnfWn4HOO1uFFP3zNke-xE3aougTSfAVAY6X_5NCOHuncuAMHBQUr3bO58c5_rRm5SWb4P8aOr-QYiO2MQb__4zu-0sON-8Wn9vod9xeGwkP_ERzKJ30OIrotaffrju8YDZoBLrrpye4f-wibQg', 'https://www.facebook.com/DhakaTribune/photos/a.445997765475547/7120323861376204/?__cft__[0]=AZXz6hgiIqB16LNQySHdI2opRVpcu_08YbEYdexW50WXw5drFVgSQLi4jQKTjiPolpZkCviAX_0kwt86LhrtZkgghXCEOeqwcGhDlKGycAcuYYw7hd-h2sM4QCd52rPYyN4&__tn__=EH-R']"
"কর্মকর্তা ও প্রত্যক্ষদর্শীরা জানিয়েছেন, বুধবার বহিষ্কার প্রধানমন্ত্রী ইমরান খানের সমর্থকদের রাজধানী ইসলামাবাদে পৌঁছাতে বাধা দিতে পাকিস্তানি পুলিশ টিয়ারগ্যাস ও ব্যাটনচার্জ করেছে।","['https://www.facebook.com/tbsnews.net?__cft__[0]=AZW1Gs-kiy_T6523XtDry-YV1KYMzcFqjn_DYYSZBzSvmVnWG6GcmGc-GqyBq9MzjoMlFkaW02fuJugwn94ylXdvgnBNxIAxvy0yTsSSU_a2FkfrK7gpoo1LhOWjtAXL6HU&__tn__=%3C%2CP-R', '/stories/100119262162817/UzpfSVNDOjEyMTkyNDM2ODIxNTI0OTA=/?view_single=true&__cft__[0]=AZW1Gs-kiy_T6523XtDry-YV1KYMzcFqjn_DYYSZBzSvmVnWG6GcmGc-GqyBq9MzjoMlFkaW02fuJugwn94ylXdvgnBNxIAxvy0yTsSSU_a2FkfrK7gpoo1LhOWjtAXL6HU&__tn__=%3C%3C%2CP-R', 'https://www.facebook.com/tbsnews.net?__cft__[0]=AZW1Gs-kiy_T6523XtDry-YV1KYMzcFqjn_DYYSZBzSvmVnWG6GcmGc-GqyBq9MzjoMlFkaW02fuJugwn94ylXdvgnBNxIAxvy0yTsSSU_a2FkfrK7gpoo1LhOWjtAXL6HU&__tn__=-UC%2CP-R', 'https://www.facebook.com/tbsnews.net/posts/395470312627709?__cft__[0]=AZW1Gs-kiy_T6523XtDry-YV1KYMzcFqjn_DYYSZBzSvmVnWG6GcmGc-GqyBq9MzjoMlFkaW02fuJugwn94ylXdvgnBNxIAxvy0yTsSSU_a2FkfrK7gpoo1LhOWjtAXL6HU&__tn__=%2CO%2CP-R', 'https://l.facebook.com/l.php?u=https%3A%2F%2Fwww.tbsnews.net%2Fworld%2Fsouth-asia%2Fpakistan-police-fire-teargas-baton-charge-supporters-ousted-pm-khan-426638%3Ffbclid%3DIwAR3oVHgY61bXb4-jyXprwgVbnrGI9qc7DEzBHgtNVFIu3IqT6gnl0WxuQN8&h=AT3RvjTdqBkDwLJrtLJRQqdkJSNZXKQtwZQzKA0gsDrMBBLfwokec9B5mCBwwXHyGfyw0dxZdXFj0KABcCUA_WfR7stvh0hgbveamvAYrMpwXeCCd54siZXhF9GdPWvoYGco&__tn__=H-R&c[0]=AT2hnm7q5PFNVobT1CP3OY0sl99R4ZB62OvOYOD9jrZUDGTmYFpK057umPleQGUlpS2IzrG0JFAovfBEj8m_c_6ZU78BXjjzWtl3j58pm2YYXpDfXTQmz9xYDvSKElf2xmT5J-eOgyxouguM4vcx0Q6xUw', 'https://l.facebook.com/l.php?u=https%3A%2F%2Fwww.tbsnews.net%2Fworld%2Fsouth-asia%2Fpakistan-police-fire-teargas-baton-charge-supporters-ousted-pm-khan-426638%3Ffbclid%3DIwAR3r_BeFUzWB23Blb01ep9EMi2uzuiZecphaoFCcSyMZ7wm04dpZMXhKJFA&h=AT3RvjTdqBkDwLJrtLJRQqdkJSNZXKQtwZQzKA0gsDrMBBLfwokec9B5mCBwwXHyGfyw0dxZdXFj0KABcCUA_WfR7stvh0hgbveamvAYrMpwXeCCd54siZXhF9GdPWvoYGco&__tn__=%2CmH-R&c[0]=AT2hnm7q5PFNVobT1CP3OY0sl99R4ZB62OvOYOD9jrZUDGTmYFpK057umPleQGUlpS2IzrG0JFAovfBEj8m_c_6ZU78BXjjzWtl3j58pm2YYXpDfXTQmz9xYDvSKElf2xmT5J-eOgyxouguM4vcx0Q6xUw']"
"As Former Pakistan PM Imran Khan's party began their planned Azadi March on Wednesday, tensions in Punjab rose after police made use of tear gas and arrested several PTI marchers in Lahore as activists attempted to remove the shipping containers between them and Islamabad.","['https://www.facebook.com/tbsnews.net?__cft__[0]=AZUdjuc-kibkdcHg03DQSq1_fwFbS4vyn_v58aSoIpxqQVmLDjwOSNdbVXQ7-gOih4r91W65Cs7JErSJ5I2VqE5Y_cC5AcxMaHy0D65VtUagn2595f9NAwPXArDjdDY3bXo&__tn__=%3C%2CP-R', '/stories/100119262162817/UzpfSVNDOjEyMTkyNDM2ODIxNTI0OTA=/?view_single=true&__cft__[0]=AZUdjuc-kibkdcHg03DQSq1_fwFbS4vyn_v58aSoIpxqQVmLDjwOSNdbVXQ7-gOih4r91W65Cs7JErSJ5I2VqE5Y_cC5AcxMaHy0D65VtUagn2595f9NAwPXArDjdDY3bXo&__tn__=%3C%3C%2CP-R', 'https://www.facebook.com/tbsnews.net?__cft__[0]=AZUdjuc-kibkdcHg03DQSq1_fwFbS4vyn_v58aSoIpxqQVmLDjwOSNdbVXQ7-gOih4r91W65Cs7JErSJ5I2VqE5Y_cC5AcxMaHy0D65VtUagn2595f9NAwPXArDjdDY3bXo&__tn__=-UC%2CP-R', 'https://www.facebook.com/tbsnews.net/posts/395476079293799?__cft__[0]=AZUdjuc-kibkdcHg03DQSq1_fwFbS4vyn_v58aSoIpxqQVmLDjwOSNdbVXQ7-gOih4r91W65Cs7JErSJ5I2VqE5Y_cC5AcxMaHy0D65VtUagn2595f9NAwPXArDjdDY3bXo&__tn__=%2CO%2CP-R', 'https://l.facebook.com/l.php?u=https%3A%2F%2Fwww.tbsnews.net%2Fworld%2Fsouth-asia%2Fimran-khan-says-no-blockade-can-stop-azadi-march-govt-cracks-down-pti-workers%3Ffbclid%3DIwAR1e4IS3JBbxf0vHFAakJMjmwFgE2JjlSZrq2byPbrWMa24fNrxSHi6Jbo8&h=AT1RLHPD79FVwBR-gFv3oOwRzVLX1sbtXxKrEq4HnERjZ5qNxl3yGMtyGI2zjjCy0sFOYcljutrdPMkOp51bnZuhUUepOqnlpBX3v6nwuWYx24Zpqi8wbV-1xDz9_f3bNlLG&__tn__=H-R&c[0]=AT2p4wihXBD4Qlyj9asL3BrjDkbp68fydbKQYGgxOi38L2pMWSur9rItXsf9W5xkNmxlWIA6AQkpoXddyISiMNhfhQFDiOSPxUbPBu3FYxMd6FIrG_4CUae9J8ef9yOtGvvJ32OZzH5V1zo6lsqN5opkqw', 'https://l.facebook.com/l.php?u=https%3A%2F%2Fwww.tbsnews.net%2Fworld%2Fsouth-asia%2Fimran-khan-says-no-blockade-can-stop-azadi-march-govt-cracks-down-pti-workers%3Ffbclid%3DIwAR3teLMCEO_-q00Eah-K7OwQeFxy-1Pxtkth3AmRRK4j3hRWMiGnQIBrhXw&h=AT1RLHPD79FVwBR-gFv3oOwRzVLX1sbtXxKrEq4HnERjZ5qNxl3yGMtyGI2zjjCy0sFOYcljutrdPMkOp51bnZuhUUepOqnlpBX3v6nwuWYx24Zpqi8wbV-1xDz9_f3bNlLG&__tn__=%2CmH-R&c[0]=AT2p4wihXBD4Qlyj9asL3BrjDkbp68fydbKQYGgxOi38L2pMWSur9rItXsf9W5xkNmxlWIA6AQkpoXddyISiMNhfhQFDiOSPxUbPBu3FYxMd6FIrG_4CUae9J8ef9yOtGvvJ32OZzH5V1zo6lsqN5opkqw']"
সিমেন্টের স্ল্যাবের নিচে এক বালতি ওষুধ পুঁতে রাখছেন?,"['https://www.facebook.com/WA.Police?__cft__[0]=AZWSanJ1LBTIMmeLkKRRn-0YwniT9SN_0kPOA7xFLR_kJFbFWEJIsQsciC0NgysiN9VHmHNeoNhWOYEF7_9WebyXQ9n98-_mzDPa_wESgpnT4xlq1v4Pq1EKw4yu78yMdGc&__tn__=%3C%2CP-R', 'https://www.facebook.com/WA.Police?__cft__[0]=AZWSanJ1LBTIMmeLkKRRn-0YwniT9SN_0kPOA7xFLR_kJFbFWEJIsQsciC0NgysiN9VHmHNeoNhWOYEF7_9WebyXQ9n98-_mzDPa_wESgpnT4xlq1v4Pq1EKw4yu78yMdGc&__tn__=%3C%3C%2CP-R', 'https://www.facebook.com/WA.Police?__cft__[0]=AZWSanJ1LBTIMmeLkKRRn-0YwniT9SN_0kPOA7xFLR_kJFbFWEJIsQsciC0NgysiN9VHmHNeoNhWOYEF7_9WebyXQ9n98-_mzDPa_wESgpnT4xlq1v4Pq1EKw4yu78yMdGc&__tn__=-UC%2CP-R', 'https://www.facebook.com/WA.Police/posts/382487620589098?__cft__[0]=AZWSanJ1LBTIMmeLkKRRn-0YwniT9SN_0kPOA7xFLR_kJFbFWEJIsQsciC0NgysiN9VHmHNeoNhWOYEF7_9WebyXQ9n98-_mzDPa_wESgpnT4xlq1v4Pq1EKw4yu78yMdGc&__tn__=%2CO%2CP-R', 'https://www.facebook.com/photo/?fbid=382486307255896&set=pcb.382487620589098&__cft__[0]=AZWSanJ1LBTIMmeLkKRRn-0YwniT9SN_0kPOA7xFLR_kJFbFWEJIsQsciC0NgysiN9VHmHNeoNhWOYEF7_9WebyXQ9n98-_mzDPa_wESgpnT4xlq1v4Pq1EKw4yu78yMdGc&__tn__=*bH-R', 'https://www.facebook.com/photo/?fbid=382486547255872&set=pcb.382487620589098&__cft__[0]=AZWSanJ1LBTIMmeLkKRRn-0YwniT9SN_0kPOA7xFLR_kJFbFWEJIsQsciC0NgysiN9VHmHNeoNhWOYEF7_9WebyXQ9n98-_mzDPa_wESgpnT4xlq1v4Pq1EKw4yu78yMdGc&__tn__=*bH-R', 'https://www.facebook.com/photo/?fbid=382486820589178&set=pcb.382487620589098&__cft__[0]=AZWSanJ1LBTIMmeLkKRRn-0YwniT9SN_0kPOA7xFLR_kJFbFWEJIsQsciC0NgysiN9VHmHNeoNhWOYEF7_9WebyXQ9n98-_mzDPa_wESgpnT4xlq1v4Pq1EKw4yu78yMdGc&__tn__=*bH-R', 'https://www.facebook.com/photo/?fbid=382487170589143&set=pcb.382487620589098&__cft__[0]=AZWSanJ1LBTIMmeLkKRRn-0YwniT9SN_0kPOA7xFLR_kJFbFWEJIsQsciC0NgysiN9VHmHNeoNhWOYEF7_9WebyXQ9n98-_mzDPa_wESgpnT4xlq1v4Pq1EKw4yu78yMdGc&__tn__=*bH-R']"
