Post,Links,file_path
ঢাকা বিশ্ববিদ্যালয় Parvej Mahmud Nobel বিশেষ কারণে হঠাৎ সফরে মন্ত্রী ওবায়দুল কাদের মির্জা আজম আওয়ামী লীগ সরাসরি লাইভ বাংলাদেশ Obaidul Quader Mirza Azam Bangladesh Awami League BNP National,"['https://www.facebook.com/bangladeshnewstube/?__cft__[0]=AZXZvQpT-GU0xVFyyM0lNw4X6AyhA7aHGlTnrVAejCK5GF2GpSCvJl1OomXuSCgOStVaR0encuZB6XbAk9IytwKcl2Df36iHSrTjZTD_4hUUnNgnPqkEN5OJp9dW7rjUDXGYygRFa-79TlVRtem1IaeA&__tn__=%3C%2CP-R', 'https://www.facebook.com/bangladeshnewstube/?__cft__[0]=AZXZvQpT-GU0xVFyyM0lNw4X6AyhA7aHGlTnrVAejCK5GF2GpSCvJl1OomXuSCgOStVaR0encuZB6XbAk9IytwKcl2Df36iHSrTjZTD_4hUUnNgnPqkEN5OJp9dW7rjUDXGYygRFa-79TlVRtem1IaeA&__tn__=%3C%3C%2CP-R', 'https://www.facebook.com/bangladeshnewstube/?__cft__[0]=AZXZvQpT-GU0xVFyyM0lNw4X6AyhA7aHGlTnrVAejCK5GF2GpSCvJl1OomXuSCgOStVaR0encuZB6XbAk9IytwKcl2Df36iHSrTjZTD_4hUUnNgnPqkEN5OJp9dW7rjUDXGYygRFa-79TlVRtem1IaeA&__tn__=kC%2CP-R', 'https://www.facebook.com/bangladeshnewstube/videos/773906330444355/?__cft__[0]=AZXZvQpT-GU0xVFyyM0lNw4X6AyhA7aHGlTnrVAejCK5GF2GpSCvJl1OomXuSCgOStVaR0encuZB6XbAk9IytwKcl2Df36iHSrTjZTD_4hUUnNgnPqkEN5OJp9dW7rjUDXGYygRFa-79TlVRtem1IaeA&__tn__=%2CO%2CP-R', 'https://www.facebook.com/parvej.mahmudnobel?__cft__[0]=AZXZvQpT-GU0xVFyyM0lNw4X6AyhA7aHGlTnrVAejCK5GF2GpSCvJl1OomXuSCgOStVaR0encuZB6XbAk9IytwKcl2Df36iHSrTjZTD_4hUUnNgnPqkEN5OJp9dW7rjUDXGYygRFa-79TlVRtem1IaeA&__tn__=-]K-R', 'https://www.facebook.com/bangladeshnewstube/videos/773906330444355/?__cft__[0]=AZXZvQpT-GU0xVFyyM0lNw4X6AyhA7aHGlTnrVAejCK5GF2GpSCvJl1OomXuSCgOStVaR0encuZB6XbAk9IytwKcl2Df36iHSrTjZTD_4hUUnNgnPqkEN5OJp9dW7rjUDXGYygRFa-79TlVRtem1IaeA&__tn__=%2B%3FFH-R']",28_05_2022-02_56_01-Bangladesh News-partho.csv
রাজধানীর ঢাবিতে Parvej Mahmud Nobel ছাত্রদল-ছাত্রলীগ মুখোমুখি এই মুহূর্তে হঠাৎ মাঠে নামলেন ভিপি নুরুল হক নুর বাহিনীর পাওয়ারফুল শোডাউন মহাসমাবেশ সরাসরি এক্সক্লুসিভ লাইভ  জাতীয় প্রেসক্লাব বাংলাদেশ Sheikh Hasina Chhatra League Khaleda Zia Chhatra Dal,"['https://www.facebook.com/bangladeshnewstube/?__cft__[0]=AZXVCFmKtYHpTwaHawgqLiTuit9_oUhCNIUiM0rHeUGI0l1FeM6j1fmW9LjhTXjpXm1-Re15dpGmakLxgFG7uYEs1wGTvi_TH9epq0X4NAQO2I8ITsk3hXBNVVHLXUdHnJH00OWIQujnXgQczxEzeVzd&__tn__=%3C%2CP-R', 'https://www.facebook.com/bangladeshnewstube/?__cft__[0]=AZXVCFmKtYHpTwaHawgqLiTuit9_oUhCNIUiM0rHeUGI0l1FeM6j1fmW9LjhTXjpXm1-Re15dpGmakLxgFG7uYEs1wGTvi_TH9epq0X4NAQO2I8ITsk3hXBNVVHLXUdHnJH00OWIQujnXgQczxEzeVzd&__tn__=%3C%3C%2CP-R', 'https://www.facebook.com/bangladeshnewstube/?__cft__[0]=AZXVCFmKtYHpTwaHawgqLiTuit9_oUhCNIUiM0rHeUGI0l1FeM6j1fmW9LjhTXjpXm1-Re15dpGmakLxgFG7uYEs1wGTvi_TH9epq0X4NAQO2I8ITsk3hXBNVVHLXUdHnJH00OWIQujnXgQczxEzeVzd&__tn__=kC%2CP-R', 'https://www.facebook.com/bangladeshnewstube/videos/5114997151915216/?__cft__[0]=AZXVCFmKtYHpTwaHawgqLiTuit9_oUhCNIUiM0rHeUGI0l1FeM6j1fmW9LjhTXjpXm1-Re15dpGmakLxgFG7uYEs1wGTvi_TH9epq0X4NAQO2I8ITsk3hXBNVVHLXUdHnJH00OWIQujnXgQczxEzeVzd&__tn__=%2CO%2CP-R', 'https://www.facebook.com/parvej.mahmudnobel?__cft__[0]=AZXVCFmKtYHpTwaHawgqLiTuit9_oUhCNIUiM0rHeUGI0l1FeM6j1fmW9LjhTXjpXm1-Re15dpGmakLxgFG7uYEs1wGTvi_TH9epq0X4NAQO2I8ITsk3hXBNVVHLXUdHnJH00OWIQujnXgQczxEzeVzd&__tn__=-]K-R', 'https://www.facebook.com/bangladeshnewstube/videos/5114997151915216/?__cft__[0]=AZXVCFmKtYHpTwaHawgqLiTuit9_oUhCNIUiM0rHeUGI0l1FeM6j1fmW9LjhTXjpXm1-Re15dpGmakLxgFG7uYEs1wGTvi_TH9epq0X4NAQO2I8ITsk3hXBNVVHLXUdHnJH00OWIQujnXgQczxEzeVzd&__tn__=%2B%3FFH-R']",28_05_2022-02_56_01-Bangladesh News-partho.csv
বাংলাদেশে দ্রব্যমূল্যের ঊর্ধ্বগতিতে হঠাৎ এই মুহূর্তে মাঠে নামলেন ভিপি নুরুল হক নুর বাহিনীর পাওয়ারফুল শোডাউন রাজধানীতে অধিকার পরিষদ সরাসরি এক্সক্লুসিভ লাইভ VP Nurul Haque Nuru Dr Reza Kibria Bangladesh,"['https://www.facebook.com/bangladeshnewstube/?__cft__[0]=AZWiC2qpCbxuXNR6r5rtjFm7YMDuli6j-URYv5Y2bh8FPlB7WlStV6w5gUTtNB0wwRcstQ2IPPfz6KE5qucwEXtJKnt21ZHUJr53YCBJkraR2vEiYjhyLVMVuo8Hm_39ePOqqg2p5eizw_3MAKPvQ517&__tn__=%3C%2CP-R', 'https://www.facebook.com/bangladeshnewstube/?__cft__[0]=AZWiC2qpCbxuXNR6r5rtjFm7YMDuli6j-URYv5Y2bh8FPlB7WlStV6w5gUTtNB0wwRcstQ2IPPfz6KE5qucwEXtJKnt21ZHUJr53YCBJkraR2vEiYjhyLVMVuo8Hm_39ePOqqg2p5eizw_3MAKPvQ517&__tn__=%3C%3C%2CP-R', 'https://www.facebook.com/bangladeshnewstube/?__cft__[0]=AZWiC2qpCbxuXNR6r5rtjFm7YMDuli6j-URYv5Y2bh8FPlB7WlStV6w5gUTtNB0wwRcstQ2IPPfz6KE5qucwEXtJKnt21ZHUJr53YCBJkraR2vEiYjhyLVMVuo8Hm_39ePOqqg2p5eizw_3MAKPvQ517&__tn__=kC%2CP-R', 'https://www.facebook.com/bangladeshnewstube/videos/707199537191003/?__cft__[0]=AZWiC2qpCbxuXNR6r5rtjFm7YMDuli6j-URYv5Y2bh8FPlB7WlStV6w5gUTtNB0wwRcstQ2IPPfz6KE5qucwEXtJKnt21ZHUJr53YCBJkraR2vEiYjhyLVMVuo8Hm_39ePOqqg2p5eizw_3MAKPvQ517&__tn__=%2CO%2CP-R', 'https://www.facebook.com/bangladeshnewstube/videos/707199537191003/?__cft__[0]=AZWiC2qpCbxuXNR6r5rtjFm7YMDuli6j-URYv5Y2bh8FPlB7WlStV6w5gUTtNB0wwRcstQ2IPPfz6KE5qucwEXtJKnt21ZHUJr53YCBJkraR2vEiYjhyLVMVuo8Hm_39ePOqqg2p5eizw_3MAKPvQ517&__tn__=%2B%3FFH-R']",28_05_2022-02_56_01-Bangladesh News-partho.csv
গাজীপুরে এক মাদ্রাসা শিক্ষকের বিরুদ্ধে ছাত্রকে ধর্ষণের অভিযোগে মামলা হয়েছে। এ ঘটনায় নির্যাতনের শিকার ছাত্রের মা বাদী হয়ে শুক্রবার (২৭ মে) মহানগরের কাশিমপুর থানায় নারী ও শিশু নির্যাতন দমন আইনে মামলা করেছেন।,"['https://www.facebook.com/DhakaTribune/?__cft__[0]=AZWvCngIXUEoioxHatVATCDnVP1VrCAIHof2uTsHB6aG1EaT2BJinoR4CCZEUYLnhTMplEukcRHb8H2ouhwlpDU6rusqhDQm3lhI0v2p8jbdje7MHjXrL5ySFPJNUHO6Fts&__tn__=%3C%2CP-R', '/stories/1697811756982893/UzpfSVNDOjE5NjAxNTQ3MzQxODA4MTM=/?view_single=true&__cft__[0]=AZWvCngIXUEoioxHatVATCDnVP1VrCAIHof2uTsHB6aG1EaT2BJinoR4CCZEUYLnhTMplEukcRHb8H2ouhwlpDU6rusqhDQm3lhI0v2p8jbdje7MHjXrL5ySFPJNUHO6Fts&__tn__=%3C%3C%2CP-R', 'https://www.facebook.com/DhakaTribune/?__cft__[0]=AZWvCngIXUEoioxHatVATCDnVP1VrCAIHof2uTsHB6aG1EaT2BJinoR4CCZEUYLnhTMplEukcRHb8H2ouhwlpDU6rusqhDQm3lhI0v2p8jbdje7MHjXrL5ySFPJNUHO6Fts&__tn__=-UC%2CP-R', 'https://www.facebook.com/DhakaTribune/posts/7421558504586070?__cft__[0]=AZWvCngIXUEoioxHatVATCDnVP1VrCAIHof2uTsHB6aG1EaT2BJinoR4CCZEUYLnhTMplEukcRHb8H2ouhwlpDU6rusqhDQm3lhI0v2p8jbdje7MHjXrL5ySFPJNUHO6Fts&__tn__=%2CO%2CP-R', 'https://l.facebook.com/l.php?u=https%3A%2F%2Fbangla.dhakatribune.com%2Fbangladesh%2F2022%2F05%2F28%2F1653716333212%3Ffbclid%3DIwAR3vqTCi4S6rk1q8Wfi1RctSQuLx0R6qOvris47ffsl2nLaDk0B17hpn6tE&h=AT3Mx0f7LNjtV-Om-OkIEikxeFwymkW42bU7XC1l_7QgA9H2-3uWZrvhisEmUdErpe9vcqIvKP2E_jdMnFCgjdoO0Ceq4JhqwGIZyioa-vt3YotooZkBxhvlSgRo3u1MzO_5&__tn__=-UK-R&c[0]=AT0grCdrXRIHlqzntfLGOs4ewzucdbyiVWiZ-IuyNQT1HL1Wzj9_-zUI1H6EgISq24nweZ1dnc42QlyXmqJfPgKdT4SQVSgkumgIPOcxaHx_yJ5HNfJ0nrlbvjFyjSR8CZ-OBM_oz4Nox3n65RklDsc13A', 'https://www.facebook.com/DhakaTribune/photos/a.594890827252906/7421558437919410/?__cft__[0]=AZWvCngIXUEoioxHatVATCDnVP1VrCAIHof2uTsHB6aG1EaT2BJinoR4CCZEUYLnhTMplEukcRHb8H2ouhwlpDU6rusqhDQm3lhI0v2p8jbdje7MHjXrL5ySFPJNUHO6Fts&__tn__=EH-R']",28_05_2022-02_56_01-Bangladesh News-partho.csv
রাজধানীর ঢাবিতে Parvej Mahmud Nobel ছাত্রদল-ছাত্রলীগ মুখোমুখি এই মুহূর্তে হঠাৎ মাঠে নামলেন ভিপি নুরুল হক নুর বাহিনীর পাওয়ারফুল শোডাউন মহাসমাবেশ সরাসরি এক্সক্লুসিভ লাইভ  জাতীয় প্রেসক্লাব বাংলাদেশ Sheikh Hasina Chhatra League Khaleda Zia Chhatra Dal,"['https://www.facebook.com/bangladeshnewstube/?__cft__[0]=AZVnR-cc6KPY96mhdXs7mH4Ps7c_1kBhoh7PsIHVhxwbAtcWxAF4J_dDvMnUy2898caIRWSzCb5cdPohfqh40ok-DWXtQaZnz2_3K9kgQAtMQjC_lSTwODWiDYGwF9TA4u-QTGQzmCmkSFrqyH_pGppQ&__tn__=%3C%2CP-R', 'https://www.facebook.com/bangladeshnewstube/?__cft__[0]=AZVnR-cc6KPY96mhdXs7mH4Ps7c_1kBhoh7PsIHVhxwbAtcWxAF4J_dDvMnUy2898caIRWSzCb5cdPohfqh40ok-DWXtQaZnz2_3K9kgQAtMQjC_lSTwODWiDYGwF9TA4u-QTGQzmCmkSFrqyH_pGppQ&__tn__=%3C%3C%2CP-R', 'https://www.facebook.com/bangladeshnewstube/?__cft__[0]=AZVnR-cc6KPY96mhdXs7mH4Ps7c_1kBhoh7PsIHVhxwbAtcWxAF4J_dDvMnUy2898caIRWSzCb5cdPohfqh40ok-DWXtQaZnz2_3K9kgQAtMQjC_lSTwODWiDYGwF9TA4u-QTGQzmCmkSFrqyH_pGppQ&__tn__=kC%2CP-R', 'https://www.facebook.com/bangladeshnewstube/videos/540747500939346/?__cft__[0]=AZVnR-cc6KPY96mhdXs7mH4Ps7c_1kBhoh7PsIHVhxwbAtcWxAF4J_dDvMnUy2898caIRWSzCb5cdPohfqh40ok-DWXtQaZnz2_3K9kgQAtMQjC_lSTwODWiDYGwF9TA4u-QTGQzmCmkSFrqyH_pGppQ&__tn__=%2CO%2CP-R', 'https://www.facebook.com/parvej.mahmudnobel?__cft__[0]=AZVnR-cc6KPY96mhdXs7mH4Ps7c_1kBhoh7PsIHVhxwbAtcWxAF4J_dDvMnUy2898caIRWSzCb5cdPohfqh40ok-DWXtQaZnz2_3K9kgQAtMQjC_lSTwODWiDYGwF9TA4u-QTGQzmCmkSFrqyH_pGppQ&__tn__=-]K-R', 'https://www.facebook.com/bangladeshnewstube/videos/540747500939346/?__cft__[0]=AZVnR-cc6KPY96mhdXs7mH4Ps7c_1kBhoh7PsIHVhxwbAtcWxAF4J_dDvMnUy2898caIRWSzCb5cdPohfqh40ok-DWXtQaZnz2_3K9kgQAtMQjC_lSTwODWiDYGwF9TA4u-QTGQzmCmkSFrqyH_pGppQ&__tn__=%2B%3FFH-R']",28_05_2022-02_56_01-Bangladesh News-partho.csv
ঢাকা বিশ্ববিদ্যালয় আবারো ছাত্রদল-ছাত্রলীগ মুখোমুখি এই মুহূর্তে হঠাৎ মাঠে নামলেন বিএনপি খালেদা জিয়ার নতুন যুবদলের মহাসম্মেলন পাওয়ারফুল শোডাউন সরাসরি এক্সক্লুসিভ লাইভ  জাতীয় প্রেসক্লাব বাংলাদেশ Sheikh Hasina Chhatra League Khaleda Zia Chhatra Dal,"['https://www.facebook.com/bangladeshnewstube/?__cft__[0]=AZUlt1WLLxZwbgzTNngj29jFrbYPOWVmRZj64e-wMWvxGqD52lToB-02p72x-DRo54ENxaDcAGSVOKrZAg9K4q1PHeY2x82UjfasRhkfc2TS2zujFWzBVRD0JAHNDoesNbASWhPWgybwjoLA-R6L1bfd&__tn__=%3C%2CP-R', 'https://www.facebook.com/bangladeshnewstube/?__cft__[0]=AZUlt1WLLxZwbgzTNngj29jFrbYPOWVmRZj64e-wMWvxGqD52lToB-02p72x-DRo54ENxaDcAGSVOKrZAg9K4q1PHeY2x82UjfasRhkfc2TS2zujFWzBVRD0JAHNDoesNbASWhPWgybwjoLA-R6L1bfd&__tn__=%3C%3C%2CP-R', 'https://www.facebook.com/bangladeshnewstube/?__cft__[0]=AZUlt1WLLxZwbgzTNngj29jFrbYPOWVmRZj64e-wMWvxGqD52lToB-02p72x-DRo54ENxaDcAGSVOKrZAg9K4q1PHeY2x82UjfasRhkfc2TS2zujFWzBVRD0JAHNDoesNbASWhPWgybwjoLA-R6L1bfd&__tn__=kC%2CP-R', 'https://www.facebook.com/bangladeshnewstube/videos/324068283230971/?__cft__[0]=AZUlt1WLLxZwbgzTNngj29jFrbYPOWVmRZj64e-wMWvxGqD52lToB-02p72x-DRo54ENxaDcAGSVOKrZAg9K4q1PHeY2x82UjfasRhkfc2TS2zujFWzBVRD0JAHNDoesNbASWhPWgybwjoLA-R6L1bfd&__tn__=%2CO%2CP-R', 'https://www.facebook.com/bangladeshnewstube/videos/324068283230971/?__cft__[0]=AZUlt1WLLxZwbgzTNngj29jFrbYPOWVmRZj64e-wMWvxGqD52lToB-02p72x-DRo54ENxaDcAGSVOKrZAg9K4q1PHeY2x82UjfasRhkfc2TS2zujFWzBVRD0JAHNDoesNbASWhPWgybwjoLA-R6L1bfd&__tn__=%2B%3FFH-R']",28_05_2022-02_56_01-Bangladesh News-partho.csv
"বিরোধী রাজনৈতিক দলের নেতা-কর্মীদের ও ভিন্ন মতের নাগরিকদের উপর হামলা-মামলা, হুমকি ও হয়রানীর প্রতিবাদে আজ শনিবার (২৮ মে)  বিক্ষোভ সমাবেশ ও মৌন মিছিল করে গণ অধিকার পরিষদ।","['https://www.facebook.com/unbnewsroom/?__cft__[0]=AZWHxIvUWQ2omXFyCAupVy5HDlsKls7M56yem3HVqwn6GlCsUKjiHNPYoGIG5UPEI4tK2EUX0eUXS2QnTlE5PUbV_Y8lZA_-2v_UAmr1MRL_UOxX5I1PPjYqZU4U1XjScMw&__tn__=%3C%2CP-R', 'https://www.facebook.com/unbnewsroom/?__cft__[0]=AZWHxIvUWQ2omXFyCAupVy5HDlsKls7M56yem3HVqwn6GlCsUKjiHNPYoGIG5UPEI4tK2EUX0eUXS2QnTlE5PUbV_Y8lZA_-2v_UAmr1MRL_UOxX5I1PPjYqZU4U1XjScMw&__tn__=%3C%3C%2CP-R', 'https://www.facebook.com/unbnewsroom/?__cft__[0]=AZWHxIvUWQ2omXFyCAupVy5HDlsKls7M56yem3HVqwn6GlCsUKjiHNPYoGIG5UPEI4tK2EUX0eUXS2QnTlE5PUbV_Y8lZA_-2v_UAmr1MRL_UOxX5I1PPjYqZU4U1XjScMw&__tn__=-UC%2CP-R', 'https://www.facebook.com/unbnewsroom/posts/3285490578401767?__cft__[0]=AZWHxIvUWQ2omXFyCAupVy5HDlsKls7M56yem3HVqwn6GlCsUKjiHNPYoGIG5UPEI4tK2EUX0eUXS2QnTlE5PUbV_Y8lZA_-2v_UAmr1MRL_UOxX5I1PPjYqZU4U1XjScMw&__tn__=%2CO%2CP-R', 'https://l.facebook.com/l.php?u=https%3A%2F%2Funb.com.bd%2F%3Ffbclid%3DIwAR0k_w6F_5u1wnQL3rRcrv6kejjFV1CMk56t8plFAtqKa6DU5oQL85DivM4&h=AT2ySfViEikRTgmGU2HbyBJiYlio5mGEqSBcyKeWx4p2nzrzkFo1-q_weWIj-Uv_1c2djOI814oXqR_FP3sTbMgS6mNk5e-3gQ9yGWT__dFjdaFIqiwBLOAtUSmwgca5F9ok&__tn__=-UK-R&c[0]=AT2u1D5b3xNF-3ybImIqFQ_JCzU9OUWSx4QqM7vv6uFDOyawEVk8dpRXoN-2KgSRc_rqawBnc7sr7_5rekhm4QvYJV0HjrKO4eu_TtIjLlU7_0EigTIJEutdlv5jOpyqQ7COEXQjs2o6ztGmVb3vzpwo4Q', 'https://www.facebook.com/unbnewsroom/photos/pcb.3285490578401767/3285490218401803/?__cft__[0]=AZWHxIvUWQ2omXFyCAupVy5HDlsKls7M56yem3HVqwn6GlCsUKjiHNPYoGIG5UPEI4tK2EUX0eUXS2QnTlE5PUbV_Y8lZA_-2v_UAmr1MRL_UOxX5I1PPjYqZU4U1XjScMw&__tn__=*bH-R', 'https://www.facebook.com/unbnewsroom/photos/pcb.3285490578401767/3285490221735136/?__cft__[0]=AZWHxIvUWQ2omXFyCAupVy5HDlsKls7M56yem3HVqwn6GlCsUKjiHNPYoGIG5UPEI4tK2EUX0eUXS2QnTlE5PUbV_Y8lZA_-2v_UAmr1MRL_UOxX5I1PPjYqZU4U1XjScMw&__tn__=*bH-R', 'https://www.facebook.com/unbnewsroom/photos/pcb.3285490578401767/3285490175068474/?__cft__[0]=AZWHxIvUWQ2omXFyCAupVy5HDlsKls7M56yem3HVqwn6GlCsUKjiHNPYoGIG5UPEI4tK2EUX0eUXS2QnTlE5PUbV_Y8lZA_-2v_UAmr1MRL_UOxX5I1PPjYqZU4U1XjScMw&__tn__=*bH-R', 'https://www.facebook.com/unbnewsroom/photos/pcb.3285490578401767/3285490168401808/?__cft__[0]=AZWHxIvUWQ2omXFyCAupVy5HDlsKls7M56yem3HVqwn6GlCsUKjiHNPYoGIG5UPEI4tK2EUX0eUXS2QnTlE5PUbV_Y8lZA_-2v_UAmr1MRL_UOxX5I1PPjYqZU4U1XjScMw&__tn__=*bH-R']",28_05_2022-02_56_01-Bangladesh News-partho.csv
"কেন্দ্রীয় শহীদ মিনারে শ্রদ্ধায় আব্দুল গাফ্ফার চৌধুরীর মরদেহ, সরাসরি..","['https://www.facebook.com/bangladeshtimes71/?__cft__[0]=AZUKoSzEaRID5jJkK7TEUPyaXHS9TYd0FIQ487ir0LySlKed7AeGuvjbLsvXz3NVQju44PrQa00e7bkiRJrFkRF0S1rWQnXbdMoxkJKpDPs5AWaCuyEgc84chPYefTGaApg4QkbKfDyb8A7lbPHFM3PP&__tn__=%3C%2CP-R', '/stories/868431776823597/UzpfSVNDOjQ4NDUwOTQ1ODg5MzUyNzM=/?view_single=true&__cft__[0]=AZUKoSzEaRID5jJkK7TEUPyaXHS9TYd0FIQ487ir0LySlKed7AeGuvjbLsvXz3NVQju44PrQa00e7bkiRJrFkRF0S1rWQnXbdMoxkJKpDPs5AWaCuyEgc84chPYefTGaApg4QkbKfDyb8A7lbPHFM3PP&__tn__=%3C%3C%2CP-R', 'https://www.facebook.com/bangladeshtimes71/?__cft__[0]=AZUKoSzEaRID5jJkK7TEUPyaXHS9TYd0FIQ487ir0LySlKed7AeGuvjbLsvXz3NVQju44PrQa00e7bkiRJrFkRF0S1rWQnXbdMoxkJKpDPs5AWaCuyEgc84chPYefTGaApg4QkbKfDyb8A7lbPHFM3PP&__tn__=kC%2CP-R', 'https://www.facebook.com/bangladeshtimes71/videos/425837945677495/?__cft__[0]=AZUKoSzEaRID5jJkK7TEUPyaXHS9TYd0FIQ487ir0LySlKed7AeGuvjbLsvXz3NVQju44PrQa00e7bkiRJrFkRF0S1rWQnXbdMoxkJKpDPs5AWaCuyEgc84chPYefTGaApg4QkbKfDyb8A7lbPHFM3PP&__tn__=%2CO%2CP-R', 'https://www.facebook.com/bangladeshtimes71/videos/425837945677495/?__cft__[0]=AZUKoSzEaRID5jJkK7TEUPyaXHS9TYd0FIQ487ir0LySlKed7AeGuvjbLsvXz3NVQju44PrQa00e7bkiRJrFkRF0S1rWQnXbdMoxkJKpDPs5AWaCuyEgc84chPYefTGaApg4QkbKfDyb8A7lbPHFM3PP&__tn__=%2B%3FFH-R']",28_05_2022-02_56_01-Bangladesh News-partho.csv
শহীদ মিনারে শেষ শ্রদ্ধায় সিক্ত গাফ্ফার চৌধুরী,"['https://www.facebook.com/unbnewsroom/?__cft__[0]=AZXiTziHIjtkgB9MwwfHRq3KiGoP7OtRYRfphX60AAJSml9ST0aOO-qGcNH-ysKa0A-BeCFmY3JqQ7H1TKlkoo9Pl-4mmM1vFzJNMG9PpUA-Uu9R-ivgqEb6kLSrd9s5j0c&__tn__=%3C%2CP-R', 'https://www.facebook.com/unbnewsroom/?__cft__[0]=AZXiTziHIjtkgB9MwwfHRq3KiGoP7OtRYRfphX60AAJSml9ST0aOO-qGcNH-ysKa0A-BeCFmY3JqQ7H1TKlkoo9Pl-4mmM1vFzJNMG9PpUA-Uu9R-ivgqEb6kLSrd9s5j0c&__tn__=%3C%3C%2CP-R', 'https://www.facebook.com/unbnewsroom/?__cft__[0]=AZXiTziHIjtkgB9MwwfHRq3KiGoP7OtRYRfphX60AAJSml9ST0aOO-qGcNH-ysKa0A-BeCFmY3JqQ7H1TKlkoo9Pl-4mmM1vFzJNMG9PpUA-Uu9R-ivgqEb6kLSrd9s5j0c&__tn__=-UC%2CP-R', 'https://www.facebook.com/unbnewsroom/posts/3285504698400355?__cft__[0]=AZXiTziHIjtkgB9MwwfHRq3KiGoP7OtRYRfphX60AAJSml9ST0aOO-qGcNH-ysKa0A-BeCFmY3JqQ7H1TKlkoo9Pl-4mmM1vFzJNMG9PpUA-Uu9R-ivgqEb6kLSrd9s5j0c&__tn__=%2CO%2CP-R', 'https://www.facebook.com/unbnewsroom/photos/pcb.3285504698400355/3285504131733745/?__cft__[0]=AZXiTziHIjtkgB9MwwfHRq3KiGoP7OtRYRfphX60AAJSml9ST0aOO-qGcNH-ysKa0A-BeCFmY3JqQ7H1TKlkoo9Pl-4mmM1vFzJNMG9PpUA-Uu9R-ivgqEb6kLSrd9s5j0c&__tn__=*bH-R', 'https://www.facebook.com/unbnewsroom/photos/pcb.3285504698400355/3285504115067080/?__cft__[0]=AZXiTziHIjtkgB9MwwfHRq3KiGoP7OtRYRfphX60AAJSml9ST0aOO-qGcNH-ysKa0A-BeCFmY3JqQ7H1TKlkoo9Pl-4mmM1vFzJNMG9PpUA-Uu9R-ivgqEb6kLSrd9s5j0c&__tn__=*bH-R', 'https://www.facebook.com/unbnewsroom/photos/pcb.3285504698400355/3285504085067083/?__cft__[0]=AZXiTziHIjtkgB9MwwfHRq3KiGoP7OtRYRfphX60AAJSml9ST0aOO-qGcNH-ysKa0A-BeCFmY3JqQ7H1TKlkoo9Pl-4mmM1vFzJNMG9PpUA-Uu9R-ivgqEb6kLSrd9s5j0c&__tn__=*bH-R', 'https://www.facebook.com/unbnewsroom/photos/pcb.3285504698400355/3285504178400407/?__cft__[0]=AZXiTziHIjtkgB9MwwfHRq3KiGoP7OtRYRfphX60AAJSml9ST0aOO-qGcNH-ysKa0A-BeCFmY3JqQ7H1TKlkoo9Pl-4mmM1vFzJNMG9PpUA-Uu9R-ivgqEb6kLSrd9s5j0c&__tn__=*bH-R']",28_05_2022-02_56_01-Bangladesh News-partho.csv
ইসলামী ছাত্র আন্দোলন বাংলাদেশ বরিশাল বিশ্ববিদ্যালয় শাখার দাওয়াহ বিভাগের উদ্যেগে মাসিক ইজতেমা অনুষ্ঠিত হয়েছে।,"['https://www.facebook.com/icabd91/?__cft__[0]=AZUXbXAYTf2kq1riyXenCKJ90B7__vn1atnX1Sn-tXOY8cS3KUmeVELg-CcsReg1RYg6b2nxodh3RXIBj8YaHjYbIcc-zHJT9Xzad1o3lWQrlTsP4zgbi79XIR7KWS5HTIw&__tn__=%3C%2CP-R', 'https://www.facebook.com/icabd91/?__cft__[0]=AZUXbXAYTf2kq1riyXenCKJ90B7__vn1atnX1Sn-tXOY8cS3KUmeVELg-CcsReg1RYg6b2nxodh3RXIBj8YaHjYbIcc-zHJT9Xzad1o3lWQrlTsP4zgbi79XIR7KWS5HTIw&__tn__=%3C%3C%2CP-R', 'https://www.facebook.com/icabd91/?__cft__[0]=AZUXbXAYTf2kq1riyXenCKJ90B7__vn1atnX1Sn-tXOY8cS3KUmeVELg-CcsReg1RYg6b2nxodh3RXIBj8YaHjYbIcc-zHJT9Xzad1o3lWQrlTsP4zgbi79XIR7KWS5HTIw&__tn__=-UC%2CP-R', 'https://www.facebook.com/icabd91/posts/5078364555552686?__cft__[0]=AZUXbXAYTf2kq1riyXenCKJ90B7__vn1atnX1Sn-tXOY8cS3KUmeVELg-CcsReg1RYg6b2nxodh3RXIBj8YaHjYbIcc-zHJT9Xzad1o3lWQrlTsP4zgbi79XIR7KWS5HTIw&__tn__=%2CO%2CP-R', 'https://www.facebook.com/icabd91/photos/pcb.5078364555552686/5078364352219373/?__cft__[0]=AZUXbXAYTf2kq1riyXenCKJ90B7__vn1atnX1Sn-tXOY8cS3KUmeVELg-CcsReg1RYg6b2nxodh3RXIBj8YaHjYbIcc-zHJT9Xzad1o3lWQrlTsP4zgbi79XIR7KWS5HTIw&__tn__=*bH-R', 'https://www.facebook.com/icabd91/photos/pcb.5078364555552686/5078364412219367/?__cft__[0]=AZUXbXAYTf2kq1riyXenCKJ90B7__vn1atnX1Sn-tXOY8cS3KUmeVELg-CcsReg1RYg6b2nxodh3RXIBj8YaHjYbIcc-zHJT9Xzad1o3lWQrlTsP4zgbi79XIR7KWS5HTIw&__tn__=*bH-R', 'https://www.facebook.com/icabd91/photos/pcb.5078364555552686/5078364512219357/?__cft__[0]=AZUXbXAYTf2kq1riyXenCKJ90B7__vn1atnX1Sn-tXOY8cS3KUmeVELg-CcsReg1RYg6b2nxodh3RXIBj8YaHjYbIcc-zHJT9Xzad1o3lWQrlTsP4zgbi79XIR7KWS5HTIw&__tn__=*bH-R']",28_05_2022-02_56_01-Bangladesh News-partho.csv
ঈশ্বরের অশেষ কৃপায় উদ্ধার কাজ সকাল ৭:৩৫ এ শেষ। রিলিফ ট্রেন তার মালামাল গুছাচছে। শীঘ্রই ট্রেন চলাচল শুরু হবে।,"['https://www.facebook.com/media/set/?vanity=RailwayGallerybd&set=a.840380720688032&__cft__[0]=AZX0a9LD15exz0cB4OuN5MxoFUnYikHNAKc2fquF_iwfLnOrl8GawSpzgiarPAHxR4xNk21o_5buOvhIdL1Q7GpZHjRMu1YEX6EflXCwiih8g0XHhxEDBML-7iYfNsm7KUE&__tn__=-R', 'https://www.facebook.com/RailwayGallerybd/?__cft__[0]=AZX0a9LD15exz0cB4OuN5MxoFUnYikHNAKc2fquF_iwfLnOrl8GawSpzgiarPAHxR4xNk21o_5buOvhIdL1Q7GpZHjRMu1YEX6EflXCwiih8g0XHhxEDBML-7iYfNsm7KUE&__tn__=%3C%2CP-R', 'https://www.facebook.com/RailwayGallerybd/?__cft__[0]=AZX0a9LD15exz0cB4OuN5MxoFUnYikHNAKc2fquF_iwfLnOrl8GawSpzgiarPAHxR4xNk21o_5buOvhIdL1Q7GpZHjRMu1YEX6EflXCwiih8g0XHhxEDBML-7iYfNsm7KUE&__tn__=%3C%3C%2CP-R', 'https://www.facebook.com/RailwayGallerybd/?__cft__[0]=AZX0a9LD15exz0cB4OuN5MxoFUnYikHNAKc2fquF_iwfLnOrl8GawSpzgiarPAHxR4xNk21o_5buOvhIdL1Q7GpZHjRMu1YEX6EflXCwiih8g0XHhxEDBML-7iYfNsm7KUE&__tn__=kC%2CP-R', 'https://www.facebook.com/RailwayGallerybd/posts/871315620927875?__cft__[0]=AZX0a9LD15exz0cB4OuN5MxoFUnYikHNAKc2fquF_iwfLnOrl8GawSpzgiarPAHxR4xNk21o_5buOvhIdL1Q7GpZHjRMu1YEX6EflXCwiih8g0XHhxEDBML-7iYfNsm7KUE&__tn__=%2CO%2CP-R', 'https://www.facebook.com/profile.php?id=100070841904591&__cft__[0]=AZX0a9LD15exz0cB4OuN5MxoFUnYikHNAKc2fquF_iwfLnOrl8GawSpzgiarPAHxR4xNk21o_5buOvhIdL1Q7GpZHjRMu1YEX6EflXCwiih8g0XHhxEDBML-7iYfNsm7KUE&__tn__=-]K-R', 'https://www.facebook.com/RailwayGallerybd/photos/a.840380720688032/871315587594545/?__cft__[0]=AZX0a9LD15exz0cB4OuN5MxoFUnYikHNAKc2fquF_iwfLnOrl8GawSpzgiarPAHxR4xNk21o_5buOvhIdL1Q7GpZHjRMu1YEX6EflXCwiih8g0XHhxEDBML-7iYfNsm7KUE&__tn__=EH-R']",28_05_2022-02_56_01-Bangladesh News-partho.csv
১১ লক্ষ টাকা খরচ করে নিজেকে ‘কুকুর’ বানালেন যুবক,"['https://www.facebook.com/mytvbangla/?__cft__[0]=AZUu1U5Y6EIr4XWU3IhsM2o3tQyXWs8BT2LPjGKANyI8RKtCzn-S4V0jy6wchbPgp0Pswnu2Jggdy1fU97gdxZ6bjGpE4Ke5MfHN5YukiJDsspNXj4FkBvEX8F_8QFh4mIeHzAAYFdT-FjVojm3QIVnS&__tn__=%3C%2CP-R', 'https://www.facebook.com/mytvbangla/?__cft__[0]=AZUu1U5Y6EIr4XWU3IhsM2o3tQyXWs8BT2LPjGKANyI8RKtCzn-S4V0jy6wchbPgp0Pswnu2Jggdy1fU97gdxZ6bjGpE4Ke5MfHN5YukiJDsspNXj4FkBvEX8F_8QFh4mIeHzAAYFdT-FjVojm3QIVnS&__tn__=%3C%3C%2CP-R', 'https://www.facebook.com/mytvbangla/?__cft__[0]=AZUu1U5Y6EIr4XWU3IhsM2o3tQyXWs8BT2LPjGKANyI8RKtCzn-S4V0jy6wchbPgp0Pswnu2Jggdy1fU97gdxZ6bjGpE4Ke5MfHN5YukiJDsspNXj4FkBvEX8F_8QFh4mIeHzAAYFdT-FjVojm3QIVnS&__tn__=-UC%2CP-R', 'https://www.facebook.com/mytvbangla/posts/2181305338698343?__cft__[0]=AZUu1U5Y6EIr4XWU3IhsM2o3tQyXWs8BT2LPjGKANyI8RKtCzn-S4V0jy6wchbPgp0Pswnu2Jggdy1fU97gdxZ6bjGpE4Ke5MfHN5YukiJDsspNXj4FkBvEX8F_8QFh4mIeHzAAYFdT-FjVojm3QIVnS&__tn__=%2CO%2CP-R', 'https://www.facebook.com/mytvbangla/videos/1064071414200906/?__cft__[0]=AZUu1U5Y6EIr4XWU3IhsM2o3tQyXWs8BT2LPjGKANyI8RKtCzn-S4V0jy6wchbPgp0Pswnu2Jggdy1fU97gdxZ6bjGpE4Ke5MfHN5YukiJDsspNXj4FkBvEX8F_8QFh4mIeHzAAYFdT-FjVojm3QIVnS&__tn__=%2B%3FFH-R']",28_05_2022-02_56_01-Bangladesh News-partho.csv
প্রেসক্লাবের সামনে বিএনপি-যুবদলের বিক্ষোভ ,"['https://www.facebook.com/unbnewsroom/?__cft__[0]=AZXkOXAMe0O-Xj5UvcUUrgpTgSfaQ63JX6xAbmQJDmRafwy1AifPjShmN_iDm62EuoA4HCyVvg7v4DQ-yo8LvjE2qTwqoA9NNiyv5_O0ggD0-XRHuUWcH84DeV55FgeOr-I&__tn__=%3C%2CP-R', 'https://www.facebook.com/unbnewsroom/?__cft__[0]=AZXkOXAMe0O-Xj5UvcUUrgpTgSfaQ63JX6xAbmQJDmRafwy1AifPjShmN_iDm62EuoA4HCyVvg7v4DQ-yo8LvjE2qTwqoA9NNiyv5_O0ggD0-XRHuUWcH84DeV55FgeOr-I&__tn__=%3C%3C%2CP-R', 'https://www.facebook.com/unbnewsroom/?__cft__[0]=AZXkOXAMe0O-Xj5UvcUUrgpTgSfaQ63JX6xAbmQJDmRafwy1AifPjShmN_iDm62EuoA4HCyVvg7v4DQ-yo8LvjE2qTwqoA9NNiyv5_O0ggD0-XRHuUWcH84DeV55FgeOr-I&__tn__=-UC%2CP-R', 'https://www.facebook.com/unbnewsroom/posts/3285485725068919?__cft__[0]=AZXkOXAMe0O-Xj5UvcUUrgpTgSfaQ63JX6xAbmQJDmRafwy1AifPjShmN_iDm62EuoA4HCyVvg7v4DQ-yo8LvjE2qTwqoA9NNiyv5_O0ggD0-XRHuUWcH84DeV55FgeOr-I&__tn__=%2CO%2CP-R', 'https://www.facebook.com/unbnewsroom/photos/pcb.3285485725068919/3285485215068970/?__cft__[0]=AZXkOXAMe0O-Xj5UvcUUrgpTgSfaQ63JX6xAbmQJDmRafwy1AifPjShmN_iDm62EuoA4HCyVvg7v4DQ-yo8LvjE2qTwqoA9NNiyv5_O0ggD0-XRHuUWcH84DeV55FgeOr-I&__tn__=*bH-R', 'https://www.facebook.com/unbnewsroom/photos/pcb.3285485725068919/3285485175068974/?__cft__[0]=AZXkOXAMe0O-Xj5UvcUUrgpTgSfaQ63JX6xAbmQJDmRafwy1AifPjShmN_iDm62EuoA4HCyVvg7v4DQ-yo8LvjE2qTwqoA9NNiyv5_O0ggD0-XRHuUWcH84DeV55FgeOr-I&__tn__=*bH-R', 'https://www.facebook.com/unbnewsroom/photos/pcb.3285485725068919/3285485168402308/?__cft__[0]=AZXkOXAMe0O-Xj5UvcUUrgpTgSfaQ63JX6xAbmQJDmRafwy1AifPjShmN_iDm62EuoA4HCyVvg7v4DQ-yo8LvjE2qTwqoA9NNiyv5_O0ggD0-XRHuUWcH84DeV55FgeOr-I&__tn__=*bH-R', 'https://www.facebook.com/unbnewsroom/photos/pcb.3285485725068919/3285485151735643/?__cft__[0]=AZXkOXAMe0O-Xj5UvcUUrgpTgSfaQ63JX6xAbmQJDmRafwy1AifPjShmN_iDm62EuoA4HCyVvg7v4DQ-yo8LvjE2qTwqoA9NNiyv5_O0ggD0-XRHuUWcH84DeV55FgeOr-I&__tn__=*bH-R']",28_05_2022-02_56_01-Bangladesh News-partho.csv
"""বন্যাদু্র্গতদের পাশে তালামীযে ইসলামিয়া""কানাইঘাট ও জকিগঞ্জে ১৫০ পরিবারের মাঝে তালামীযে ইসলামিয়ার খাদ্য সামগ্রী ও নগদ অর্থ বিতরণ","['https://www.facebook.com/talamijbd.org/?__cft__[0]=AZVa_CmTH5TPXslksooW9U_khrTkZnVJykKP4l7N_HeG4zX-wimApBZC56Ln_6MM9iSUQnGaIV4D5PBlQINTc69alvyZ5lKMyuPCAkY8aoJi5_puUAHlXBKp-9PQXFVgV4A&__tn__=%3C%2CP-R', 'https://www.facebook.com/talamijbd.org/?__cft__[0]=AZVa_CmTH5TPXslksooW9U_khrTkZnVJykKP4l7N_HeG4zX-wimApBZC56Ln_6MM9iSUQnGaIV4D5PBlQINTc69alvyZ5lKMyuPCAkY8aoJi5_puUAHlXBKp-9PQXFVgV4A&__tn__=%3C%3C%2CP-R', 'https://www.facebook.com/talamijbd.org/?__cft__[0]=AZVa_CmTH5TPXslksooW9U_khrTkZnVJykKP4l7N_HeG4zX-wimApBZC56Ln_6MM9iSUQnGaIV4D5PBlQINTc69alvyZ5lKMyuPCAkY8aoJi5_puUAHlXBKp-9PQXFVgV4A&__tn__=-UC%2CP-R', 'https://www.facebook.com/talamijbd.org/posts/5264716320257179?__cft__[0]=AZVa_CmTH5TPXslksooW9U_khrTkZnVJykKP4l7N_HeG4zX-wimApBZC56Ln_6MM9iSUQnGaIV4D5PBlQINTc69alvyZ5lKMyuPCAkY8aoJi5_puUAHlXBKp-9PQXFVgV4A&__tn__=%2CO%2CP-R', 'https://www.facebook.com/talamijbd.org/photos/a.532347380160787/5264716266923851/?__cft__[0]=AZVa_CmTH5TPXslksooW9U_khrTkZnVJykKP4l7N_HeG4zX-wimApBZC56Ln_6MM9iSUQnGaIV4D5PBlQINTc69alvyZ5lKMyuPCAkY8aoJi5_puUAHlXBKp-9PQXFVgV4A&__tn__=EH-R']",28_05_2022-02_56_01-Bangladesh News-partho.csv
আবদুল গাফফার চৌধুরীর মরদেহ ঢাকায় | UNB,"['https://www.facebook.com/unbnewsroom/?__cft__[0]=AZXedrUkYG83tHjYjfC84qLXFCInOezTy1jwieNInI0AS_c6xBTgrd0g8S8B7KFTf-wmVG-T9xjU2vEw7yU1c6CZeeoZmKCNxZdC9JQIssUvcrvnZ9rxT4LdFC8PEqNXCkonjnrB8_NtH1wev7sw99GH&__tn__=%3C%2CP-R', 'https://www.facebook.com/unbnewsroom/?__cft__[0]=AZXedrUkYG83tHjYjfC84qLXFCInOezTy1jwieNInI0AS_c6xBTgrd0g8S8B7KFTf-wmVG-T9xjU2vEw7yU1c6CZeeoZmKCNxZdC9JQIssUvcrvnZ9rxT4LdFC8PEqNXCkonjnrB8_NtH1wev7sw99GH&__tn__=%3C%3C%2CP-R', 'https://www.facebook.com/unbnewsroom/?__cft__[0]=AZXedrUkYG83tHjYjfC84qLXFCInOezTy1jwieNInI0AS_c6xBTgrd0g8S8B7KFTf-wmVG-T9xjU2vEw7yU1c6CZeeoZmKCNxZdC9JQIssUvcrvnZ9rxT4LdFC8PEqNXCkonjnrB8_NtH1wev7sw99GH&__tn__=-UC%2CP-R', 'https://www.facebook.com/unbnewsroom/videos/699462374667200/?__cft__[0]=AZXedrUkYG83tHjYjfC84qLXFCInOezTy1jwieNInI0AS_c6xBTgrd0g8S8B7KFTf-wmVG-T9xjU2vEw7yU1c6CZeeoZmKCNxZdC9JQIssUvcrvnZ9rxT4LdFC8PEqNXCkonjnrB8_NtH1wev7sw99GH&__tn__=%2CO%2CP-R', 'https://l.facebook.com/l.php?u=https%3A%2F%2Funb.com.bd%2F%3Ffbclid%3DIwAR1WTThhQcTai1uYHXDkl6_kOCSmhOQ-Hc3fRdoU88jgcJVufvlpiCbuEc8&h=AT2ZNVKHufIPZmIv8DF1kZaZrvcoBSA1s1FrEtQ4KRDnCORFXnMivaVr04vLSbwWYETyisoZKP-vnqsnmMDZ8T8t9CpQvCMz_BM7v328OTI2QCsOMgBRUK17RjpA6YJRoJHZ&__tn__=-UK-R&c[0]=AT0gnUitxdeyDDF95uPfqxR_GLCZIgD53Ls12xIC2KgrIcc1YTeQBPcAjahVT1380HX8Xh0njha7lHjLXoelfD59ucAh_tWxlsUu9suItHsRGYWbsJUohI-eEGNxnljJJ97DYLOpl3o3r6Zu7nWZA9vvyWcGnlzT9Gnv', 'https://www.facebook.com/unbnewsroom/videos/699462374667200/?__cft__[0]=AZXedrUkYG83tHjYjfC84qLXFCInOezTy1jwieNInI0AS_c6xBTgrd0g8S8B7KFTf-wmVG-T9xjU2vEw7yU1c6CZeeoZmKCNxZdC9JQIssUvcrvnZ9rxT4LdFC8PEqNXCkonjnrB8_NtH1wev7sw99GH&__tn__=%2B%3FFH-R']",28_05_2022-02_56_01-Bangladesh News-partho.csv
Joyful News:Hon'ble Prime Minister is handing over the promotion/Rank batch with his own hands. This is a different kind of joy and happy and proud news for the people of the whole Shailabashi i.e. Jhenaidah district and Khulna division. BMP Commissioner Md. Shahabuddin Khan has been promoted to the post of Additional Inspector General of Police AIGP (Grade-II) of Bangladesh Police Department. Former student of Mymensingh Agricultural University. The Man of Shailkupar's mast… See more,"['https://www.facebook.com/unitechgroupbd/?__cft__[0]=AZVZa8C3poZ3qTGvzjG_PH7XyEgous77K1O2155KhAENsqEea28oYhVuNqbsrnV1_VpwRxLjuDOyJ2YYtF2aJWgG8JCwi60Q3EJVAh8YJTKni8FM3H7-HmxZGTGxsB7MKls&__tn__=%3C%2CP-R', 'https://www.facebook.com/unitechgroupbd/?__cft__[0]=AZVZa8C3poZ3qTGvzjG_PH7XyEgous77K1O2155KhAENsqEea28oYhVuNqbsrnV1_VpwRxLjuDOyJ2YYtF2aJWgG8JCwi60Q3EJVAh8YJTKni8FM3H7-HmxZGTGxsB7MKls&__tn__=%3C%3C%2CP-R', 'https://www.facebook.com/unitechgroupbd/?__cft__[0]=AZVZa8C3poZ3qTGvzjG_PH7XyEgous77K1O2155KhAENsqEea28oYhVuNqbsrnV1_VpwRxLjuDOyJ2YYtF2aJWgG8JCwi60Q3EJVAh8YJTKni8FM3H7-HmxZGTGxsB7MKls&__tn__=-UC%2CP-R', 'https://www.facebook.com/unitechgroupbd/posts/5452872968080511?__cft__[0]=AZVZa8C3poZ3qTGvzjG_PH7XyEgous77K1O2155KhAENsqEea28oYhVuNqbsrnV1_VpwRxLjuDOyJ2YYtF2aJWgG8JCwi60Q3EJVAh8YJTKni8FM3H7-HmxZGTGxsB7MKls&__tn__=%2CO%2CP-R', 'https://www.facebook.com/unitechgroupbd/photos/a.724372127597309/5452860978081710/?__cft__[0]=AZVZa8C3poZ3qTGvzjG_PH7XyEgous77K1O2155KhAENsqEea28oYhVuNqbsrnV1_VpwRxLjuDOyJ2YYtF2aJWgG8JCwi60Q3EJVAh8YJTKni8FM3H7-HmxZGTGxsB7MKls&__tn__=EH-R']",28_05_2022-02_56_01-Bangladesh News-partho.csv
LIVO UP YOUR STYLE,"['https://www.facebook.com/bdhondaofficial/?__cft__[0]=AZXsJp_Mzsg614Y5qsAXUSfFv1POIpOzUBFBZjciRDyVWXdSh8uygPiknef3tqD4KljdY8oXJ0Wtokljn_MGwbkE2eBAA8mr3pHP-nTez7X8lcc8qA7ck3OBovw5ltXpLg8&__tn__=%3C%2CP-R', 'https://www.facebook.com/bdhondaofficial/?__cft__[0]=AZXsJp_Mzsg614Y5qsAXUSfFv1POIpOzUBFBZjciRDyVWXdSh8uygPiknef3tqD4KljdY8oXJ0Wtokljn_MGwbkE2eBAA8mr3pHP-nTez7X8lcc8qA7ck3OBovw5ltXpLg8&__tn__=%3C%3C%2CP-R', 'https://www.facebook.com/bdhondaofficial/?__cft__[0]=AZXsJp_Mzsg614Y5qsAXUSfFv1POIpOzUBFBZjciRDyVWXdSh8uygPiknef3tqD4KljdY8oXJ0Wtokljn_MGwbkE2eBAA8mr3pHP-nTez7X8lcc8qA7ck3OBovw5ltXpLg8&__tn__=-UC%2CP-R', 'https://www.facebook.com/bdhondaofficial/posts/5166502523441124?__cft__[0]=AZXsJp_Mzsg614Y5qsAXUSfFv1POIpOzUBFBZjciRDyVWXdSh8uygPiknef3tqD4KljdY8oXJ0Wtokljn_MGwbkE2eBAA8mr3pHP-nTez7X8lcc8qA7ck3OBovw5ltXpLg8&__tn__=%2CO%2CP-R', 'https://l.facebook.com/l.php?u=https%3A%2F%2Fwww.bdhonda.com%2Fproduct%2Flivo%2Findex%3Ffbclid%3DIwAR3vqTCi4S6rk1q8Wfi1RctSQuLx0R6qOvris47ffsl2nLaDk0B17hpn6tE&h=AT1t7O4wNtezkbaHo9xIiNX26Gwl-DHAFDtNoeWssQddtr9g4OzTJ2enadW9VZwXPNeaSsCj5pmMWqzi4TLNgI6dg_DqozeoITcEg11hU4mrB_P1BoQGk5N-KgZaFMfwp5q_&__tn__=-UK-R&c[0]=AT3dctHxOpcSGHHjU1br0DIAXquws9J5yV1hEAMuxRVIbAQ2wEXKGtwPUxjsOHPJruNEmHr1kwAGP-NCSijrpthyiMh5miu9lWanhJ9Re4WJRrGRJuZXgAru-MXD09iLssQN7ZifUy1NxcJEg40xj9RDug', 'https://www.facebook.com/bdhondaofficial/photos/a.1616217705136308/5166502196774490/?__cft__[0]=AZXsJp_Mzsg614Y5qsAXUSfFv1POIpOzUBFBZjciRDyVWXdSh8uygPiknef3tqD4KljdY8oXJ0Wtokljn_MGwbkE2eBAA8mr3pHP-nTez7X8lcc8qA7ck3OBovw5ltXpLg8&__tn__=EH-R']",28_05_2022-02_56_01-Bangladesh News-partho.csv
ইসলামী ছাত্র আন্দোলন বাংলাদেশ ঢাকা মহানগর পশ্চিমের উদ্যোগে নগরস্থ থানা উর্ধ্বতন দায়িত্বশীলদের নিয়ে মতবিনিময় সভা অনুষ্ঠিত হয়েছে।,"['https://www.facebook.com/icabd91/?__cft__[0]=AZViIvqBN-MXNFmzNfzPi85KxIQmHZXe-vNeRltVCuC9qkSrvBXLUusxlfbE2ALfZmo0f_7PqeRWJvoveY0sUa2kn9KwW9t-Qb9iqtAROrtye5LARkeTlkjTYIbjION8W6Y&__tn__=%3C%2CP-R', 'https://www.facebook.com/icabd91/?__cft__[0]=AZViIvqBN-MXNFmzNfzPi85KxIQmHZXe-vNeRltVCuC9qkSrvBXLUusxlfbE2ALfZmo0f_7PqeRWJvoveY0sUa2kn9KwW9t-Qb9iqtAROrtye5LARkeTlkjTYIbjION8W6Y&__tn__=%3C%3C%2CP-R', 'https://www.facebook.com/icabd91/?__cft__[0]=AZViIvqBN-MXNFmzNfzPi85KxIQmHZXe-vNeRltVCuC9qkSrvBXLUusxlfbE2ALfZmo0f_7PqeRWJvoveY0sUa2kn9KwW9t-Qb9iqtAROrtye5LARkeTlkjTYIbjION8W6Y&__tn__=-UC%2CP-R', 'https://www.facebook.com/icabd91/posts/5078661768856298?__cft__[0]=AZViIvqBN-MXNFmzNfzPi85KxIQmHZXe-vNeRltVCuC9qkSrvBXLUusxlfbE2ALfZmo0f_7PqeRWJvoveY0sUa2kn9KwW9t-Qb9iqtAROrtye5LARkeTlkjTYIbjION8W6Y&__tn__=%2CO%2CP-R', 'https://www.facebook.com/icabd91/photos/pcb.5078661768856298/5078661522189656/?__cft__[0]=AZViIvqBN-MXNFmzNfzPi85KxIQmHZXe-vNeRltVCuC9qkSrvBXLUusxlfbE2ALfZmo0f_7PqeRWJvoveY0sUa2kn9KwW9t-Qb9iqtAROrtye5LARkeTlkjTYIbjION8W6Y&__tn__=*bH-R', 'https://www.facebook.com/icabd91/photos/pcb.5078661768856298/5078661605522981/?__cft__[0]=AZViIvqBN-MXNFmzNfzPi85KxIQmHZXe-vNeRltVCuC9qkSrvBXLUusxlfbE2ALfZmo0f_7PqeRWJvoveY0sUa2kn9KwW9t-Qb9iqtAROrtye5LARkeTlkjTYIbjION8W6Y&__tn__=*bH-R', 'https://www.facebook.com/icabd91/photos/pcb.5078661768856298/5078661728856302/?__cft__[0]=AZViIvqBN-MXNFmzNfzPi85KxIQmHZXe-vNeRltVCuC9qkSrvBXLUusxlfbE2ALfZmo0f_7PqeRWJvoveY0sUa2kn9KwW9t-Qb9iqtAROrtye5LARkeTlkjTYIbjION8W6Y&__tn__=*bH-R']",28_05_2022-02_56_01-Bangladesh News-partho.csv
করোনা পরবর্তি ক্লেমন Clemon Indoor Uni Cricket ২০২২ মিরপুর ইনডোর স্টেডিয়ামে অনুষ্ঠিত হচ্ছে। আজ (২৮/০৫/২০২২) স্টামফোর্ড ইউনিভার্সিটি বাংলাদেশ ইন্টারন্যাশনাল স্ট্যান্ডার্ড ইউনিভার্সিটিকে ৭৭ রানে হারিয়ে জয় লাভ করে। আজকের ম্যান অব দ্যা ম্যাচ ৫ উইকেট নিয়ে স্টামফোর্ড ইউনিভার্সিটি বাংলাদেশ-এর সাজ্জাদ হোসেন।,"['https://www.facebook.com/stamfordedubd/?__cft__[0]=AZXPEvJkBjXQyMR5DQd4tvf_pYXqim0Q7sLwE7nqfG1qsbZWSUH9r5iiBf805ig0-eWj0Q-n59O492kSz75VUDC4X7eUgVAPDRT7FcBo4afTTBgDbmAOThzqu6mLRW7sZds&__tn__=%3C%2CP-R', 'https://www.facebook.com/stamfordedubd/?__cft__[0]=AZXPEvJkBjXQyMR5DQd4tvf_pYXqim0Q7sLwE7nqfG1qsbZWSUH9r5iiBf805ig0-eWj0Q-n59O492kSz75VUDC4X7eUgVAPDRT7FcBo4afTTBgDbmAOThzqu6mLRW7sZds&__tn__=%3C%3C%2CP-R', 'https://www.facebook.com/stamfordedubd/?__cft__[0]=AZXPEvJkBjXQyMR5DQd4tvf_pYXqim0Q7sLwE7nqfG1qsbZWSUH9r5iiBf805ig0-eWj0Q-n59O492kSz75VUDC4X7eUgVAPDRT7FcBo4afTTBgDbmAOThzqu6mLRW7sZds&__tn__=-UC%2CP-R', 'https://www.facebook.com/stamfordedubd/posts/5362792027121079?__cft__[0]=AZXPEvJkBjXQyMR5DQd4tvf_pYXqim0Q7sLwE7nqfG1qsbZWSUH9r5iiBf805ig0-eWj0Q-n59O492kSz75VUDC4X7eUgVAPDRT7FcBo4afTTBgDbmAOThzqu6mLRW7sZds&__tn__=%2CO%2CP-R', 'https://www.facebook.com/clemonindoorunicricket/?__cft__[0]=AZXPEvJkBjXQyMR5DQd4tvf_pYXqim0Q7sLwE7nqfG1qsbZWSUH9r5iiBf805ig0-eWj0Q-n59O492kSz75VUDC4X7eUgVAPDRT7FcBo4afTTBgDbmAOThzqu6mLRW7sZds&__tn__=kK-R', 'https://www.facebook.com/stamfordedubd/photos/pcb.5362792027121079/5362781067122175/?__cft__[0]=AZXPEvJkBjXQyMR5DQd4tvf_pYXqim0Q7sLwE7nqfG1qsbZWSUH9r5iiBf805ig0-eWj0Q-n59O492kSz75VUDC4X7eUgVAPDRT7FcBo4afTTBgDbmAOThzqu6mLRW7sZds&__tn__=*bH-R', 'https://www.facebook.com/stamfordedubd/photos/pcb.5362792027121079/5362781610455454/?__cft__[0]=AZXPEvJkBjXQyMR5DQd4tvf_pYXqim0Q7sLwE7nqfG1qsbZWSUH9r5iiBf805ig0-eWj0Q-n59O492kSz75VUDC4X7eUgVAPDRT7FcBo4afTTBgDbmAOThzqu6mLRW7sZds&__tn__=*bH-R', 'https://www.facebook.com/stamfordedubd/photos/pcb.5362792027121079/5362781823788766/?__cft__[0]=AZXPEvJkBjXQyMR5DQd4tvf_pYXqim0Q7sLwE7nqfG1qsbZWSUH9r5iiBf805ig0-eWj0Q-n59O492kSz75VUDC4X7eUgVAPDRT7FcBo4afTTBgDbmAOThzqu6mLRW7sZds&__tn__=*bH-R', 'https://www.facebook.com/stamfordedubd/photos/pcb.5362792027121079/5362783530455262/?__cft__[0]=AZXPEvJkBjXQyMR5DQd4tvf_pYXqim0Q7sLwE7nqfG1qsbZWSUH9r5iiBf805ig0-eWj0Q-n59O492kSz75VUDC4X7eUgVAPDRT7FcBo4afTTBgDbmAOThzqu6mLRW7sZds&__tn__=*bH-R']",28_05_2022-02_56_01-Bangladesh News-partho.csv
"TVS Raider-এর দুর্দান্ত পারফরমেন্স পেতে ব্যবহার করুন TVS রিকমেন্ডেড ""TRU-4 Synthetic""  ইঞ্জিন অয়েল। একমাত্র 'TVS Genuine' হলোগ্রাম যুক্ত ইঞ্জিন অয়েলই আপনাকে দেবে সঠিক ভাবে ইঞ্জিন রক্ষাণাবেক্ষণ এর গ্যারান্টি। নকল ইঞ্জিন অয়েল ব্যবহার থেকে সতর্ক থাকুন।","['https://www.facebook.com/tvs.bgd/?__cft__[0]=AZV8DG8NnlsX0bw1AGClhSdlIZQd1G7mI3EcAt51_T4QdM7qZWf3ayxIZmBPocaJOgXSxZTQu7fnqT-mgysVsI1LbmBK75TbsfmJjVL6PM1hmdrCgawkaq1PjWwR0sAOMbQ&__tn__=%3C%2CP-R', 'https://www.facebook.com/tvs.bgd/?__cft__[0]=AZV8DG8NnlsX0bw1AGClhSdlIZQd1G7mI3EcAt51_T4QdM7qZWf3ayxIZmBPocaJOgXSxZTQu7fnqT-mgysVsI1LbmBK75TbsfmJjVL6PM1hmdrCgawkaq1PjWwR0sAOMbQ&__tn__=%3C%3C%2CP-R', 'https://www.facebook.com/tvs.bgd/?__cft__[0]=AZV8DG8NnlsX0bw1AGClhSdlIZQd1G7mI3EcAt51_T4QdM7qZWf3ayxIZmBPocaJOgXSxZTQu7fnqT-mgysVsI1LbmBK75TbsfmJjVL6PM1hmdrCgawkaq1PjWwR0sAOMbQ&__tn__=-UC%2CP-R', 'https://www.facebook.com/tvs.bgd/posts/4875115439266465?__cft__[0]=AZV8DG8NnlsX0bw1AGClhSdlIZQd1G7mI3EcAt51_T4QdM7qZWf3ayxIZmBPocaJOgXSxZTQu7fnqT-mgysVsI1LbmBK75TbsfmJjVL6PM1hmdrCgawkaq1PjWwR0sAOMbQ&__tn__=%2CO%2CP-R', 'https://www.facebook.com/tvs.bgd/photos/a.741480709296646/4875115022599840/?__cft__[0]=AZV8DG8NnlsX0bw1AGClhSdlIZQd1G7mI3EcAt51_T4QdM7qZWf3ayxIZmBPocaJOgXSxZTQu7fnqT-mgysVsI1LbmBK75TbsfmJjVL6PM1hmdrCgawkaq1PjWwR0sAOMbQ&__tn__=EH-R']",28_05_2022-02_56_01-Bangladesh News-partho.csv
রেমিট্যান্স হয়ে ফিরবে পাচারের অর্থ!,"['https://www.facebook.com/trader.com.bd/?__cft__[0]=AZV7SY6j2HpTwDW9Ps4POcMz6y1OpMSuIG9pNjs0Y2_BTmE3R89yOLVbKGyZGVjdj_jjD6bCizsB1yZc5cT1QQquyBKgtycQFwkGcOdfTVtSEuteWpHFN5OLZPNEvfPLuX8&__tn__=%3C%2CP-R', 'https://www.facebook.com/trader.com.bd/?__cft__[0]=AZV7SY6j2HpTwDW9Ps4POcMz6y1OpMSuIG9pNjs0Y2_BTmE3R89yOLVbKGyZGVjdj_jjD6bCizsB1yZc5cT1QQquyBKgtycQFwkGcOdfTVtSEuteWpHFN5OLZPNEvfPLuX8&__tn__=%3C%3C%2CP-R', 'https://www.facebook.com/trader.com.bd/?__cft__[0]=AZV7SY6j2HpTwDW9Ps4POcMz6y1OpMSuIG9pNjs0Y2_BTmE3R89yOLVbKGyZGVjdj_jjD6bCizsB1yZc5cT1QQquyBKgtycQFwkGcOdfTVtSEuteWpHFN5OLZPNEvfPLuX8&__tn__=-UC%2CP-R', 'https://www.facebook.com/trader.com.bd/posts/4475819509188470?__cft__[0]=AZV7SY6j2HpTwDW9Ps4POcMz6y1OpMSuIG9pNjs0Y2_BTmE3R89yOLVbKGyZGVjdj_jjD6bCizsB1yZc5cT1QQquyBKgtycQFwkGcOdfTVtSEuteWpHFN5OLZPNEvfPLuX8&__tn__=%2CO%2CP-R', 'https://l.facebook.com/l.php?u=https%3A%2F%2Ftrader.com.bd%2Fbangladesh%2F9845%2F%3Ffbclid%3DIwAR34V2P3l0MOhNCl73ZOYlVrMehKwdEmUnF5lHTLd7yrVgJQ_oTQEvQsPOc&h=AT2CsQpDtjRuJk70OgXULTa1yuET1AjgOVgeqCOzuLft16OmO-0bBUXgCkGNesEAzvx9M-jbwg48P8ALkNXeX2sgSa5cBzb_cXyaK_WKB0_kasEQOwMdixFOnlc6pMz5UoF0&__tn__=H-R&c[0]=AT3tIjA335fJiSEF_DNt8U00354uXgFv1vQJG5ueCt2A2hTCMvdZ1etF2xgd33GCCUmwr53xXCpPbhZlQ_MZYfJRHXNY_HDyOkJ-bogCtVrkRFuElFleEaJCROhRo6Geon4sap_uJtS1217y-ifhUOD9Lw', 'https://l.facebook.com/l.php?u=https%3A%2F%2Ftrader.com.bd%2Fbangladesh%2F9845%2F%3Ffbclid%3DIwAR18H6KQpwXO4wcaVcs9YRCW2DItjOosHE3bY6ME80oBbb-fDd-UL5hnwXg&h=AT2CsQpDtjRuJk70OgXULTa1yuET1AjgOVgeqCOzuLft16OmO-0bBUXgCkGNesEAzvx9M-jbwg48P8ALkNXeX2sgSa5cBzb_cXyaK_WKB0_kasEQOwMdixFOnlc6pMz5UoF0&__tn__=%2CmH-R&c[0]=AT3tIjA335fJiSEF_DNt8U00354uXgFv1vQJG5ueCt2A2hTCMvdZ1etF2xgd33GCCUmwr53xXCpPbhZlQ_MZYfJRHXNY_HDyOkJ-bogCtVrkRFuElFleEaJCROhRo6Geon4sap_uJtS1217y-ifhUOD9Lw']",28_05_2022-02_56_01-Bangladesh News-partho.csv
"মেধা, বুদ্ধি, স্টাইলিশ, ভয়েস আর অভিনয়ে সেরা হলেন বাংলাদেশের একমাত্র সুপারস্টার শাকিব খান। যা বাংলার ইতিহাসে আর কোনদিন আসবে না। আজ ঢালিউডে ২৩ বছর(২৮ মে ১৯৯৯ - ২৮ মে ২০২২) পূর্ণ হলো তাঁর  with Shakib Khan","['https://www.facebook.com/TimesOfBangladeshNews/?__cft__[0]=AZWL0PeZ4zLZv11HGVuWgrW6nPAcBVUC6oKY1l0SCsXU8IvD6GbLbXwb5xPeYunANnGiVrdZ2cA-tlb0yEniBFOsOoRXO0tdO_SAyuAMyXwHmIU2fUoGEU0mkVeE21_Etow&__tn__=%3C%2CP-R', 'https://www.facebook.com/TimesOfBangladeshNews/?__cft__[0]=AZWL0PeZ4zLZv11HGVuWgrW6nPAcBVUC6oKY1l0SCsXU8IvD6GbLbXwb5xPeYunANnGiVrdZ2cA-tlb0yEniBFOsOoRXO0tdO_SAyuAMyXwHmIU2fUoGEU0mkVeE21_Etow&__tn__=%3C%3C%2CP-R', 'https://www.facebook.com/TimesOfBangladeshNews/?__cft__[0]=AZWL0PeZ4zLZv11HGVuWgrW6nPAcBVUC6oKY1l0SCsXU8IvD6GbLbXwb5xPeYunANnGiVrdZ2cA-tlb0yEniBFOsOoRXO0tdO_SAyuAMyXwHmIU2fUoGEU0mkVeE21_Etow&__tn__=-UC%2CP-R', 'https://www.facebook.com/TimesOfBangladeshNews/posts/554830916233618?__cft__[0]=AZWL0PeZ4zLZv11HGVuWgrW6nPAcBVUC6oKY1l0SCsXU8IvD6GbLbXwb5xPeYunANnGiVrdZ2cA-tlb0yEniBFOsOoRXO0tdO_SAyuAMyXwHmIU2fUoGEU0mkVeE21_Etow&__tn__=%2CO%2CP-R', 'https://www.facebook.com/TimesOfBangladeshNews/photos/a.105609744489073/554830782900298/?__cft__[0]=AZWL0PeZ4zLZv11HGVuWgrW6nPAcBVUC6oKY1l0SCsXU8IvD6GbLbXwb5xPeYunANnGiVrdZ2cA-tlb0yEniBFOsOoRXO0tdO_SAyuAMyXwHmIU2fUoGEU0mkVeE21_Etow&__tn__=EH-R']",28_05_2022-02_56_01-Bangladesh News-partho.csv
মানুষ নতুন নতুন প্রেমে পড়লে প্রেমিকার পাদকেও পারফিউমের ঘ্রাণ মনে করে ,"['https://www.facebook.com/aestheticbangladesh69/?__cft__[0]=AZW2och6WkG7MgrPPvm7jeoITTNI8SVwTG9eeoY3SrS6lVpd9QYbPy8JmWWx-193v4ox6zJzDr502JRtSLNhBTEQsy-mZ_YCj6Epf7JBzy4_e7iip3ahDIKLAu7K9ibr1bI&__tn__=%3C%2CP-R', 'https://www.facebook.com/aestheticbangladesh69/?__cft__[0]=AZW2och6WkG7MgrPPvm7jeoITTNI8SVwTG9eeoY3SrS6lVpd9QYbPy8JmWWx-193v4ox6zJzDr502JRtSLNhBTEQsy-mZ_YCj6Epf7JBzy4_e7iip3ahDIKLAu7K9ibr1bI&__tn__=%3C%3C%2CP-R', 'https://www.facebook.com/aestheticbangladesh69/?__cft__[0]=AZW2och6WkG7MgrPPvm7jeoITTNI8SVwTG9eeoY3SrS6lVpd9QYbPy8JmWWx-193v4ox6zJzDr502JRtSLNhBTEQsy-mZ_YCj6Epf7JBzy4_e7iip3ahDIKLAu7K9ibr1bI&__tn__=-UC%2CP-R', 'https://www.facebook.com/aestheticbangladesh69/posts/166750099134308?__cft__[0]=AZW2och6WkG7MgrPPvm7jeoITTNI8SVwTG9eeoY3SrS6lVpd9QYbPy8JmWWx-193v4ox6zJzDr502JRtSLNhBTEQsy-mZ_YCj6Epf7JBzy4_e7iip3ahDIKLAu7K9ibr1bI&__tn__=%2CO%2CP-R', 'https://www.facebook.com/aestheticbangladesh69/photos/a.139558381853480/166750075800977/?__cft__[0]=AZW2och6WkG7MgrPPvm7jeoITTNI8SVwTG9eeoY3SrS6lVpd9QYbPy8JmWWx-193v4ox6zJzDr502JRtSLNhBTEQsy-mZ_YCj6Epf7JBzy4_e7iip3ahDIKLAu7K9ibr1bI&__tn__=EH-R']",28_05_2022-02_56_01-Bangladesh News-partho.csv
সিটি ইউনিভার্সিটি বোর্ড অব ট্রাস্টিজ এর সাবেক সদস্য ও সি আই পি মরহুম আলহাজ্ব মাসুদুর রহমান এর ৯ম মৃত্যুবার্ষিকী উপলক্ষ্যে স্মরণ সভা ও দোয়া মাহফিল।,"['https://www.facebook.com/cu.edu.bd/?__cft__[0]=AZU-3F3inGYukox25RL4Q41U_aaV6l9UtPjvSdRrDIQ_wegSfYZ51q0YS76hRmzLYB_lC2MkOgllNNOA11N_FBR2ZLE7YuKcf-_hiLuwdGiMJaTht5NQJpIREb5BdWUu9t9nl-z9To80Rkmpzrp3oqUO&__tn__=%3C%2CP-R', 'https://www.facebook.com/cu.edu.bd/?__cft__[0]=AZU-3F3inGYukox25RL4Q41U_aaV6l9UtPjvSdRrDIQ_wegSfYZ51q0YS76hRmzLYB_lC2MkOgllNNOA11N_FBR2ZLE7YuKcf-_hiLuwdGiMJaTht5NQJpIREb5BdWUu9t9nl-z9To80Rkmpzrp3oqUO&__tn__=%3C%3C%2CP-R', 'https://www.facebook.com/cu.edu.bd/?__cft__[0]=AZU-3F3inGYukox25RL4Q41U_aaV6l9UtPjvSdRrDIQ_wegSfYZ51q0YS76hRmzLYB_lC2MkOgllNNOA11N_FBR2ZLE7YuKcf-_hiLuwdGiMJaTht5NQJpIREb5BdWUu9t9nl-z9To80Rkmpzrp3oqUO&__tn__=kC%2CP-R', 'https://www.facebook.com/cu.edu.bd/videos/556313122589942/?__cft__[0]=AZU-3F3inGYukox25RL4Q41U_aaV6l9UtPjvSdRrDIQ_wegSfYZ51q0YS76hRmzLYB_lC2MkOgllNNOA11N_FBR2ZLE7YuKcf-_hiLuwdGiMJaTht5NQJpIREb5BdWUu9t9nl-z9To80Rkmpzrp3oqUO&__tn__=%2CO%2CP-R', 'https://www.facebook.com/cu.edu.bd/videos/556313122589942/?__cft__[0]=AZU-3F3inGYukox25RL4Q41U_aaV6l9UtPjvSdRrDIQ_wegSfYZ51q0YS76hRmzLYB_lC2MkOgllNNOA11N_FBR2ZLE7YuKcf-_hiLuwdGiMJaTht5NQJpIREb5BdWUu9t9nl-z9To80Rkmpzrp3oqUO&__tn__=%2B%3FFH-R']",28_05_2022-02_56_01-Bangladesh News-partho.csv
পটুয়াখালীর দুমকি উপজেলায় পেট্রোল দিয়ে পুড়িয়ে ইতি বেগম (২৬) নামে এক গৃহবধূকে হত্যার অভিযোগ উঠেছে তার স্বামী আব্দুস জলিলের (৩২) বিরুদ্ধে। নিহত ইতি বেগম এলাকার আব্দুল মান্নান খানের মেয়ে। এক সপ্তাহ আগে তিনি স্বামী জলিলকে তালাক দেওয়ার ঘোষণা দেন।,"['https://www.facebook.com/DhakaTribune/?__cft__[0]=AZVxgawa5aqwh-Q-FP0vlAQjPCFtUqi8_bg1dQ2Y2yoJHH7bQv5h5mkE46CodOj9FCTU4WC9oeyO5-w9gfJDavzWbhqL4SsiknH6DP4-FivIKbRplKY0F7iBkezc46L8s9Y&__tn__=%3C%2CP-R', '/stories/1697811756982893/UzpfSVNDOjE5NjAxNTQ3MzQxODA4MTM=/?view_single=true&__cft__[0]=AZVxgawa5aqwh-Q-FP0vlAQjPCFtUqi8_bg1dQ2Y2yoJHH7bQv5h5mkE46CodOj9FCTU4WC9oeyO5-w9gfJDavzWbhqL4SsiknH6DP4-FivIKbRplKY0F7iBkezc46L8s9Y&__tn__=%3C%3C%2CP-R', 'https://www.facebook.com/DhakaTribune/?__cft__[0]=AZVxgawa5aqwh-Q-FP0vlAQjPCFtUqi8_bg1dQ2Y2yoJHH7bQv5h5mkE46CodOj9FCTU4WC9oeyO5-w9gfJDavzWbhqL4SsiknH6DP4-FivIKbRplKY0F7iBkezc46L8s9Y&__tn__=-UC%2CP-R', 'https://www.facebook.com/DhakaTribune/posts/7421065784635342?__cft__[0]=AZVxgawa5aqwh-Q-FP0vlAQjPCFtUqi8_bg1dQ2Y2yoJHH7bQv5h5mkE46CodOj9FCTU4WC9oeyO5-w9gfJDavzWbhqL4SsiknH6DP4-FivIKbRplKY0F7iBkezc46L8s9Y&__tn__=%2CO%2CP-R', 'https://l.facebook.com/l.php?u=https%3A%2F%2Fbangla.dhakatribune.com%2Fbangladesh%2F2022%2F05%2F27%2F1653664492213%3Ffbclid%3DIwAR1mk4SK6zswtApa5xMk9mHZ_OsrJlv9Y9SK3mgY_srER1N0zFOMjOzwekA&h=AT3WAToriMbtHG3V_wtEfZ3yIfCWJTmDQXQyV9e2jykpIjwzXQnAmqQWxE2bMCXSjtciZ8blP_dUcaSKnZ2OH9r3KWl7Ss1yMpL5DL6EWoJO-YfUrG0rG5KGSp8fmSDsqDfG&__tn__=-UK-R&c[0]=AT0SsPCLUgFurlt4JJGRfZNQ4AieDSAYRfOjlyd619-tJDD9rMuUD8a0imzbr3N-3wReDhqwfClU2tsE-gfRcKDFxZo6mh5XEoIifG4yqicjn5sfUckZzuIeRQIlffAg9hhxrMBep6HfSEUyxlWcm9BY-g', 'https://www.facebook.com/DhakaTribune/photos/a.594890827252906/7421065714635349/?__cft__[0]=AZVxgawa5aqwh-Q-FP0vlAQjPCFtUqi8_bg1dQ2Y2yoJHH7bQv5h5mkE46CodOj9FCTU4WC9oeyO5-w9gfJDavzWbhqL4SsiknH6DP4-FivIKbRplKY0F7iBkezc46L8s9Y&__tn__=EH-R']",28_05_2022-02_56_01-Bangladesh News-partho.csv
আমরা শোকাহত...,"['https://www.facebook.com/dwipunnayansongstha/?__cft__[0]=AZWCnEI1R6bX8A6UsFYurM2cLJy3nikXHBrXHmOl58Paknsfsh2nvAiv2vBjluRqo0eSKpQLM1T3nWusk3HqwlwfxV1bk5YWPV8LpqdP01M4C66vYBDxSXHXAu_dKRvubSE&__tn__=%3C%2CP-R', 'https://www.facebook.com/dwipunnayansongstha/?__cft__[0]=AZWCnEI1R6bX8A6UsFYurM2cLJy3nikXHBrXHmOl58Paknsfsh2nvAiv2vBjluRqo0eSKpQLM1T3nWusk3HqwlwfxV1bk5YWPV8LpqdP01M4C66vYBDxSXHXAu_dKRvubSE&__tn__=%3C%3C%2CP-R', 'https://www.facebook.com/dwipunnayansongstha/?__cft__[0]=AZWCnEI1R6bX8A6UsFYurM2cLJy3nikXHBrXHmOl58Paknsfsh2nvAiv2vBjluRqo0eSKpQLM1T3nWusk3HqwlwfxV1bk5YWPV8LpqdP01M4C66vYBDxSXHXAu_dKRvubSE&__tn__=-UC%2CP-R', 'https://www.facebook.com/dwipunnayansongstha/posts/1460613191075697?__cft__[0]=AZWCnEI1R6bX8A6UsFYurM2cLJy3nikXHBrXHmOl58Paknsfsh2nvAiv2vBjluRqo0eSKpQLM1T3nWusk3HqwlwfxV1bk5YWPV8LpqdP01M4C66vYBDxSXHXAu_dKRvubSE&__tn__=%2CO%2CP-R', 'https://www.facebook.com/dwipunnayansongstha/photos/a.369282123542148/1460613167742366/?__cft__[0]=AZWCnEI1R6bX8A6UsFYurM2cLJy3nikXHBrXHmOl58Paknsfsh2nvAiv2vBjluRqo0eSKpQLM1T3nWusk3HqwlwfxV1bk5YWPV8LpqdP01M4C66vYBDxSXHXAu_dKRvubSE&__tn__=EH-R']",28_05_2022-02_56_01-Bangladesh News-partho.csv
No Caption!,"['https://www.facebook.com/bangladeshscouts.nhq/?__cft__[0]=AZWpkS3JQ4JyKMjsyLIuExkV_JDS7DLKAgU1oJI8fHCOL0RwLW5ZexhjZqOmeythgl3fjpGQZt563b5Ixe3epduTKULc-zyWtixsTKfRlK1DnuKDwMYli0yvvpJfyDZ2BoVECwpTf6aztEvIs15YdegL&__tn__=%3C%2CP-R', 'https://www.facebook.com/bangladeshscouts.nhq/?__cft__[0]=AZWpkS3JQ4JyKMjsyLIuExkV_JDS7DLKAgU1oJI8fHCOL0RwLW5ZexhjZqOmeythgl3fjpGQZt563b5Ixe3epduTKULc-zyWtixsTKfRlK1DnuKDwMYli0yvvpJfyDZ2BoVECwpTf6aztEvIs15YdegL&__tn__=%3C%3C%2CP-R', 'https://www.facebook.com/bangladeshscouts.nhq/?__cft__[0]=AZWpkS3JQ4JyKMjsyLIuExkV_JDS7DLKAgU1oJI8fHCOL0RwLW5ZexhjZqOmeythgl3fjpGQZt563b5Ixe3epduTKULc-zyWtixsTKfRlK1DnuKDwMYli0yvvpJfyDZ2BoVECwpTf6aztEvIs15YdegL&__tn__=kC%2CP-R', 'https://www.facebook.com/bangladeshscouts.nhq/videos/1159198714875072/?__cft__[0]=AZWpkS3JQ4JyKMjsyLIuExkV_JDS7DLKAgU1oJI8fHCOL0RwLW5ZexhjZqOmeythgl3fjpGQZt563b5Ixe3epduTKULc-zyWtixsTKfRlK1DnuKDwMYli0yvvpJfyDZ2BoVECwpTf6aztEvIs15YdegL&__tn__=%2CO%2CP-R', 'https://www.facebook.com/bangladeshscouts.nhq/videos/1159198714875072/?__cft__[0]=AZWpkS3JQ4JyKMjsyLIuExkV_JDS7DLKAgU1oJI8fHCOL0RwLW5ZexhjZqOmeythgl3fjpGQZt563b5Ixe3epduTKULc-zyWtixsTKfRlK1DnuKDwMYli0yvvpJfyDZ2BoVECwpTf6aztEvIs15YdegL&__tn__=%2B%3FFH-R']",28_05_2022-02_56_01-Bangladesh News-partho.csv
No Caption!,"['https://www.facebook.com/islamibankbangladeshlimited/?__cft__[0]=AZXV-PS7HNeoxTYwhJnTVQrHBBvZz1C4SsQ5pjP_qFvJiIPr5IuEx_LcSH3-464x70FLjvb0PFUl9Y3GSa0tL7FDoFfW393q7LFYsguDcnelXmaHYKlTAEAOrnkhGZ2Fq48&__tn__=%3C%2CP-R', 'https://www.facebook.com/islamibankbangladeshlimited/?__cft__[0]=AZXV-PS7HNeoxTYwhJnTVQrHBBvZz1C4SsQ5pjP_qFvJiIPr5IuEx_LcSH3-464x70FLjvb0PFUl9Y3GSa0tL7FDoFfW393q7LFYsguDcnelXmaHYKlTAEAOrnkhGZ2Fq48&__tn__=%3C%3C%2CP-R', 'https://www.facebook.com/islamibankbangladeshlimited/?__cft__[0]=AZXV-PS7HNeoxTYwhJnTVQrHBBvZz1C4SsQ5pjP_qFvJiIPr5IuEx_LcSH3-464x70FLjvb0PFUl9Y3GSa0tL7FDoFfW393q7LFYsguDcnelXmaHYKlTAEAOrnkhGZ2Fq48&__tn__=-UC%2CP-R', 'https://www.facebook.com/islamibankbangladeshlimited/posts/1700155010319740?__cft__[0]=AZXV-PS7HNeoxTYwhJnTVQrHBBvZz1C4SsQ5pjP_qFvJiIPr5IuEx_LcSH3-464x70FLjvb0PFUl9Y3GSa0tL7FDoFfW393q7LFYsguDcnelXmaHYKlTAEAOrnkhGZ2Fq48&__tn__=%2CO%2CP-R', 'https://www.facebook.com/islamibankbangladeshlimited/photos/a.328582317477023/1700154986986409/?__cft__[0]=AZXV-PS7HNeoxTYwhJnTVQrHBBvZz1C4SsQ5pjP_qFvJiIPr5IuEx_LcSH3-464x70FLjvb0PFUl9Y3GSa0tL7FDoFfW393q7LFYsguDcnelXmaHYKlTAEAOrnkhGZ2Fq48&__tn__=EH-R']",28_05_2022-02_56_01-Bangladesh News-partho.csv
Dr. Benazir Ahmed: Prometheus of Policing,"['https://www.facebook.com/BangladeshPoliceOfficialPage?__cft__[0]=AZWMKKzKQgw-7Dindf_RyS5xj_CXkArAxR0puspOBF7ujNNDCYw_PC0hMMozklAsSmWTycLfDCK8KKZ8Ndv85REm4EStDk-JhBdJfxWMcw04pqZyZvBT9GzKIzyZXeSOGuw&__tn__=%3C%2CP-R', 'https://www.facebook.com/BangladeshPoliceOfficialPage?__cft__[0]=AZWMKKzKQgw-7Dindf_RyS5xj_CXkArAxR0puspOBF7ujNNDCYw_PC0hMMozklAsSmWTycLfDCK8KKZ8Ndv85REm4EStDk-JhBdJfxWMcw04pqZyZvBT9GzKIzyZXeSOGuw&__tn__=%3C%3C%2CP-R', 'https://www.facebook.com/BangladeshPoliceOfficialPage?__cft__[0]=AZWMKKzKQgw-7Dindf_RyS5xj_CXkArAxR0puspOBF7ujNNDCYw_PC0hMMozklAsSmWTycLfDCK8KKZ8Ndv85REm4EStDk-JhBdJfxWMcw04pqZyZvBT9GzKIzyZXeSOGuw&__tn__=-UC%2CP-R', 'https://www.facebook.com/BangladeshPoliceOfficialPage/posts/373535598146260?__cft__[0]=AZWMKKzKQgw-7Dindf_RyS5xj_CXkArAxR0puspOBF7ujNNDCYw_PC0hMMozklAsSmWTycLfDCK8KKZ8Ndv85REm4EStDk-JhBdJfxWMcw04pqZyZvBT9GzKIzyZXeSOGuw&__tn__=%2CO%2CP-R', 'https://l.facebook.com/l.php?u=http%3A%2F%2Fwww.edailysun.com%2Fhome%2Fdisplaypage%2Fnews_2022-05-10_7_16_b%3Ffbclid%3DIwAR24EdF-JxWAzu1Px2ftbDluu0GtzNMG84Ax2YZxRfoQm8cTCMQUkV39auU&h=AT0fh03MM_wJWcDvhRO9EGjSz0RsSxNSjv2-o9jDotxsKmem02jPGw85SFIpwyu3Ok_1n_2Brf0QzXh0LjSR2nIo6IZzevCye-9JgvV5GXLoPFUA1SkxruQZPHoafyjqbIGK&__tn__=-UK-R&c[0]=AT38A5pFFXzbxGGFCO067MMu4SKbbHDvhPV_scwFPyDiRrZHyg9-oaeoSt7H_KNek53cIMijl81MQkK4eor1sBzDWNOOZTTEBGny-QnaAlusmPi3XiGNsY74L7JyNUCf1abYxpL5w3B2qHq-kSdnoL-fGw', 'https://www.facebook.com/photo/?fbid=373535578146262&set=a.342637837902703&__cft__[0]=AZWMKKzKQgw-7Dindf_RyS5xj_CXkArAxR0puspOBF7ujNNDCYw_PC0hMMozklAsSmWTycLfDCK8KKZ8Ndv85REm4EStDk-JhBdJfxWMcw04pqZyZvBT9GzKIzyZXeSOGuw&__tn__=EH-R']",28_05_2022-02_56_01-Bangladesh News-partho.csv
ইসলামী ছাত্র আন্দোলন বাংলাদেশ নারায়ণগঞ্জ মহানগর শাখার উদ্যোগে দাঈ কর্মশালা অনুষ্ঠিত হয়েছে।,"['https://www.facebook.com/icabd91/?__cft__[0]=AZU4xg0N6-ul-Se-aWRpPjzyztuwmL8fJYtjoYq20VIGxjOfp8IQ8MIkVRoHh65N7GGxru_TTyev7t4ckMyFkGeg1TF0EwNWcQmrCJx5nUaKoQNE78QyHtR0X8eqTqbgGYA&__tn__=%3C%2CP-R', 'https://www.facebook.com/icabd91/?__cft__[0]=AZU4xg0N6-ul-Se-aWRpPjzyztuwmL8fJYtjoYq20VIGxjOfp8IQ8MIkVRoHh65N7GGxru_TTyev7t4ckMyFkGeg1TF0EwNWcQmrCJx5nUaKoQNE78QyHtR0X8eqTqbgGYA&__tn__=%3C%3C%2CP-R', 'https://www.facebook.com/icabd91/?__cft__[0]=AZU4xg0N6-ul-Se-aWRpPjzyztuwmL8fJYtjoYq20VIGxjOfp8IQ8MIkVRoHh65N7GGxru_TTyev7t4ckMyFkGeg1TF0EwNWcQmrCJx5nUaKoQNE78QyHtR0X8eqTqbgGYA&__tn__=-UC%2CP-R', 'https://www.facebook.com/icabd91/posts/5078673775521764?__cft__[0]=AZU4xg0N6-ul-Se-aWRpPjzyztuwmL8fJYtjoYq20VIGxjOfp8IQ8MIkVRoHh65N7GGxru_TTyev7t4ckMyFkGeg1TF0EwNWcQmrCJx5nUaKoQNE78QyHtR0X8eqTqbgGYA&__tn__=%2CO%2CP-R', 'https://www.facebook.com/icabd91/photos/pcb.5078673775521764/5078673358855139/?__cft__[0]=AZU4xg0N6-ul-Se-aWRpPjzyztuwmL8fJYtjoYq20VIGxjOfp8IQ8MIkVRoHh65N7GGxru_TTyev7t4ckMyFkGeg1TF0EwNWcQmrCJx5nUaKoQNE78QyHtR0X8eqTqbgGYA&__tn__=*bH-R', 'https://www.facebook.com/icabd91/photos/pcb.5078673775521764/5078673442188464/?__cft__[0]=AZU4xg0N6-ul-Se-aWRpPjzyztuwmL8fJYtjoYq20VIGxjOfp8IQ8MIkVRoHh65N7GGxru_TTyev7t4ckMyFkGeg1TF0EwNWcQmrCJx5nUaKoQNE78QyHtR0X8eqTqbgGYA&__tn__=*bH-R', 'https://www.facebook.com/icabd91/photos/pcb.5078673775521764/5078673532188455/?__cft__[0]=AZU4xg0N6-ul-Se-aWRpPjzyztuwmL8fJYtjoYq20VIGxjOfp8IQ8MIkVRoHh65N7GGxru_TTyev7t4ckMyFkGeg1TF0EwNWcQmrCJx5nUaKoQNE78QyHtR0X8eqTqbgGYA&__tn__=*bH-R', 'https://www.facebook.com/icabd91/photos/pcb.5078673775521764/5078673708855104/?__cft__[0]=AZU4xg0N6-ul-Se-aWRpPjzyztuwmL8fJYtjoYq20VIGxjOfp8IQ8MIkVRoHh65N7GGxru_TTyev7t4ckMyFkGeg1TF0EwNWcQmrCJx5nUaKoQNE78QyHtR0X8eqTqbgGYA&__tn__=*bH-R']",28_05_2022-02_56_01-Bangladesh News-partho.csv
ভাষা আন্দোলনের প্রবীণ ও বিশিষ্ট কলামিস্ট আব্দুল গাফ্ফার চৌধুরীর গীতিকাব্যবস্থা পূর্ণাঙ্গ আয়োজনে ঢাকায় এসে পৌঁছেছে।,"['https://www.facebook.com/bangladeshnewshour/?__cft__[0]=AZVn4hobX2AveySb0tvT5xmk3-4JuHMIskEhe850QLkLGn4RbDOK6HA3hbxHX2NHyUMgfiDNQDRr8i_elWxjNZlMCN1PEjY9358B7F_rIe8NRczusD4OPlPchIPSFLpIvv8&__tn__=%3C%2CP-R', 'https://www.facebook.com/bangladeshnewshour/?__cft__[0]=AZVn4hobX2AveySb0tvT5xmk3-4JuHMIskEhe850QLkLGn4RbDOK6HA3hbxHX2NHyUMgfiDNQDRr8i_elWxjNZlMCN1PEjY9358B7F_rIe8NRczusD4OPlPchIPSFLpIvv8&__tn__=%3C%3C%2CP-R', 'https://www.facebook.com/bangladeshnewshour/?__cft__[0]=AZVn4hobX2AveySb0tvT5xmk3-4JuHMIskEhe850QLkLGn4RbDOK6HA3hbxHX2NHyUMgfiDNQDRr8i_elWxjNZlMCN1PEjY9358B7F_rIe8NRczusD4OPlPchIPSFLpIvv8&__tn__=-UC%2CP-R', 'https://www.facebook.com/bangladeshnewshour/posts/3250513921887513?__cft__[0]=AZVn4hobX2AveySb0tvT5xmk3-4JuHMIskEhe850QLkLGn4RbDOK6HA3hbxHX2NHyUMgfiDNQDRr8i_elWxjNZlMCN1PEjY9358B7F_rIe8NRczusD4OPlPchIPSFLpIvv8&__tn__=%2CO%2CP-R', 'https://l.facebook.com/l.php?u=https%3A%2F%2Fwww.jagonews24.com%2Fen%2Fnational%2Fnews%2F62018%3Ffbclid%3DIwAR3ZvhU8B0WyIC0aIYUUPHBmNElKOXVjq7OPBCQz-72Uc3LsxiVy34nMbtE&h=AT2FONd09JsGbLulzmtOSzSZ7Nr2HHPq6NRYbdxP_X9x_qY5Vgg6dl5pSY6j0ET8yc3qWFxLN1UcYknjjxkdoW-08kpNbqjspqqpYjjRgrnsfCtlws07MQp564b5PMXQ2db_&__tn__=H-R&c[0]=AT0GFoLtJFKq3P63F7ayJ0rFRonRwHhfQMQckAcLz0cQ3Yj0iQTJhULZtLEPnm9ou7fwpuYXwJc0nIu2XkXLqvfSukI6YVEiwnaYpyYTdvzoxaDZ2v-yqROZrpPi-g_2ICyCmX0BFLo3T74FFxm8kHx1Nw', 'https://l.facebook.com/l.php?u=https%3A%2F%2Fwww.jagonews24.com%2Fen%2Fnational%2Fnews%2F62018%3Ffbclid%3DIwAR3E9IB9IHdfegIszBHdNFzQYx6TF12Sw30i6HN9pc9iMuywwKw3rjc4RO8&h=AT2FONd09JsGbLulzmtOSzSZ7Nr2HHPq6NRYbdxP_X9x_qY5Vgg6dl5pSY6j0ET8yc3qWFxLN1UcYknjjxkdoW-08kpNbqjspqqpYjjRgrnsfCtlws07MQp564b5PMXQ2db_&__tn__=%2CmH-R&c[0]=AT0GFoLtJFKq3P63F7ayJ0rFRonRwHhfQMQckAcLz0cQ3Yj0iQTJhULZtLEPnm9ou7fwpuYXwJc0nIu2XkXLqvfSukI6YVEiwnaYpyYTdvzoxaDZ2v-yqROZrpPi-g_2ICyCmX0BFLo3T74FFxm8kHx1Nw']",28_05_2022-02_56_01-Bangladesh News-partho.csv
ভারতের লাদাখে সেনাবাহিনীর একটি গাড়ি নিয়ন্ত্রণ হারিয়ে খাদে পড়ে গেলে ৭ জওয়ান নিহত এবং আরও ১৯ জন গুরুতর আহত হয়েছেন।#BWDN,"['https://www.facebook.com/BWDNibnul/?__cft__[0]=AZXFU6794gJV1hTqNj7Vf6ajZrbQ9E5mth8m1lk3c0Qhca3zNjAFPjeXhtPCtULk_vAmhgokxicUcz5Ly6bnRPdfeadomSFLrlw2ZNREiqm2wNvq7plWAeCOfHyoEoGIvJ4&__tn__=%3C%2CP-R', 'https://www.facebook.com/BWDNibnul/?__cft__[0]=AZXFU6794gJV1hTqNj7Vf6ajZrbQ9E5mth8m1lk3c0Qhca3zNjAFPjeXhtPCtULk_vAmhgokxicUcz5Ly6bnRPdfeadomSFLrlw2ZNREiqm2wNvq7plWAeCOfHyoEoGIvJ4&__tn__=%3C%3C%2CP-R', 'https://www.facebook.com/BWDNibnul/?__cft__[0]=AZXFU6794gJV1hTqNj7Vf6ajZrbQ9E5mth8m1lk3c0Qhca3zNjAFPjeXhtPCtULk_vAmhgokxicUcz5Ly6bnRPdfeadomSFLrlw2ZNREiqm2wNvq7plWAeCOfHyoEoGIvJ4&__tn__=-UC%2CP-R', 'https://www.facebook.com/BWDNibnul/posts/3276967859259239?__cft__[0]=AZXFU6794gJV1hTqNj7Vf6ajZrbQ9E5mth8m1lk3c0Qhca3zNjAFPjeXhtPCtULk_vAmhgokxicUcz5Ly6bnRPdfeadomSFLrlw2ZNREiqm2wNvq7plWAeCOfHyoEoGIvJ4&__tn__=%2CO%2CP-R', 'https://www.facebook.com/hashtag/bwdn?__eep__=6&__cft__[0]=AZXFU6794gJV1hTqNj7Vf6ajZrbQ9E5mth8m1lk3c0Qhca3zNjAFPjeXhtPCtULk_vAmhgokxicUcz5Ly6bnRPdfeadomSFLrlw2ZNREiqm2wNvq7plWAeCOfHyoEoGIvJ4&__tn__=*NK-R', 'https://www.facebook.com/BWDNibnul/photos/a.2052790858343618/3276967762592582/?__cft__[0]=AZXFU6794gJV1hTqNj7Vf6ajZrbQ9E5mth8m1lk3c0Qhca3zNjAFPjeXhtPCtULk_vAmhgokxicUcz5Ly6bnRPdfeadomSFLrlw2ZNREiqm2wNvq7plWAeCOfHyoEoGIvJ4&__tn__=EH-R']",28_05_2022-02_56_01-Bangladesh News-partho.csv
২৩তম নবীন শিল্পী চারুকলা প্রদর্শনী.বর্ধিত শেষ তারিখ: ৩১ মে ২০২২.প্রদর্শনী অংশগ্রহণ সংক্রান্ত তথ্যাদি ও  নিয়মাবলী একাডেমি চারুকলা বিভাগ ও shilpakala.gov.bd তে পাওয়া যাবে।,"['https://www.facebook.com/shilpakalapage/?__cft__[0]=AZXTYwTp_v58ADqjc6rczVzoWzMiwXzCW9YiuGnS6-FuQKWUZIjrpZ6EpSIEV--D_0rxrMfEOd2AszzhFlpyGqtx7dAXg08MRqdxaFLVs50O208DoqBAJqOVTflRrVGoHrA&__tn__=%3C%2CP-R', 'https://www.facebook.com/shilpakalapage/?__cft__[0]=AZXTYwTp_v58ADqjc6rczVzoWzMiwXzCW9YiuGnS6-FuQKWUZIjrpZ6EpSIEV--D_0rxrMfEOd2AszzhFlpyGqtx7dAXg08MRqdxaFLVs50O208DoqBAJqOVTflRrVGoHrA&__tn__=%3C%3C%2CP-R', 'https://www.facebook.com/shilpakalapage/?__cft__[0]=AZXTYwTp_v58ADqjc6rczVzoWzMiwXzCW9YiuGnS6-FuQKWUZIjrpZ6EpSIEV--D_0rxrMfEOd2AszzhFlpyGqtx7dAXg08MRqdxaFLVs50O208DoqBAJqOVTflRrVGoHrA&__tn__=-UC%2CP-R', 'https://www.facebook.com/shilpakalapage/posts/2179710762189031?__cft__[0]=AZXTYwTp_v58ADqjc6rczVzoWzMiwXzCW9YiuGnS6-FuQKWUZIjrpZ6EpSIEV--D_0rxrMfEOd2AszzhFlpyGqtx7dAXg08MRqdxaFLVs50O208DoqBAJqOVTflRrVGoHrA&__tn__=%2CO%2CP-R', 'https://www.facebook.com/shilpakalapage/photos/a.828235847336536/2179709888855785/?__cft__[0]=AZXTYwTp_v58ADqjc6rczVzoWzMiwXzCW9YiuGnS6-FuQKWUZIjrpZ6EpSIEV--D_0rxrMfEOd2AszzhFlpyGqtx7dAXg08MRqdxaFLVs50O208DoqBAJqOVTflRrVGoHrA&__tn__=EH-R']",28_05_2022-02_56_01-Bangladesh News-partho.csv
"পল্টন থেকে সরাসরি..সারাদেশে দমন-পীড়ন,হামলা,মামলা ও গুমের বিরুদ্ধে এবং দ্রব্যমূল্যের দাম ক্রমাগত বৃদ্ধির প্রতিবাদে রাজপথে নেমেছে গণ অধিকার পরিষদ। #Bangladesh #politics #newsportal #Swadhinnews","['https://www.facebook.com/swadhinnewsbd/?__cft__[0]=AZWmRprGmTYXSpg2JxZz6Z6OFc6w9P3cZm3xhUBQf5EAJhMeLw07DnYaNnRJ5e2GDUrw2BvK_YLONyJ-cf2WdQw7qI-hJNvbvUzjMy6CHrgOeT8Uotec8-kJiSdwPBNZGTJdpvdi7ekVWCZbEBnyylzu&__tn__=%3C%2CP-R', 'https://www.facebook.com/swadhinnewsbd/?__cft__[0]=AZWmRprGmTYXSpg2JxZz6Z6OFc6w9P3cZm3xhUBQf5EAJhMeLw07DnYaNnRJ5e2GDUrw2BvK_YLONyJ-cf2WdQw7qI-hJNvbvUzjMy6CHrgOeT8Uotec8-kJiSdwPBNZGTJdpvdi7ekVWCZbEBnyylzu&__tn__=%3C%3C%2CP-R', 'https://www.facebook.com/swadhinnewsbd/?__cft__[0]=AZWmRprGmTYXSpg2JxZz6Z6OFc6w9P3cZm3xhUBQf5EAJhMeLw07DnYaNnRJ5e2GDUrw2BvK_YLONyJ-cf2WdQw7qI-hJNvbvUzjMy6CHrgOeT8Uotec8-kJiSdwPBNZGTJdpvdi7ekVWCZbEBnyylzu&__tn__=kC%2CP-R', 'https://www.facebook.com/swadhinnewsbd/videos/319061617074273/?__cft__[0]=AZWmRprGmTYXSpg2JxZz6Z6OFc6w9P3cZm3xhUBQf5EAJhMeLw07DnYaNnRJ5e2GDUrw2BvK_YLONyJ-cf2WdQw7qI-hJNvbvUzjMy6CHrgOeT8Uotec8-kJiSdwPBNZGTJdpvdi7ekVWCZbEBnyylzu&__tn__=%2CO%2CP-R', 'https://www.facebook.com/hashtag/bangladesh?__eep__=6&__cft__[0]=AZWmRprGmTYXSpg2JxZz6Z6OFc6w9P3cZm3xhUBQf5EAJhMeLw07DnYaNnRJ5e2GDUrw2BvK_YLONyJ-cf2WdQw7qI-hJNvbvUzjMy6CHrgOeT8Uotec8-kJiSdwPBNZGTJdpvdi7ekVWCZbEBnyylzu&__tn__=*NK-R', 'https://www.facebook.com/hashtag/politics?__eep__=6&__cft__[0]=AZWmRprGmTYXSpg2JxZz6Z6OFc6w9P3cZm3xhUBQf5EAJhMeLw07DnYaNnRJ5e2GDUrw2BvK_YLONyJ-cf2WdQw7qI-hJNvbvUzjMy6CHrgOeT8Uotec8-kJiSdwPBNZGTJdpvdi7ekVWCZbEBnyylzu&__tn__=*NK-R', 'https://www.facebook.com/hashtag/newsportal?__eep__=6&__cft__[0]=AZWmRprGmTYXSpg2JxZz6Z6OFc6w9P3cZm3xhUBQf5EAJhMeLw07DnYaNnRJ5e2GDUrw2BvK_YLONyJ-cf2WdQw7qI-hJNvbvUzjMy6CHrgOeT8Uotec8-kJiSdwPBNZGTJdpvdi7ekVWCZbEBnyylzu&__tn__=*NK-R', 'https://www.facebook.com/hashtag/swadhinnews?__eep__=6&__cft__[0]=AZWmRprGmTYXSpg2JxZz6Z6OFc6w9P3cZm3xhUBQf5EAJhMeLw07DnYaNnRJ5e2GDUrw2BvK_YLONyJ-cf2WdQw7qI-hJNvbvUzjMy6CHrgOeT8Uotec8-kJiSdwPBNZGTJdpvdi7ekVWCZbEBnyylzu&__tn__=*NK-R', 'https://www.facebook.com/swadhinnewsbd/videos/319061617074273/?__cft__[0]=AZWmRprGmTYXSpg2JxZz6Z6OFc6w9P3cZm3xhUBQf5EAJhMeLw07DnYaNnRJ5e2GDUrw2BvK_YLONyJ-cf2WdQw7qI-hJNvbvUzjMy6CHrgOeT8Uotec8-kJiSdwPBNZGTJdpvdi7ekVWCZbEBnyylzu&__tn__=%2B%3FFH-R']",28_05_2022-02_56_01-Bangladesh News-partho.csv
No Caption!,"['https://www.facebook.com/dailybangladeshpratidin/?__cft__[0]=AZUVoMj311nkqZF8jeYSc6dXr7sEdgrYcCHMtO2kiJKPE7Si7iPnjvimaIAvMuD23Oo2Y0720mP171FkskivozoRSwURDvIeNUSwZtMDQ26eJBD3PgvrE01t9qj0oonheI8&__tn__=%3C%2CP-R', 'https://www.facebook.com/dailybangladeshpratidin/?__cft__[0]=AZUVoMj311nkqZF8jeYSc6dXr7sEdgrYcCHMtO2kiJKPE7Si7iPnjvimaIAvMuD23Oo2Y0720mP171FkskivozoRSwURDvIeNUSwZtMDQ26eJBD3PgvrE01t9qj0oonheI8&__tn__=%3C%3C%2CP-R', 'https://www.facebook.com/dailybangladeshpratidin/?__cft__[0]=AZUVoMj311nkqZF8jeYSc6dXr7sEdgrYcCHMtO2kiJKPE7Si7iPnjvimaIAvMuD23Oo2Y0720mP171FkskivozoRSwURDvIeNUSwZtMDQ26eJBD3PgvrE01t9qj0oonheI8&__tn__=-UC%2CP-R', 'https://www.facebook.com/dailybangladeshpratidin/posts/5247860875299190?__cft__[0]=AZUVoMj311nkqZF8jeYSc6dXr7sEdgrYcCHMtO2kiJKPE7Si7iPnjvimaIAvMuD23Oo2Y0720mP171FkskivozoRSwURDvIeNUSwZtMDQ26eJBD3PgvrE01t9qj0oonheI8&__tn__=%2CO%2CP-R', 'https://www.facebook.com/dailybangladeshpratidin/photos/a.1493009484117700/5247860835299194/?__cft__[0]=AZUVoMj311nkqZF8jeYSc6dXr7sEdgrYcCHMtO2kiJKPE7Si7iPnjvimaIAvMuD23Oo2Y0720mP171FkskivozoRSwURDvIeNUSwZtMDQ26eJBD3PgvrE01t9qj0oonheI8&__tn__=EH-R']",28_05_2022-02_56_01-Bangladesh News-partho.csv
"৭৫-এর নৃশংসতার পুনরাবৃত্তির চেষ্টা চলছে মিডিয়া ক্যু ঘটিয়ে, এবার ঘৃণ্য পরিকল্পনায় শামিল গণমাধ্যম এবং বিশিষ্ট সাংবাদিকরা-","['/groups/109793829588251/user/100009246328676/?__cft__[0]=AZVZBuFwrEyWNXUOyg7AC_7cFC1N1YbwTpk9_7BuSIolfO7dgD7utxZ1_32L02Rvj1i229grQPLmHeWY0VAcS4ZZ-In6hEr6XqDLwSpcuyXJXZW8R-kxzirWA6slYQo0vxU8mBDqDqdxtx5WwzIfk9MDagNaZue0opyMrA_DAdeLmA&__tn__=%3C%2CP-R', '/groups/109793829588251/user/100009246328676/?__cft__[0]=AZVZBuFwrEyWNXUOyg7AC_7cFC1N1YbwTpk9_7BuSIolfO7dgD7utxZ1_32L02Rvj1i229grQPLmHeWY0VAcS4ZZ-In6hEr6XqDLwSpcuyXJXZW8R-kxzirWA6slYQo0vxU8mBDqDqdxtx5WwzIfk9MDagNaZue0opyMrA_DAdeLmA&__tn__=%3C%3C%2CP-R', '/groups/109793829588251/user/100009246328676/?__cft__[0]=AZVZBuFwrEyWNXUOyg7AC_7cFC1N1YbwTpk9_7BuSIolfO7dgD7utxZ1_32L02Rvj1i229grQPLmHeWY0VAcS4ZZ-In6hEr6XqDLwSpcuyXJXZW8R-kxzirWA6slYQo0vxU8mBDqDqdxtx5WwzIfk9MDagNaZue0opyMrA_DAdeLmA&__tn__=-UC%2CP-R', 'https://www.facebook.com/groups/awamileague.1949group/?__cft__[0]=AZVZBuFwrEyWNXUOyg7AC_7cFC1N1YbwTpk9_7BuSIolfO7dgD7utxZ1_32L02Rvj1i229grQPLmHeWY0VAcS4ZZ-In6hEr6XqDLwSpcuyXJXZW8R-kxzirWA6slYQo0vxU8mBDqDqdxtx5WwzIfk9MDagNaZue0opyMrA_DAdeLmA&__tn__=-UC%2CP-R', 'https://www.facebook.com/groups/awamileague.1949group/posts/1011874532713505/?__cft__[0]=AZVZBuFwrEyWNXUOyg7AC_7cFC1N1YbwTpk9_7BuSIolfO7dgD7utxZ1_32L02Rvj1i229grQPLmHeWY0VAcS4ZZ-In6hEr6XqDLwSpcuyXJXZW8R-kxzirWA6slYQo0vxU8mBDqDqdxtx5WwzIfk9MDagNaZue0opyMrA_DAdeLmA&__tn__=%2CO%2CP-R', 'https://www.facebook.com/Bangladesh.News.2021/?__cft__[0]=AZVZBuFwrEyWNXUOyg7AC_7cFC1N1YbwTpk9_7BuSIolfO7dgD7utxZ1_32L02Rvj1i229grQPLmHeWY0VAcS4ZZ-In6hEr6XqDLwSpcuyXJXZW8R-kxzirWA6slYQo0vxU8mBDqDqdxtx5WwzIfk9MDagNaZue0opyMrA_DAdeLmA&__tn__=%3C%2CP-y-R', '/groups/109793829588251/user/1683381528633238/?__cft__[0]=AZVZBuFwrEyWNXUOyg7AC_7cFC1N1YbwTpk9_7BuSIolfO7dgD7utxZ1_32L02Rvj1i229grQPLmHeWY0VAcS4ZZ-In6hEr6XqDLwSpcuyXJXZW8R-kxzirWA6slYQo0vxU8mBDqDqdxtx5WwzIfk9MDagNaZue0opyMrA_DAdeLmA&__tn__=%3C%3C%2CP-y-R', 'https://www.facebook.com/Bangladesh.News.2021/?__cft__[0]=AZVZBuFwrEyWNXUOyg7AC_7cFC1N1YbwTpk9_7BuSIolfO7dgD7utxZ1_32L02Rvj1i229grQPLmHeWY0VAcS4ZZ-In6hEr6XqDLwSpcuyXJXZW8R-kxzirWA6slYQo0vxU8mBDqDqdxtx5WwzIfk9MDagNaZue0opyMrA_DAdeLmA&__tn__=-UC%2CP-y-R', 'https://www.facebook.com/Bangladesh.News.2021/posts/2814590022179044?__cft__[0]=AZVZBuFwrEyWNXUOyg7AC_7cFC1N1YbwTpk9_7BuSIolfO7dgD7utxZ1_32L02Rvj1i229grQPLmHeWY0VAcS4ZZ-In6hEr6XqDLwSpcuyXJXZW8R-kxzirWA6slYQo0vxU8mBDqDqdxtx5WwzIfk9MDagNaZue0opyMrA_DAdeLmA&__tn__=%2CO%2CP-y-R', 'https://l.facebook.com/l.php?u=https%3A%2F%2Fsomoyekhon.net%2Fnews%2F48503%3Ffbclid%3DIwAR34V2P3l0MOhNCl73ZOYlVrMehKwdEmUnF5lHTLd7yrVgJQ_oTQEvQsPOc&h=AT2BUEsE2_KTRhEtsR6Sg-54zVj9FIhVxs9BJYruvOs4SbFNP27tsWUTkEI0I_IxRziHSNXU-vl426ucKLmnLu_bR2qDqalGVV3v6yUwWxQ5Qhcw6kAiWCeyvRl9d1NbhwcN&__tn__=H-y-R&c[0]=AT2mIHRP6CSwbkE3jPKhak2lEWOLxGLgLip2upn-AENetBx1e7VIAB8880ZsBzBe-wD9VR9jbhvdRl3ZwleP8HPIt-Hfm83PMkX0O_j9530Ns5xT3JvK46rb091ykzVwWphIjNWayeCvuw08FCks2bq0e9YBk01-46fXHisQatzhzShoAXSM5IUd9M4', 'https://l.facebook.com/l.php?u=https%3A%2F%2Fsomoyekhon.net%2Fnews%2F48503%3Ffbclid%3DIwAR1GLYp8E7QymA1BC7VvrPVP0HyE1SyvXAEkYK6kGyGX5Cj-POPfFFhK11w&h=AT2BUEsE2_KTRhEtsR6Sg-54zVj9FIhVxs9BJYruvOs4SbFNP27tsWUTkEI0I_IxRziHSNXU-vl426ucKLmnLu_bR2qDqalGVV3v6yUwWxQ5Qhcw6kAiWCeyvRl9d1NbhwcN&__tn__=%2CmH-y-R&c[0]=AT2mIHRP6CSwbkE3jPKhak2lEWOLxGLgLip2upn-AENetBx1e7VIAB8880ZsBzBe-wD9VR9jbhvdRl3ZwleP8HPIt-Hfm83PMkX0O_j9530Ns5xT3JvK46rb091ykzVwWphIjNWayeCvuw08FCks2bq0e9YBk01-46fXHisQatzhzShoAXSM5IUd9M4']",28_05_2022-02_56_01-Bangladesh News-partho.csv
2nd Session: ,"['https://www.facebook.com/Bangladesh.Computer.Samity/?__cft__[0]=AZVc_1uRiNMQM1J3eILH4vxIlwCzvfRk6XvdiKo1qVIyUuZNmjTcJ5asJXC5__XZTQ4PknV40hAxFvJF2GmBk0rQ4zOjOBknEVeRBb76-pLZquta1xhvhy1r5rCM_4p4RIDS1W50mNjnKkQhv3Tbtk-j&__tn__=%3C%2CP-R', 'https://www.facebook.com/Bangladesh.Computer.Samity/?__cft__[0]=AZVc_1uRiNMQM1J3eILH4vxIlwCzvfRk6XvdiKo1qVIyUuZNmjTcJ5asJXC5__XZTQ4PknV40hAxFvJF2GmBk0rQ4zOjOBknEVeRBb76-pLZquta1xhvhy1r5rCM_4p4RIDS1W50mNjnKkQhv3Tbtk-j&__tn__=%3C%3C%2CP-R', 'https://www.facebook.com/Bangladesh.Computer.Samity/?__cft__[0]=AZVc_1uRiNMQM1J3eILH4vxIlwCzvfRk6XvdiKo1qVIyUuZNmjTcJ5asJXC5__XZTQ4PknV40hAxFvJF2GmBk0rQ4zOjOBknEVeRBb76-pLZquta1xhvhy1r5rCM_4p4RIDS1W50mNjnKkQhv3Tbtk-j&__tn__=kC%2CP-R', 'https://www.facebook.com/Bangladesh.Computer.Samity/videos/5221026411277712/?__cft__[0]=AZVc_1uRiNMQM1J3eILH4vxIlwCzvfRk6XvdiKo1qVIyUuZNmjTcJ5asJXC5__XZTQ4PknV40hAxFvJF2GmBk0rQ4zOjOBknEVeRBb76-pLZquta1xhvhy1r5rCM_4p4RIDS1W50mNjnKkQhv3Tbtk-j&__tn__=%2CO%2CP-R', 'https://www.facebook.com/Bangladesh.Computer.Samity/videos/5221026411277712/?__cft__[0]=AZVc_1uRiNMQM1J3eILH4vxIlwCzvfRk6XvdiKo1qVIyUuZNmjTcJ5asJXC5__XZTQ4PknV40hAxFvJF2GmBk0rQ4zOjOBknEVeRBb76-pLZquta1xhvhy1r5rCM_4p4RIDS1W50mNjnKkQhv3Tbtk-j&__tn__=%2B%3FFH-R']",28_05_2022-02_56_01-Bangladesh News-partho.csv
বিস্তারিত ,"['https://www.facebook.com/bangladeshtimes71/?__cft__[0]=AZVhp-6lAlckRA4pvMJEx-FFbL765TNy6pog7MU7QthbQdngDVYwSHyUZlxzvGTrpfZSo4sM6lgXT4syq4ElbmfzEUgP0Cne177rHWAjexD0c1_GFLYy9Pw5BDSQbzxemfY&__tn__=%3C%2CP-R', '/stories/868431776823597/UzpfSVNDOjQ4NDUwOTQ1ODg5MzUyNzM=/?view_single=true&__cft__[0]=AZVhp-6lAlckRA4pvMJEx-FFbL765TNy6pog7MU7QthbQdngDVYwSHyUZlxzvGTrpfZSo4sM6lgXT4syq4ElbmfzEUgP0Cne177rHWAjexD0c1_GFLYy9Pw5BDSQbzxemfY&__tn__=%3C%3C%2CP-R', 'https://www.facebook.com/bangladeshtimes71/?__cft__[0]=AZVhp-6lAlckRA4pvMJEx-FFbL765TNy6pog7MU7QthbQdngDVYwSHyUZlxzvGTrpfZSo4sM6lgXT4syq4ElbmfzEUgP0Cne177rHWAjexD0c1_GFLYy9Pw5BDSQbzxemfY&__tn__=-UC%2CP-R', 'https://www.facebook.com/bangladeshtimes71/posts/1712709039062529?__cft__[0]=AZVhp-6lAlckRA4pvMJEx-FFbL765TNy6pog7MU7QthbQdngDVYwSHyUZlxzvGTrpfZSo4sM6lgXT4syq4ElbmfzEUgP0Cne177rHWAjexD0c1_GFLYy9Pw5BDSQbzxemfY&__tn__=%2CO%2CP-R', 'https://l.facebook.com/l.php?u=https%3A%2F%2Fbangladeshtimes.com%2Fdetails%2F29092%2F%E0%A6%AE%E0%A7%87-%E0%A6%A8%E0%A7%9F-%E0%A6%9C%E0%A7%81%E0%A6%A8%E0%A7%87-%E0%A6%B9%E0%A6%AC%E0%A7%87-%E0%A6%AC%E0%A6%BE%E0%A6%82%E0%A6%B2%E0%A6%BE%E0%A6%A6%E0%A7%87%E0%A6%B6-%E0%A6%AD%E0%A6%BE%E0%A6%B0%E0%A6%A4-%E0%A6%AF%E0%A7%8C%E0%A6%A5-%E0%A6%AA%E0%A6%B0%E0%A6%BE%E0%A6%AE%E0%A6%B0%E0%A7%8D%E0%A6%B6%E0%A6%95-%E0%A6%95%E0%A6%AE%E0%A6%BF%E0%A6%9F%E0%A6%BF%E0%A6%B0-%E0%A6%B8%E0%A6%AD%E0%A6%BE%3Ffbclid%3DIwAR0k_w6F_5u1wnQL3rRcrv6kejjFV1CMk56t8plFAtqKa6DU5oQL85DivM4&h=AT2ON4xsxKL79JkQG_Ystt_tilhMQs5-yKwacH8s6dJu9Q_KlDU8c33YtrRxnAv0L2zjGL8vzc31Oyg2Z4P602Wnu0EcTaJXxGZ27gaX7nDe4lewjVuaEr2Ya13N2cwGOfl9&__tn__=-UK-R&c[0]=AT2HX6d7bJnO0V9NZw1N9ED4SXGmWJ_N3_nB96pIWFwOQK8cduxZZW-GOvcZYcHp_m1mcq4mkHSRmabeu5YcXqlXA0cm1rQCEmoKS6xfW262R4IBi_vMhRo5v0dFPo-xjYsoC402Im7C_khu_rklWFOCzw', 'https://www.facebook.com/bangladeshtimes71/photos/a.727489650917811/1712709005729199/?__cft__[0]=AZVhp-6lAlckRA4pvMJEx-FFbL765TNy6pog7MU7QthbQdngDVYwSHyUZlxzvGTrpfZSo4sM6lgXT4syq4ElbmfzEUgP0Cne177rHWAjexD0c1_GFLYy9Pw5BDSQbzxemfY&__tn__=EH-R']",28_05_2022-02_56_01-Bangladesh News-partho.csv
এই সেই মরুর বিস্ময়  যা না থাকলে সভ্যতা পেতোনা দুবাই সৌদি..,"['https://www.facebook.com/bangladeshtimes71/?__cft__[0]=AZVrc8hmH7FiWezll2SCP0ZOpW5aSCq30oxhRZ9IrkRUTM3fVQyag8gC_xIjcBsTAiCWGssl4G5nbzwkg2RhUh5vtjMGvkk8pVxOA2uK2mBfaTVo8qfqTP-49YtnkLQS7r4iTHrovubgy-Fomw58rNUB&__tn__=%3C%2CP-R', '/stories/868431776823597/UzpfSVNDOjQ4NDUwOTQ1ODg5MzUyNzM=/?view_single=true&__cft__[0]=AZVrc8hmH7FiWezll2SCP0ZOpW5aSCq30oxhRZ9IrkRUTM3fVQyag8gC_xIjcBsTAiCWGssl4G5nbzwkg2RhUh5vtjMGvkk8pVxOA2uK2mBfaTVo8qfqTP-49YtnkLQS7r4iTHrovubgy-Fomw58rNUB&__tn__=%3C%3C%2CP-R', 'https://www.facebook.com/bangladeshtimes71/?__cft__[0]=AZVrc8hmH7FiWezll2SCP0ZOpW5aSCq30oxhRZ9IrkRUTM3fVQyag8gC_xIjcBsTAiCWGssl4G5nbzwkg2RhUh5vtjMGvkk8pVxOA2uK2mBfaTVo8qfqTP-49YtnkLQS7r4iTHrovubgy-Fomw58rNUB&__tn__=kC%2CP-R', 'https://www.facebook.com/bangladeshtimes71/videos/1192209041513581/?__cft__[0]=AZVrc8hmH7FiWezll2SCP0ZOpW5aSCq30oxhRZ9IrkRUTM3fVQyag8gC_xIjcBsTAiCWGssl4G5nbzwkg2RhUh5vtjMGvkk8pVxOA2uK2mBfaTVo8qfqTP-49YtnkLQS7r4iTHrovubgy-Fomw58rNUB&__tn__=%2CO%2CP-R', 'https://www.facebook.com/bangladeshtimes71/videos/1192209041513581/?__cft__[0]=AZVrc8hmH7FiWezll2SCP0ZOpW5aSCq30oxhRZ9IrkRUTM3fVQyag8gC_xIjcBsTAiCWGssl4G5nbzwkg2RhUh5vtjMGvkk8pVxOA2uK2mBfaTVo8qfqTP-49YtnkLQS7r4iTHrovubgy-Fomw58rNUB&__tn__=%2B%3FFH-R']",28_05_2022-02_56_01-Bangladesh News-partho.csv
বিস্তারিত ,"['https://www.facebook.com/bangladeshtimes71/?__cft__[0]=AZWZ-8O0sdP9JjSlQoZONsNzO0vzA0ciwxKsg4GayTQUPRFJAxJy_fwIPtloywJgu5q068GgowcTn9x2t06ixtLzn-Rv-A8td0upylzhdYgQy2HteLOVmqJv8zXOzxhavh8&__tn__=%3C%2CP-R', '/stories/868431776823597/UzpfSVNDOjQ4NDUwOTQ1ODg5MzUyNzM=/?view_single=true&__cft__[0]=AZWZ-8O0sdP9JjSlQoZONsNzO0vzA0ciwxKsg4GayTQUPRFJAxJy_fwIPtloywJgu5q068GgowcTn9x2t06ixtLzn-Rv-A8td0upylzhdYgQy2HteLOVmqJv8zXOzxhavh8&__tn__=%3C%3C%2CP-R', 'https://www.facebook.com/bangladeshtimes71/?__cft__[0]=AZWZ-8O0sdP9JjSlQoZONsNzO0vzA0ciwxKsg4GayTQUPRFJAxJy_fwIPtloywJgu5q068GgowcTn9x2t06ixtLzn-Rv-A8td0upylzhdYgQy2HteLOVmqJv8zXOzxhavh8&__tn__=-UC%2CP-R', 'https://www.facebook.com/bangladeshtimes71/posts/1712695472397219?__cft__[0]=AZWZ-8O0sdP9JjSlQoZONsNzO0vzA0ciwxKsg4GayTQUPRFJAxJy_fwIPtloywJgu5q068GgowcTn9x2t06ixtLzn-Rv-A8td0upylzhdYgQy2HteLOVmqJv8zXOzxhavh8&__tn__=%2CO%2CP-R', 'https://l.facebook.com/l.php?u=https%3A%2F%2Fbangladeshtimes.com%2Fdetails%2F29093%2F%E0%A6%9B%E0%A6%BE%E0%A6%A4%E0%A7%8D%E0%A6%B0%E0%A6%A6%E0%A6%B2-%E0%A6%A8%E0%A6%BE-%E0%A6%86%E0%A6%B8%E0%A6%B2%E0%A7%87%E0%A6%93-%E0%A6%95%E0%A7%8D%E0%A6%AF%E0%A6%BE%E0%A6%AE%E0%A7%8D%E0%A6%AA%E0%A6%BE%E0%A6%B8%E0%A7%87-%E0%A6%85%E0%A6%AC%E0%A6%B8%E0%A7%8D%E0%A6%A5%E0%A6%BE%E0%A6%A8-%E0%A6%9B%E0%A6%BE%E0%A6%A4%E0%A7%8D%E0%A6%B0%E0%A6%B2%E0%A7%80%E0%A6%97%E0%A7%87%E0%A6%B0%3Ffbclid%3DIwAR0G6VuVbrIQKI8SHnD-0dJcI0X8F1W-8AfVQtSzWKyaDeKuYX60-sITdMk&h=AT0NlvMLv4J4yCruEXZWzJ2RWTh36Lu0t2jvcs7AFSSO37dQzhQDpmN_FjXF_2CRGEsVn3lgbhwrr1mp14VXtl808IrVIKdyLyD621H3TdvHa4pbE3tfjyaV7IWrN9s1FFXE&__tn__=-UK-R&c[0]=AT1Cq92K7Tv5Y49MWj-Zb923_eBFtHP2PpCXFK7V0TtdYZkAMWr9SirCzVjgVaarCXqUejwXkMZeHwb_tT4uGjq9hRCN-q83BJF5ExH3TvYT6caxLjbTf09yGoLTltRAImjETYfbYa95xA8gZSOcz89L2w', 'https://www.facebook.com/bangladeshtimes71/photos/a.727489650917811/1712695432397223/?__cft__[0]=AZWZ-8O0sdP9JjSlQoZONsNzO0vzA0ciwxKsg4GayTQUPRFJAxJy_fwIPtloywJgu5q068GgowcTn9x2t06ixtLzn-Rv-A8td0upylzhdYgQy2HteLOVmqJv8zXOzxhavh8&__tn__=EH-R']",28_05_2022-02_56_01-Bangladesh News-partho.csv
https://www.facebook.com/105725752118924/posts/130348596323306/,"['https://www.facebook.com/HUPBD/?__cft__[0]=AZWZa2BJHW5FVFu1HTh_454PWsFRmY5U5q-7DJ3wyQXDo6H7N-wlQ7c1y8mwg8GcVl2b-3GZ77dFIRTPZYgxidp09xLaQfEws1ceI0m0FtrwzwmagROKsDAY7Y8ER8nnZN4TkRUhTDUGmEvTGzM01kVe&__tn__=%3C%2CP-R', 'https://www.facebook.com/HUPBD/?__cft__[0]=AZWZa2BJHW5FVFu1HTh_454PWsFRmY5U5q-7DJ3wyQXDo6H7N-wlQ7c1y8mwg8GcVl2b-3GZ77dFIRTPZYgxidp09xLaQfEws1ceI0m0FtrwzwmagROKsDAY7Y8ER8nnZN4TkRUhTDUGmEvTGzM01kVe&__tn__=%3C%3C%2CP-R', 'https://www.facebook.com/HUPBD/?__cft__[0]=AZWZa2BJHW5FVFu1HTh_454PWsFRmY5U5q-7DJ3wyQXDo6H7N-wlQ7c1y8mwg8GcVl2b-3GZ77dFIRTPZYgxidp09xLaQfEws1ceI0m0FtrwzwmagROKsDAY7Y8ER8nnZN4TkRUhTDUGmEvTGzM01kVe&__tn__=-UC%2CP-R', 'https://www.facebook.com/HUPBD/posts/1504367586632265?__cft__[0]=AZWZa2BJHW5FVFu1HTh_454PWsFRmY5U5q-7DJ3wyQXDo6H7N-wlQ7c1y8mwg8GcVl2b-3GZ77dFIRTPZYgxidp09xLaQfEws1ceI0m0FtrwzwmagROKsDAY7Y8ER8nnZN4TkRUhTDUGmEvTGzM01kVe&__tn__=%2CO%2CP-R', 'https://www.facebook.com/5minuteengland/posts/130348596323306?__cft__[0]=AZWZa2BJHW5FVFu1HTh_454PWsFRmY5U5q-7DJ3wyQXDo6H7N-wlQ7c1y8mwg8GcVl2b-3GZ77dFIRTPZYgxidp09xLaQfEws1ceI0m0FtrwzwmagROKsDAY7Y8ER8nnZN4TkRUhTDUGmEvTGzM01kVe&__tn__=-UK-R', 'https://www.facebook.com/5minuteengland/photos/a.105726408785525/130348572989975/?__cft__[0]=AZWZa2BJHW5FVFu1HTh_454PWsFRmY5U5q-7DJ3wyQXDo6H7N-wlQ7c1y8mwg8GcVl2b-3GZ77dFIRTPZYgxidp09xLaQfEws1ceI0m0FtrwzwmagROKsDAY7Y8ER8nnZN4TkRUhTDUGmEvTGzM01kVe&__tn__=EH-y-R', 'https://www.facebook.com/5minuteengland/?__cft__[0]=AZWZa2BJHW5FVFu1HTh_454PWsFRmY5U5q-7DJ3wyQXDo6H7N-wlQ7c1y8mwg8GcVl2b-3GZ77dFIRTPZYgxidp09xLaQfEws1ceI0m0FtrwzwmagROKsDAY7Y8ER8nnZN4TkRUhTDUGmEvTGzM01kVe&__tn__=-UC%2CP-y-R', 'https://www.facebook.com/5minuteengland/posts/130348596323306?__cft__[0]=AZWZa2BJHW5FVFu1HTh_454PWsFRmY5U5q-7DJ3wyQXDo6H7N-wlQ7c1y8mwg8GcVl2b-3GZ77dFIRTPZYgxidp09xLaQfEws1ceI0m0FtrwzwmagROKsDAY7Y8ER8nnZN4TkRUhTDUGmEvTGzM01kVe&__tn__=%2CO%2CP-y-R']",28_05_2022-02_56_01-Bangladesh News-partho.csv
 ভালোবাসার বাংলাদেশ ,"['https://www.facebook.com/official.ebd/?__cft__[0]=AZUgzV_CzNacPUL6oIl_v6nG7qXRKGtQMqiJR1DQojnVVq3wuXFMxLdiGplzfc7eC4BrR5usujPI5cLW5XPnif35u2ob6V38kP63MxYFBhuJVE9NLZsXUyzf0sbzEHikxMU&__tn__=%3C%2CP-R', '/stories/1655777897843707/UzpfSVNDOjMzNjc5OTIxNTIzNDAwMg==/?view_single=true&__cft__[0]=AZUgzV_CzNacPUL6oIl_v6nG7qXRKGtQMqiJR1DQojnVVq3wuXFMxLdiGplzfc7eC4BrR5usujPI5cLW5XPnif35u2ob6V38kP63MxYFBhuJVE9NLZsXUyzf0sbzEHikxMU&__tn__=%3C%3C%2CP-R', 'https://www.facebook.com/official.ebd/?__cft__[0]=AZUgzV_CzNacPUL6oIl_v6nG7qXRKGtQMqiJR1DQojnVVq3wuXFMxLdiGplzfc7eC4BrR5usujPI5cLW5XPnif35u2ob6V38kP63MxYFBhuJVE9NLZsXUyzf0sbzEHikxMU&__tn__=-UC%2CP-R', 'https://www.facebook.com/official.ebd/posts/5185067934906914?__cft__[0]=AZUgzV_CzNacPUL6oIl_v6nG7qXRKGtQMqiJR1DQojnVVq3wuXFMxLdiGplzfc7eC4BrR5usujPI5cLW5XPnif35u2ob6V38kP63MxYFBhuJVE9NLZsXUyzf0sbzEHikxMU&__tn__=%2CO%2CP-R', 'https://www.facebook.com/official.ebd/photos/a.1297273060353107/5185067881573586/?__cft__[0]=AZUgzV_CzNacPUL6oIl_v6nG7qXRKGtQMqiJR1DQojnVVq3wuXFMxLdiGplzfc7eC4BrR5usujPI5cLW5XPnif35u2ob6V38kP63MxYFBhuJVE9NLZsXUyzf0sbzEHikxMU&__tn__=EH-R']",28_05_2022-02_56_01-Bangladesh News-partho.csv
 Prime Minister Sheikh Hasina urged Japan and Organisation for Economic Co-operation and Development (OECD) on Friday to continue preferential facilities at least till 2029 for Bangladesh's smooth graduation from least developed country to developing nation and achieve Sustainable Development Goals (SDGs) by 2030.,"['https://www.facebook.com/febdonline/?__cft__[0]=AZWw4k3uh3Xm-7mHtjDTnYU3Ru2kGXuNbnuPK0R4AxdD5_MG8qWtp_ME5xmwJEIbzM13sBNgKoYUMWGpURmgzKzwnAF-gQZHthHzxpZ5rBZRGtyi10DcXXld5y931brijO4&__tn__=%3C%2CP-R', '/stories/1522645894506874/UzpfSVNDOjEzMzAxNTc4Mzc1MDc1NjY=/?view_single=true&__cft__[0]=AZWw4k3uh3Xm-7mHtjDTnYU3Ru2kGXuNbnuPK0R4AxdD5_MG8qWtp_ME5xmwJEIbzM13sBNgKoYUMWGpURmgzKzwnAF-gQZHthHzxpZ5rBZRGtyi10DcXXld5y931brijO4&__tn__=%3C%3C%2CP-R', 'https://www.facebook.com/febdonline/?__cft__[0]=AZWw4k3uh3Xm-7mHtjDTnYU3Ru2kGXuNbnuPK0R4AxdD5_MG8qWtp_ME5xmwJEIbzM13sBNgKoYUMWGpURmgzKzwnAF-gQZHthHzxpZ5rBZRGtyi10DcXXld5y931brijO4&__tn__=-UC%2CP-R', 'https://www.facebook.com/febdonline/posts/5057281297653204?__cft__[0]=AZWw4k3uh3Xm-7mHtjDTnYU3Ru2kGXuNbnuPK0R4AxdD5_MG8qWtp_ME5xmwJEIbzM13sBNgKoYUMWGpURmgzKzwnAF-gQZHthHzxpZ5rBZRGtyi10DcXXld5y931brijO4&__tn__=%2CO%2CP-R', 'https://l.facebook.com/l.php?u=https%3A%2F%2Fcutt.ly%2FtJqKexL%3Ffbclid%3DIwAR0j3wHTTWEjgfGeEFAbi9TKH3i-fF0wbvqeaPVc2EPMnjDgkGeBnIxCpL0&h=AT0Ess3MdLrlEey9vJtBHA22rwmEl7Yu_yNxM2mVOAioVbprumTwooNKiKS4iZM-D_DFz65s2dseWqtPz--fEzVYw-yDxZ2QhH3t3raNyFi9EP6ObQxG2LeJ5Ua3Fo3skrCi&__tn__=-UK-R&c[0]=AT0XmVTHyeUQTLXGgYX35y-TS2LnkfpuZIv-ZZxL2h-E1gQ2R7DXDo7lWB8Bp37PWtaOS456ngGX7fYTqA5t-lSobiEEnacHdYfbHOTMH0A7oVIKBcyZzFIcfstDcvwai2Bw2_ilGlp3BObLJpGrbZdxSg', 'https://www.facebook.com/febdonline/photos/a.692477970800247/5057280410986626/?__cft__[0]=AZWw4k3uh3Xm-7mHtjDTnYU3Ru2kGXuNbnuPK0R4AxdD5_MG8qWtp_ME5xmwJEIbzM13sBNgKoYUMWGpURmgzKzwnAF-gQZHthHzxpZ5rBZRGtyi10DcXXld5y931brijO4&__tn__=EH-R']",28_05_2022-02_56_01-Bangladesh News-partho.csv
"""নগর যুব কাউন্সিল গঠন"" লক্ষ্যে  গত ২৭ই মে, ২০২২ (শুক্রবার) ময়মনসিংহ সিটি কর্পোরেশন ও সিরাক-বাংলাদেশ এর যৌথভাবে ময়মনসিংহ নগরে একটি স্থানীয় মিলায়নতনে নগর যুব কাউন্সিল গাইডলাইন বিষয়ে সরকারী ও বেসরকারি উন্নয়ন কর্মকর্তাদের নিয়ে একটি পরামর্শমূলক সভা অনুষ্ঠিত হয়।  নগর যুব কাউন্সিল গাইডলাইন বিষয়ক এর পূর্বের গাইডলাইন ওয়ার্কশপে অস্থায়ী টাস্কফোর্স সদস্যদের সহযোগিতায় তৈরি খসড়া নীতিমালাগুলো নিয়ে স্থানীয় সরকারী ও বেসরকারি কর্মকর্তাবৃন্দদের সাথে পরামর্শমূলক আলোচনার মাধ্যমে একটি চূড়ান্ত… See more","['https://www.facebook.com/buycnet/?__cft__[0]=AZUNoaJBCmc8jkRs0_FcMMhq_4q7qWw1zKBcZYSqWJBUOBfJFL8l3PwkFazTBVqKX-DitL73-b4O-7oxCKNvSZkLCXvchvjdAgOeDX_WqhknJcY-uSkcynzl8yFAwHQhsEU&__tn__=%3C%2CP-R', 'https://www.facebook.com/buycnet/?__cft__[0]=AZUNoaJBCmc8jkRs0_FcMMhq_4q7qWw1zKBcZYSqWJBUOBfJFL8l3PwkFazTBVqKX-DitL73-b4O-7oxCKNvSZkLCXvchvjdAgOeDX_WqhknJcY-uSkcynzl8yFAwHQhsEU&__tn__=%3C%3C%2CP-R', 'https://www.facebook.com/buycnet/?__cft__[0]=AZUNoaJBCmc8jkRs0_FcMMhq_4q7qWw1zKBcZYSqWJBUOBfJFL8l3PwkFazTBVqKX-DitL73-b4O-7oxCKNvSZkLCXvchvjdAgOeDX_WqhknJcY-uSkcynzl8yFAwHQhsEU&__tn__=-UC%2CP-R', 'https://www.facebook.com/buycnet/posts/136846232272286?__cft__[0]=AZUNoaJBCmc8jkRs0_FcMMhq_4q7qWw1zKBcZYSqWJBUOBfJFL8l3PwkFazTBVqKX-DitL73-b4O-7oxCKNvSZkLCXvchvjdAgOeDX_WqhknJcY-uSkcynzl8yFAwHQhsEU&__tn__=%2CO%2CP-R', 'https://www.facebook.com/buycnet/photos/pcb.136846232272286/136846132272296/?__cft__[0]=AZUNoaJBCmc8jkRs0_FcMMhq_4q7qWw1zKBcZYSqWJBUOBfJFL8l3PwkFazTBVqKX-DitL73-b4O-7oxCKNvSZkLCXvchvjdAgOeDX_WqhknJcY-uSkcynzl8yFAwHQhsEU&__tn__=*bH-R', 'https://www.facebook.com/buycnet/photos/pcb.136846232272286/136846115605631/?__cft__[0]=AZUNoaJBCmc8jkRs0_FcMMhq_4q7qWw1zKBcZYSqWJBUOBfJFL8l3PwkFazTBVqKX-DitL73-b4O-7oxCKNvSZkLCXvchvjdAgOeDX_WqhknJcY-uSkcynzl8yFAwHQhsEU&__tn__=*bH-R', 'https://www.facebook.com/buycnet/photos/pcb.136846232272286/136846145605628/?__cft__[0]=AZUNoaJBCmc8jkRs0_FcMMhq_4q7qWw1zKBcZYSqWJBUOBfJFL8l3PwkFazTBVqKX-DitL73-b4O-7oxCKNvSZkLCXvchvjdAgOeDX_WqhknJcY-uSkcynzl8yFAwHQhsEU&__tn__=*bH-R']",28_05_2022-02_56_01-Bangladesh News-partho.csv
