Post,img_link,Links,file_path
"বাংলাদেশের গর্বের, স্বপ্নের পদ্মা সেতু উদ্বোধন হতে যাচ্ছে আগামী ২৫ জুন ২০২২ তারিখে। ",['https://scontent.fdac22-1.fna.fbcdn.net/v/t39.30808-6/283362989_173121778472311_3182042436872242736_n.jpg?stp=dst-jpg_s600x600&_nc_cat=104&ccb=1-7&_nc_sid=8bfeb9&_nc_ohc=KDWJWFVV-LsAX9-0mNO&_nc_ht=scontent.fdac22-1.fna&oh=00_AT9x7KJCOC9jqSjtk1EPgvSw4yWSSPCl9FoshiZDzbO2hQ&oe=629693AB'],"['https://www.facebook.com/kunannu.1971/?__cft__[0]=AZUZyPE8larl_qVmrduMZcYm5evtVCgag81rP45OL1LQ6YpNzm1azjuD8f9ZMMxdowD_oLV505Z0-8Ldp8_QIqgX-r3ByEnJjmQuZGa5Gz7ja7dQC7NdYku0ynmCHWD80RA&__tn__=%3C%2CP-R', 'https://www.facebook.com/kunannu.1971/?__cft__[0]=AZUZyPE8larl_qVmrduMZcYm5evtVCgag81rP45OL1LQ6YpNzm1azjuD8f9ZMMxdowD_oLV505Z0-8Ldp8_QIqgX-r3ByEnJjmQuZGa5Gz7ja7dQC7NdYku0ynmCHWD80RA&__tn__=%3C%3C%2CP-R', 'https://www.facebook.com/kunannu.1971/?__cft__[0]=AZUZyPE8larl_qVmrduMZcYm5evtVCgag81rP45OL1LQ6YpNzm1azjuD8f9ZMMxdowD_oLV505Z0-8Ldp8_QIqgX-r3ByEnJjmQuZGa5Gz7ja7dQC7NdYku0ynmCHWD80RA&__tn__=-UC%2CP-R', 'https://www.facebook.com/kunannu.1971/posts/173121891805633?__cft__[0]=AZUZyPE8larl_qVmrduMZcYm5evtVCgag81rP45OL1LQ6YpNzm1azjuD8f9ZMMxdowD_oLV505Z0-8Ldp8_QIqgX-r3ByEnJjmQuZGa5Gz7ja7dQC7NdYku0ynmCHWD80RA&__tn__=%2CO%2CP-R', 'https://www.facebook.com/kunannu.1971/photos/pcb.173121891805633/173121781805644/?__cft__[0]=AZUZyPE8larl_qVmrduMZcYm5evtVCgag81rP45OL1LQ6YpNzm1azjuD8f9ZMMxdowD_oLV505Z0-8Ldp8_QIqgX-r3ByEnJjmQuZGa5Gz7ja7dQC7NdYku0ynmCHWD80RA&__tn__=*bH-R', 'https://www.facebook.com/kunannu.1971/photos/pcb.173121891805633/173121805138975/?__cft__[0]=AZUZyPE8larl_qVmrduMZcYm5evtVCgag81rP45OL1LQ6YpNzm1azjuD8f9ZMMxdowD_oLV505Z0-8Ldp8_QIqgX-r3ByEnJjmQuZGa5Gz7ja7dQC7NdYku0ynmCHWD80RA&__tn__=*bH-R', 'https://www.facebook.com/kunannu.1971/photos/pcb.173121891805633/173121845138971/?__cft__[0]=AZUZyPE8larl_qVmrduMZcYm5evtVCgag81rP45OL1LQ6YpNzm1azjuD8f9ZMMxdowD_oLV505Z0-8Ldp8_QIqgX-r3ByEnJjmQuZGa5Gz7ja7dQC7NdYku0ynmCHWD80RA&__tn__=*bH-R', 'https://www.facebook.com/kunannu.1971/photos/pcb.173121891805633/173121868472302/?__cft__[0]=AZUZyPE8larl_qVmrduMZcYm5evtVCgag81rP45OL1LQ6YpNzm1azjuD8f9ZMMxdowD_oLV505Z0-8Ldp8_QIqgX-r3ByEnJjmQuZGa5Gz7ja7dQC7NdYku0ynmCHWD80RA&__tn__=*bH-R']",28_05_2022-05_09_36-পদ্মা সেতু-partho.csv
"বাংলাদেশের গর্বের, স্বপ্নের পদ্মা সেতু উদ্বোধন হতে যাচ্ছে আগামী ২৫ জুন ২০২২ তারিখে। ",['https://scontent.fdac22-1.fna.fbcdn.net/v/t39.30808-6/283839430_323217356658182_7646527203859713018_n.jpg?stp=dst-jpg_s600x600&_nc_cat=111&ccb=1-7&_nc_sid=8bfeb9&_nc_ohc=Y80Jt8Q9R_cAX8jLXRL&_nc_ht=scontent.fdac22-1.fna&oh=00_AT-pBEDpLn_zM1_fZ1LnXt56-ZqLGrgjp8HPmbY1rvM1HQ&oe=62979E16'],"['https://www.facebook.com/%E0%A6%AC%E0%A6%BF%E0%A6%B6%E0%A7%8D%E0%A6%AC%E0%A6%A8%E0%A7%87%E0%A6%A4%E0%A7%8D%E0%A6%B0%E0%A7%80-%E0%A6%B6%E0%A7%87%E0%A6%96-%E0%A6%B9%E0%A6%BE%E0%A6%B8%E0%A6%BF%E0%A6%A8%E0%A6%BE-World-leader-Sheikh-Hasina-100523502260903/?__cft__[0]=AZU3G9ibN651eM3YCi2w_kyLUXwtvyMtQz5XMqQUr-lzGqSKzflVkmqDT6whypHegCIq8Vayu_jhDqe7sMpy3IOC5etOAbgF77tq-l-0NE0Zz017ZLaKgvsGAknZ24_VNQ0&__tn__=%3C%2CP-R', 'https://www.facebook.com/%E0%A6%AC%E0%A6%BF%E0%A6%B6%E0%A7%8D%E0%A6%AC%E0%A6%A8%E0%A7%87%E0%A6%A4%E0%A7%8D%E0%A6%B0%E0%A7%80-%E0%A6%B6%E0%A7%87%E0%A6%96-%E0%A6%B9%E0%A6%BE%E0%A6%B8%E0%A6%BF%E0%A6%A8%E0%A6%BE-World-leader-Sheikh-Hasina-100523502260903/?__cft__[0]=AZU3G9ibN651eM3YCi2w_kyLUXwtvyMtQz5XMqQUr-lzGqSKzflVkmqDT6whypHegCIq8Vayu_jhDqe7sMpy3IOC5etOAbgF77tq-l-0NE0Zz017ZLaKgvsGAknZ24_VNQ0&__tn__=%3C%3C%2CP-R', 'https://www.facebook.com/%E0%A6%AC%E0%A6%BF%E0%A6%B6%E0%A7%8D%E0%A6%AC%E0%A6%A8%E0%A7%87%E0%A6%A4%E0%A7%8D%E0%A6%B0%E0%A7%80-%E0%A6%B6%E0%A7%87%E0%A6%96-%E0%A6%B9%E0%A6%BE%E0%A6%B8%E0%A6%BF%E0%A6%A8%E0%A6%BE-World-leader-Sheikh-Hasina-100523502260903/?__cft__[0]=AZU3G9ibN651eM3YCi2w_kyLUXwtvyMtQz5XMqQUr-lzGqSKzflVkmqDT6whypHegCIq8Vayu_jhDqe7sMpy3IOC5etOAbgF77tq-l-0NE0Zz017ZLaKgvsGAknZ24_VNQ0&__tn__=-UC%2CP-R', 'https://www.facebook.com/permalink.php?story_fbid=323217289991522&id=100523502260903&__cft__[0]=AZU3G9ibN651eM3YCi2w_kyLUXwtvyMtQz5XMqQUr-lzGqSKzflVkmqDT6whypHegCIq8Vayu_jhDqe7sMpy3IOC5etOAbgF77tq-l-0NE0Zz017ZLaKgvsGAknZ24_VNQ0&__tn__=%2CO%2CP-R', 'https://www.facebook.com/বিশ্বনেত্রী-শেখ-হাসিনা-World-leader-Sheikh-Hasina-100523502260903/photos/pcb.323217289991522/323217179991533/?__cft__[0]=AZU3G9ibN651eM3YCi2w_kyLUXwtvyMtQz5XMqQUr-lzGqSKzflVkmqDT6whypHegCIq8Vayu_jhDqe7sMpy3IOC5etOAbgF77tq-l-0NE0Zz017ZLaKgvsGAknZ24_VNQ0&__tn__=*bH-R', 'https://www.facebook.com/বিশ্বনেত্রী-শেখ-হাসিনা-World-leader-Sheikh-Hasina-100523502260903/photos/pcb.323217289991522/323217219991529/?__cft__[0]=AZU3G9ibN651eM3YCi2w_kyLUXwtvyMtQz5XMqQUr-lzGqSKzflVkmqDT6whypHegCIq8Vayu_jhDqe7sMpy3IOC5etOAbgF77tq-l-0NE0Zz017ZLaKgvsGAknZ24_VNQ0&__tn__=*bH-R', 'https://www.facebook.com/বিশ্বনেত্রী-শেখ-হাসিনা-World-leader-Sheikh-Hasina-100523502260903/photos/pcb.323217289991522/323217256658192/?__cft__[0]=AZU3G9ibN651eM3YCi2w_kyLUXwtvyMtQz5XMqQUr-lzGqSKzflVkmqDT6whypHegCIq8Vayu_jhDqe7sMpy3IOC5etOAbgF77tq-l-0NE0Zz017ZLaKgvsGAknZ24_VNQ0&__tn__=*bH-R']",28_05_2022-05_09_36-পদ্মা সেতু-partho.csv
পদ্মাসেতু এবং কিছু কথা==================উদ্বোধনের অপেক্ষায় পদ্মাসেতু। কিন্তু এ সেতু নিয়ে সমালোচনার শেষ নেই। আমার মনে হয় সমালোচনা প্রিয় এই জাতির সমালোচনার কোন শেষ নেই। সমালোচনার চাইতে যে প্রিয় কিছু বাঙালিদের নেই তার প্রমাণ দেবার আর কোন দরকার আছে বলে মনে হয় না। এতো সমালোচনার পরেও গাড়ি চলাচলের অপেক্ষায় পদ্মাসেতু এটাই সকল সমালোচনার বড় জবাব।,['https://scontent.fdac22-1.fna.fbcdn.net/v/t39.30808-6/282164052_556346139401748_4374827853220952727_n.jpg?stp=dst-jpg_p180x540&_nc_cat=105&ccb=1-7&_nc_sid=8bfeb9&_nc_ohc=kixsQ03IAuQAX_IyNK2&_nc_ht=scontent.fdac22-1.fna&oh=00_AT8Lnjg61fm4GJNcp8GUp-CvZf3nHcOym95jLRigE3JGbA&oe=629678B8'],"['https://www.facebook.com/helaluddin565/?__cft__[0]=AZUIl1NmaJPhlvmpAUGsKGMNcFHD7k79dZnNxgoiUtekyW6cKDo1uZVsaInEzVSFJobJtCnIy46a1MVcjZXSPcCbBtpRuqEnMSr9Msgn2NKjTFnuSqowhINUmkaR-_YO4rw&__tn__=%3C%2CP-R', 'https://www.facebook.com/helaluddin565/?__cft__[0]=AZUIl1NmaJPhlvmpAUGsKGMNcFHD7k79dZnNxgoiUtekyW6cKDo1uZVsaInEzVSFJobJtCnIy46a1MVcjZXSPcCbBtpRuqEnMSr9Msgn2NKjTFnuSqowhINUmkaR-_YO4rw&__tn__=%3C%3C%2CP-R', 'https://www.facebook.com/helaluddin565/?__cft__[0]=AZUIl1NmaJPhlvmpAUGsKGMNcFHD7k79dZnNxgoiUtekyW6cKDo1uZVsaInEzVSFJobJtCnIy46a1MVcjZXSPcCbBtpRuqEnMSr9Msgn2NKjTFnuSqowhINUmkaR-_YO4rw&__tn__=-UC%2CP-R', 'https://www.facebook.com/helaluddin565/posts/556345889401773?__cft__[0]=AZUIl1NmaJPhlvmpAUGsKGMNcFHD7k79dZnNxgoiUtekyW6cKDo1uZVsaInEzVSFJobJtCnIy46a1MVcjZXSPcCbBtpRuqEnMSr9Msgn2NKjTFnuSqowhINUmkaR-_YO4rw&__tn__=%2CO%2CP-R', 'https://www.facebook.com/helaluddin565/photos/a.102211234815243/556345819401780/?__cft__[0]=AZUIl1NmaJPhlvmpAUGsKGMNcFHD7k79dZnNxgoiUtekyW6cKDo1uZVsaInEzVSFJobJtCnIy46a1MVcjZXSPcCbBtpRuqEnMSr9Msgn2NKjTFnuSqowhINUmkaR-_YO4rw&__tn__=EH-R']",28_05_2022-05_09_36-পদ্মা সেতু-partho.csv
"দক্ষিণাঞ্চলের মানুষের জন্য পদ্মা সেতু কতটা জরুরি, ওই পথে চলাচলের অভিজ্ঞতা ছাড়া তা আসলে বোঝা খুবই কঠিন। দুটি ঈদের কথা উল্লেখ না-ই করলাম, তখন তো গোটা দেশের মানুষই নিউজে দেখতে পায় কতটা কষ্ট করে  মানুষ নদী পার হয়। কিন্তু শীতকালে যে কী অবস্থা হয়, সেটা কেবল তারাই বোঝে, যাদের এই অভিজ্ঞতা হয়। তার ওপর নানা সময়ে নিম্নচাপ বা প্রাকৃতিক দুর্যোগ হলে তো কথাই নেই, সারা রাত ফেরি বন্ধ। ",['https://scontent.fdac22-1.fna.fbcdn.net/v/t39.30808-6/282739416_556842362475197_9102553936938857441_n.jpg?stp=dst-jpg_p526x296&_nc_cat=108&ccb=1-7&_nc_sid=8bfeb9&_nc_ohc=4kMAkEl7DEAAX9s_YUk&tn=OFdy-9AAobFDC7qq&_nc_ht=scontent.fdac22-1.fna&oh=00_AT-sYcndZErMxJo67tkJzNwudDgpRWsaobhi1Bzgdst2Iw&oe=62979104'],"['https://www.facebook.com/Official.Mashrafe?__cft__[0]=AZX8hCbhCa9s8mQdLasmtxojfvtowbRMmW_kgv7m9MmzCj8MsQIZCdVArdy4nvhHbdF0Aalx1OR3ycpi3Fb6M1XM06g06kudP6OXMm_yp28JkqWFmkKpAbkRD6wt7HON-mc&__tn__=%3C%2CP-R', 'https://www.facebook.com/Official.Mashrafe?__cft__[0]=AZX8hCbhCa9s8mQdLasmtxojfvtowbRMmW_kgv7m9MmzCj8MsQIZCdVArdy4nvhHbdF0Aalx1OR3ycpi3Fb6M1XM06g06kudP6OXMm_yp28JkqWFmkKpAbkRD6wt7HON-mc&__tn__=%3C%3C%2CP-R', 'https://www.facebook.com/Official.Mashrafe?__cft__[0]=AZX8hCbhCa9s8mQdLasmtxojfvtowbRMmW_kgv7m9MmzCj8MsQIZCdVArdy4nvhHbdF0Aalx1OR3ycpi3Fb6M1XM06g06kudP6OXMm_yp28JkqWFmkKpAbkRD6wt7HON-mc&__tn__=-UC%2CP-R', 'https://www.facebook.com/Official.Mashrafe/posts/556845285808238?__cft__[0]=AZX8hCbhCa9s8mQdLasmtxojfvtowbRMmW_kgv7m9MmzCj8MsQIZCdVArdy4nvhHbdF0Aalx1OR3ycpi3Fb6M1XM06g06kudP6OXMm_yp28JkqWFmkKpAbkRD6wt7HON-mc&__tn__=%2CO%2CP-R', 'https://www.facebook.com/photo/?fbid=556842365808530&set=a.201734611319309&__cft__[0]=AZX8hCbhCa9s8mQdLasmtxojfvtowbRMmW_kgv7m9MmzCj8MsQIZCdVArdy4nvhHbdF0Aalx1OR3ycpi3Fb6M1XM06g06kudP6OXMm_yp28JkqWFmkKpAbkRD6wt7HON-mc&__tn__=EH-R']",28_05_2022-05_09_36-পদ্মা সেতু-partho.csv
"বাংলাদেশের গর্বের, স্বপ্নের পদ্মা সেতু উদ্বোধন হতে যাচ্ছে আগামী ২৫ জুন ২০২২ তারিখে। ",['https://scontent.fdac22-1.fna.fbcdn.net/v/t39.30808-6/283514771_4819882468122248_9124727627982686250_n.jpg?stp=dst-jpg_p180x540&_nc_cat=108&ccb=1-7&_nc_sid=8bfeb9&_nc_ohc=EsdPgtb5TKkAX-YL_Jj&_nc_ht=scontent.fdac22-1.fna&oh=00_AT_hWS9V9iU56zWD_1bNQj6Hw2568UFULiqaNVUULn6utw&oe=62967CE4'],"['https://www.facebook.com/saifurrahman.sohag.7?__cft__[0]=AZUfyC5Ii1PqEJxKKvMr0tRZvKANgkIb9IeLOuE04WQyO1Wklfue2y7kWGxFLrOpCYkBcN0kVxj70EqUKYXTtBYxSyum0EmgDvhMuQtfmPBtTQ&__tn__=%3C%2CP-R', 'https://www.facebook.com/saifurrahman.sohag.7?__cft__[0]=AZUfyC5Ii1PqEJxKKvMr0tRZvKANgkIb9IeLOuE04WQyO1Wklfue2y7kWGxFLrOpCYkBcN0kVxj70EqUKYXTtBYxSyum0EmgDvhMuQtfmPBtTQ&__tn__=%3C%3C%2CP-R', 'https://www.facebook.com/saifurrahman.sohag.7?__cft__[0]=AZUfyC5Ii1PqEJxKKvMr0tRZvKANgkIb9IeLOuE04WQyO1Wklfue2y7kWGxFLrOpCYkBcN0kVxj70EqUKYXTtBYxSyum0EmgDvhMuQtfmPBtTQ&__tn__=-UC%2CP-R', 'https://www.facebook.com/saifurrahman.sohag.7/posts/4819882924788869?__cft__[0]=AZUfyC5Ii1PqEJxKKvMr0tRZvKANgkIb9IeLOuE04WQyO1Wklfue2y7kWGxFLrOpCYkBcN0kVxj70EqUKYXTtBYxSyum0EmgDvhMuQtfmPBtTQ&__tn__=%2CO%2CP-R', 'https://www.facebook.com/photo/?fbid=4819882478122247&set=a.106235099487032&__cft__[0]=AZUfyC5Ii1PqEJxKKvMr0tRZvKANgkIb9IeLOuE04WQyO1Wklfue2y7kWGxFLrOpCYkBcN0kVxj70EqUKYXTtBYxSyum0EmgDvhMuQtfmPBtTQ&__tn__=EH-R']",28_05_2022-05_09_36-পদ্মা সেতু-partho.csv
#পদ্মা_সেতু  ,['https://static.xx.fbcdn.net/images/emoji.php/v9/t8c/1/16/1f301.png'],"['https://www.facebook.com/profile.php?id=100005793286544&__cft__[0]=AZUoZ5kMxC-LWS4H9APAbSta6oRIJGj0LWPig5vZhgLXh3yEwzDZakP6ap2-sh3XoNd8anPUwG2xgoN8AKtqDFq1WybiRYcZLro2gjqokM5Bqg&__tn__=%3C%2CP-R', 'https://www.facebook.com/profile.php?id=100005793286544&__cft__[0]=AZUoZ5kMxC-LWS4H9APAbSta6oRIJGj0LWPig5vZhgLXh3yEwzDZakP6ap2-sh3XoNd8anPUwG2xgoN8AKtqDFq1WybiRYcZLro2gjqokM5Bqg&__tn__=%3C%3C%2CP-R', 'https://www.facebook.com/profile.php?id=100005793286544&__cft__[0]=AZUoZ5kMxC-LWS4H9APAbSta6oRIJGj0LWPig5vZhgLXh3yEwzDZakP6ap2-sh3XoNd8anPUwG2xgoN8AKtqDFq1WybiRYcZLro2gjqokM5Bqg&__tn__=-UC%2CP-R', 'https://www.facebook.com/permalink.php?story_fbid=1984740645062359&id=100005793286544&__cft__[0]=AZUoZ5kMxC-LWS4H9APAbSta6oRIJGj0LWPig5vZhgLXh3yEwzDZakP6ap2-sh3XoNd8anPUwG2xgoN8AKtqDFq1WybiRYcZLro2gjqokM5Bqg&__tn__=%2CO%2CP-R', 'https://www.facebook.com/hashtag/%E0%A6%AA%E0%A6%A6%E0%A7%8D%E0%A6%AE%E0%A6%BE_%E0%A6%B8%E0%A7%87%E0%A6%A4%E0%A7%81?__eep__=6&__cft__[0]=AZUoZ5kMxC-LWS4H9APAbSta6oRIJGj0LWPig5vZhgLXh3yEwzDZakP6ap2-sh3XoNd8anPUwG2xgoN8AKtqDFq1WybiRYcZLro2gjqokM5Bqg&__tn__=*NK-R', 'https://www.facebook.com/photo/?fbid=1984740575062366&set=pcb.1984740645062359&__cft__[0]=AZUoZ5kMxC-LWS4H9APAbSta6oRIJGj0LWPig5vZhgLXh3yEwzDZakP6ap2-sh3XoNd8anPUwG2xgoN8AKtqDFq1WybiRYcZLro2gjqokM5Bqg&__tn__=*bH-R', 'https://www.facebook.com/photo/?fbid=1984740621729028&set=pcb.1984740645062359&__cft__[0]=AZUoZ5kMxC-LWS4H9APAbSta6oRIJGj0LWPig5vZhgLXh3yEwzDZakP6ap2-sh3XoNd8anPUwG2xgoN8AKtqDFq1WybiRYcZLro2gjqokM5Bqg&__tn__=*bH-R']",28_05_2022-05_09_36-পদ্মা সেতু-partho.csv
"বাংলাদেশের গর্বের, স্বপ্নের পদ্মা সেতু উদ্বোধন হতে যাচ্ছে    আগামী ২৫ জুন ২০২২ তারিখে। আজ সড়ক পরিবহন ও সেতু মন্ত্রণালয়ের প্রস্তাবিত সময়সূচীতে স্বাক্ষর করেছেন মাননীয় প্রধানমন্ত্রী শেখ হাসিনা।শুধু দক্ষিণবঙ্গ নয় সমগ্র বাংলাদেশের যোগাযোগ ব্যবস্থায় আমূল পরিবর্তন আনবে পদ্মা সেতু। সাধারণ মানুষের ফেরী ঘাটের দুর্দশার ৩০/৩৫ বছরের চিরচেনা চিত্র পাল্টে যাবে পদ্মা সেতুর মাধ্যমেই, বাড়বে দেশের অর্থনৈতিক প্রবৃদ্ধি, ব্যবসা বাণিজ্যের প্রসার হবে কল্পনাতীত।বাংলাদেশের মানুষ বঙ্গবন্ধু কন্যা মাননী… See more",['https://scontent.fdac22-1.fna.fbcdn.net/v/t39.30808-6/283420358_167730505614527_770396424844077427_n.jpg?stp=dst-jpg_p552x414&_nc_cat=110&ccb=1-7&_nc_sid=8bfeb9&_nc_ohc=shk0l3qPDiQAX-bbCGJ&tn=OFdy-9AAobFDC7qq&_nc_ht=scontent.fdac22-1.fna&oh=00_AT-5ZurdIjHrj70n1YT99YyS5YU6eZLTciawZ9g4PjveKw&oe=6296FD75'],"['https://www.facebook.com/desperatedadavaishuvo/?__cft__[0]=AZVIK8zEO6SeEw-EZekIZxlp8r7zOWrly7R090JXLPMoYdLKxdmJtwJoNkoyLhJS3VPGxqJcUYRT1SU9C819wOZQJaBeRfyfcCavzkXW89E-SzcFMfOsyDT0xs8RYyGoEHQ&__tn__=%3C%2CP-R', 'https://www.facebook.com/desperatedadavaishuvo/?__cft__[0]=AZVIK8zEO6SeEw-EZekIZxlp8r7zOWrly7R090JXLPMoYdLKxdmJtwJoNkoyLhJS3VPGxqJcUYRT1SU9C819wOZQJaBeRfyfcCavzkXW89E-SzcFMfOsyDT0xs8RYyGoEHQ&__tn__=%3C%3C%2CP-R', 'https://www.facebook.com/desperatedadavaishuvo/?__cft__[0]=AZVIK8zEO6SeEw-EZekIZxlp8r7zOWrly7R090JXLPMoYdLKxdmJtwJoNkoyLhJS3VPGxqJcUYRT1SU9C819wOZQJaBeRfyfcCavzkXW89E-SzcFMfOsyDT0xs8RYyGoEHQ&__tn__=kC%2CP-R', 'https://www.facebook.com/ePadmaBridge/?__cft__[0]=AZVIK8zEO6SeEw-EZekIZxlp8r7zOWrly7R090JXLPMoYdLKxdmJtwJoNkoyLhJS3VPGxqJcUYRT1SU9C819wOZQJaBeRfyfcCavzkXW89E-SzcFMfOsyDT0xs8RYyGoEHQ&__tn__=kC%2CP-R', 'https://www.facebook.com/desperatedadavaishuvo/posts/167705272283717?__cft__[0]=AZVIK8zEO6SeEw-EZekIZxlp8r7zOWrly7R090JXLPMoYdLKxdmJtwJoNkoyLhJS3VPGxqJcUYRT1SU9C819wOZQJaBeRfyfcCavzkXW89E-SzcFMfOsyDT0xs8RYyGoEHQ&__tn__=%2CO%2CP-R', 'https://www.facebook.com/pages/Mawa-Dhaka-Bangladesh/112714825422072?__cft__[0]=AZVIK8zEO6SeEw-EZekIZxlp8r7zOWrly7R090JXLPMoYdLKxdmJtwJoNkoyLhJS3VPGxqJcUYRT1SU9C819wOZQJaBeRfyfcCavzkXW89E-SzcFMfOsyDT0xs8RYyGoEHQ&__tn__=%2CP-R', '/desperatedadavaishuvo/photos/pcb.167705272283717/167730508947860/?__cft__[0]=AZVIK8zEO6SeEw-EZekIZxlp8r7zOWrly7R090JXLPMoYdLKxdmJtwJoNkoyLhJS3VPGxqJcUYRT1SU9C819wOZQJaBeRfyfcCavzkXW89E-SzcFMfOsyDT0xs8RYyGoEHQ&__tn__=H-R', '/desperatedadavaishuvo/photos/pcb.167705272283717/167709608949950/?__cft__[0]=AZVIK8zEO6SeEw-EZekIZxlp8r7zOWrly7R090JXLPMoYdLKxdmJtwJoNkoyLhJS3VPGxqJcUYRT1SU9C819wOZQJaBeRfyfcCavzkXW89E-SzcFMfOsyDT0xs8RYyGoEHQ&__tn__=H-R', '/desperatedadavaishuvo/photos/pcb.167705272283717/167704548950456/?__cft__[0]=AZVIK8zEO6SeEw-EZekIZxlp8r7zOWrly7R090JXLPMoYdLKxdmJtwJoNkoyLhJS3VPGxqJcUYRT1SU9C819wOZQJaBeRfyfcCavzkXW89E-SzcFMfOsyDT0xs8RYyGoEHQ&__tn__=H-R', '/desperatedadavaishuvo/photos/pcb.167705272283717/167704898950421/?__cft__[0]=AZVIK8zEO6SeEw-EZekIZxlp8r7zOWrly7R090JXLPMoYdLKxdmJtwJoNkoyLhJS3VPGxqJcUYRT1SU9C819wOZQJaBeRfyfcCavzkXW89E-SzcFMfOsyDT0xs8RYyGoEHQ&__tn__=H-R', '/desperatedadavaishuvo/photos/pcb.167705272283717/167704835617094/?__cft__[0]=AZVIK8zEO6SeEw-EZekIZxlp8r7zOWrly7R090JXLPMoYdLKxdmJtwJoNkoyLhJS3VPGxqJcUYRT1SU9C819wOZQJaBeRfyfcCavzkXW89E-SzcFMfOsyDT0xs8RYyGoEHQ&__tn__=H-R']",28_05_2022-05_09_36-পদ্মা সেতু-partho.csv
পদ্মা বহুমুখী সেতু,['https://scontent.fdac22-1.fna.fbcdn.net/v/t1.6435-9/131458396_4159126630787058_7186981352940982773_n.jpg?stp=dst-jpg_p180x540&_nc_cat=101&ccb=1-7&_nc_sid=730e14&_nc_ohc=NKVcKswhiOgAX_3bJbA&_nc_ht=scontent.fdac22-1.fna&oh=00_AT9zTTPlcOAC1goIc1hR0Pe2t10yNf3TV82EPjB8XATCaw&oe=62B613E8'],"['https://www.facebook.com/DailyProthomAlo/?__cft__[0]=AZXexHNic5mu3Ok0cBOlCf7qSTvZxFKArE64xdcPw4OSvS5mSQ7rg_PJUEBRKkHSLq7mNjaOSUiTuvxp89MI2QsH2q3jcAHimNHNlwD3qkPygVhDeEThrW_p2L5rY97PFuo&__tn__=%3C%2CP-R', '/stories/2127928340569696/UzpfSVNDOjEyODc0NjgzNDU0MTQ4NDI=/?view_single=true&__cft__[0]=AZXexHNic5mu3Ok0cBOlCf7qSTvZxFKArE64xdcPw4OSvS5mSQ7rg_PJUEBRKkHSLq7mNjaOSUiTuvxp89MI2QsH2q3jcAHimNHNlwD3qkPygVhDeEThrW_p2L5rY97PFuo&__tn__=%3C%3C%2CP-R', 'https://www.facebook.com/DailyProthomAlo/?__cft__[0]=AZXexHNic5mu3Ok0cBOlCf7qSTvZxFKArE64xdcPw4OSvS5mSQ7rg_PJUEBRKkHSLq7mNjaOSUiTuvxp89MI2QsH2q3jcAHimNHNlwD3qkPygVhDeEThrW_p2L5rY97PFuo&__tn__=-UC%2CP-R', 'https://www.facebook.com/DailyProthomAlo/posts/4159129420786779?__cft__[0]=AZXexHNic5mu3Ok0cBOlCf7qSTvZxFKArE64xdcPw4OSvS5mSQ7rg_PJUEBRKkHSLq7mNjaOSUiTuvxp89MI2QsH2q3jcAHimNHNlwD3qkPygVhDeEThrW_p2L5rY97PFuo&__tn__=%2CO%2CP-R', 'https://www.facebook.com/DailyProthomAlo/photos/a.215619841804443/4159126627453725/?__cft__[0]=AZXexHNic5mu3Ok0cBOlCf7qSTvZxFKArE64xdcPw4OSvS5mSQ7rg_PJUEBRKkHSLq7mNjaOSUiTuvxp89MI2QsH2q3jcAHimNHNlwD3qkPygVhDeEThrW_p2L5rY97PFuo&__tn__=EH-R']",28_05_2022-05_09_36-পদ্মা সেতু-partho.csv
আগামী ২৫ জুন চালু হচ্ছে পদ্মা সেতু। দীর্ঘদিনের লালিত স্বপ্ন বাস্তবে রূপ নেওয়ার আগ মুহূর্তে পদ্মা নদী তীরবর্তী মুন্সীগঞ্জ জেলায় বইছে আনন্দের বন্যা। সেতু নিয়ে উচ্ছ্বসিত পদ্মা পাড়ের মানুষ। ,['https://scontent.fdac22-1.fna.fbcdn.net/v/t39.30808-6/283513207_4979568865502729_156315273934461354_n.jpg?stp=dst-jpg_p526x296&_nc_cat=100&ccb=1-7&_nc_sid=5cd70e&_nc_ohc=Qs7dVvIHgQ4AX9vLQ2a&_nc_ht=scontent.fdac22-1.fna&oh=00_AT9FIXQd9igkb9pzVBk8BWQ61vcvLgr_Unn5Rkfbn3KjYA&oe=629793C5'],"['/groups/109793829588251/user/100003489940712/?__cft__[0]=AZXG7N2Y5rIxTHYYCx4inw1pCK2qN0gG6phyvp6MXjHx_WfqPmhq6ZxKZToQqMH2RoUiYy4Cy16RsetlUPZ0cGJ2rDuhiFic1Tomr-NiXIOwpYptn2hIdx2fGg334ZBZlrz26Hl9WPB86FX1HTG2cx7q&__tn__=%3C%2CP-R', '/stories/1506183736058837/UzpfSVNDOjczNDI5NzE2NDI2MjQ3MA==/?view_single=true&__cft__[0]=AZXG7N2Y5rIxTHYYCx4inw1pCK2qN0gG6phyvp6MXjHx_WfqPmhq6ZxKZToQqMH2RoUiYy4Cy16RsetlUPZ0cGJ2rDuhiFic1Tomr-NiXIOwpYptn2hIdx2fGg334ZBZlrz26Hl9WPB86FX1HTG2cx7q&__tn__=%3C%3C%2CP-R', '/groups/109793829588251/user/100003489940712/?__cft__[0]=AZXG7N2Y5rIxTHYYCx4inw1pCK2qN0gG6phyvp6MXjHx_WfqPmhq6ZxKZToQqMH2RoUiYy4Cy16RsetlUPZ0cGJ2rDuhiFic1Tomr-NiXIOwpYptn2hIdx2fGg334ZBZlrz26Hl9WPB86FX1HTG2cx7q&__tn__=-UC%2CP-R', 'https://www.facebook.com/groups/awamileague.1949group/?__cft__[0]=AZXG7N2Y5rIxTHYYCx4inw1pCK2qN0gG6phyvp6MXjHx_WfqPmhq6ZxKZToQqMH2RoUiYy4Cy16RsetlUPZ0cGJ2rDuhiFic1Tomr-NiXIOwpYptn2hIdx2fGg334ZBZlrz26Hl9WPB86FX1HTG2cx7q&__tn__=-UC%2CP-R', 'https://www.facebook.com/groups/awamileague.1949group/posts/1012995249268100/?__cft__[0]=AZXG7N2Y5rIxTHYYCx4inw1pCK2qN0gG6phyvp6MXjHx_WfqPmhq6ZxKZToQqMH2RoUiYy4Cy16RsetlUPZ0cGJ2rDuhiFic1Tomr-NiXIOwpYptn2hIdx2fGg334ZBZlrz26Hl9WPB86FX1HTG2cx7q&__tn__=%2CO%2CP-R', 'https://www.facebook.com/photo/?fbid=4979568772169405&set=gm.1012995249268100&__cft__[0]=AZXG7N2Y5rIxTHYYCx4inw1pCK2qN0gG6phyvp6MXjHx_WfqPmhq6ZxKZToQqMH2RoUiYy4Cy16RsetlUPZ0cGJ2rDuhiFic1Tomr-NiXIOwpYptn2hIdx2fGg334ZBZlrz26Hl9WPB86FX1HTG2cx7q&__tn__=EH-R']",28_05_2022-05_09_36-পদ্মা সেতু-partho.csv
#পদ্মাসেতু ➤ফেরি ঘাটে এম্বুলেন্স আটকে মাকে হারানো সন্তান জানে পদ্মা সেতু কি!➤৩ ঘন্টা দেরি হওয়াতে ইন্টারভিউ দিতে না পারা বেকার ছেলেটি জানে পদ্মা সেতু কি!➤কুয়াশার কারনে ফেরি বন্ধ হলে ফ্লাইট মিস করা রেমিটেন্স যোদ্ধা প্রবাসী জানে পদ্মাসেতু কি!… See more,['https://scontent.fdac22-1.fna.fbcdn.net/v/t39.30808-6/283175218_961523631208317_6075330574280650454_n.jpg?stp=dst-jpg_p280x280&_nc_cat=111&ccb=1-7&_nc_sid=8bfeb9&_nc_ohc=uh3TiB4V1VcAX-reB8o&_nc_ht=scontent.fdac22-1.fna&oh=00_AT-3wVl5_dhT3p1gcpFHkM10Bc3dEFg06CbutDn2Ih6S9w&oe=6296D03D'],"['https://www.facebook.com/profile.php?id=100020520673559&__cft__[0]=AZXXiMVXOyIK_L1gS6teFlVBdAS8lkDOQrmnV7LGbn5lTqu-O7XiUD6t5HqYg0yJLKPERb1v9F8xrlQJ9f1PzHFlQQ9DmBcTCMe2gygzgnt81Q&__tn__=%3C%2CP-R', 'https://www.facebook.com/profile.php?id=100020520673559&__cft__[0]=AZXXiMVXOyIK_L1gS6teFlVBdAS8lkDOQrmnV7LGbn5lTqu-O7XiUD6t5HqYg0yJLKPERb1v9F8xrlQJ9f1PzHFlQQ9DmBcTCMe2gygzgnt81Q&__tn__=%3C%3C%2CP-R', 'https://www.facebook.com/profile.php?id=100020520673559&__cft__[0]=AZXXiMVXOyIK_L1gS6teFlVBdAS8lkDOQrmnV7LGbn5lTqu-O7XiUD6t5HqYg0yJLKPERb1v9F8xrlQJ9f1PzHFlQQ9DmBcTCMe2gygzgnt81Q&__tn__=-]C%2CP-R', 'https://www.facebook.com/profile.php?id=100078106662799&__cft__[0]=AZXXiMVXOyIK_L1gS6teFlVBdAS8lkDOQrmnV7LGbn5lTqu-O7XiUD6t5HqYg0yJLKPERb1v9F8xrlQJ9f1PzHFlQQ9DmBcTCMe2gygzgnt81Q&__tn__=-]C%2CP-R', 'https://www.facebook.com/permalink.php?story_fbid=961523697874977&id=100020520673559&__cft__[0]=AZXXiMVXOyIK_L1gS6teFlVBdAS8lkDOQrmnV7LGbn5lTqu-O7XiUD6t5HqYg0yJLKPERb1v9F8xrlQJ9f1PzHFlQQ9DmBcTCMe2gygzgnt81Q&__tn__=%2CO%2CP-R', 'https://www.facebook.com/hashtag/%E0%A6%AA%E0%A6%A6%E0%A7%8D%E0%A6%AE%E0%A6%BE%E0%A6%B8%E0%A7%87%E0%A6%A4%E0%A7%81?__eep__=6&__cft__[0]=AZXXiMVXOyIK_L1gS6teFlVBdAS8lkDOQrmnV7LGbn5lTqu-O7XiUD6t5HqYg0yJLKPERb1v9F8xrlQJ9f1PzHFlQQ9DmBcTCMe2gygzgnt81Q&__tn__=*NK-R', 'https://www.facebook.com/photo/?fbid=961523641208316&set=pcb.961523697874977&__cft__[0]=AZXXiMVXOyIK_L1gS6teFlVBdAS8lkDOQrmnV7LGbn5lTqu-O7XiUD6t5HqYg0yJLKPERb1v9F8xrlQJ9f1PzHFlQQ9DmBcTCMe2gygzgnt81Q&__tn__=*bH-R', 'https://www.facebook.com/photo/?fbid=961523677874979&set=pcb.961523697874977&__cft__[0]=AZXXiMVXOyIK_L1gS6teFlVBdAS8lkDOQrmnV7LGbn5lTqu-O7XiUD6t5HqYg0yJLKPERb1v9F8xrlQJ9f1PzHFlQQ9DmBcTCMe2gygzgnt81Q&__tn__=*bH-R']",28_05_2022-05_09_36-পদ্মা সেতু-partho.csv
২৫ জুন পদ্মা সেতু উদ্বোধন ,['https://static.xx.fbcdn.net/images/emoji.php/v9/tba/1/16/1f54a.png'],"['https://www.facebook.com/padmabridgebd/?__cft__[0]=AZXkWbr5-Bd-Hw3oelbwUYftnFCgEykuvNN4GgYT4SkwPkxpG5-5_ywPA7fsb7s-TQfrbvGcfMhmFNsEky5RedSLQl_EKiGQYVeVRJWo0mTLLvut6SnYZzoTJh9-1oANiZxV4daZtt31pAhSiOy2BuYo&__tn__=%3C%2CP-R', 'https://www.facebook.com/padmabridgebd/?__cft__[0]=AZXkWbr5-Bd-Hw3oelbwUYftnFCgEykuvNN4GgYT4SkwPkxpG5-5_ywPA7fsb7s-TQfrbvGcfMhmFNsEky5RedSLQl_EKiGQYVeVRJWo0mTLLvut6SnYZzoTJh9-1oANiZxV4daZtt31pAhSiOy2BuYo&__tn__=%3C%3C%2CP-R', 'https://www.facebook.com/padmabridgebd/?__cft__[0]=AZXkWbr5-Bd-Hw3oelbwUYftnFCgEykuvNN4GgYT4SkwPkxpG5-5_ywPA7fsb7s-TQfrbvGcfMhmFNsEky5RedSLQl_EKiGQYVeVRJWo0mTLLvut6SnYZzoTJh9-1oANiZxV4daZtt31pAhSiOy2BuYo&__tn__=-UC%2CP-R', 'https://www.facebook.com/padmabridgebd/posts/5054572127966087?__cft__[0]=AZXkWbr5-Bd-Hw3oelbwUYftnFCgEykuvNN4GgYT4SkwPkxpG5-5_ywPA7fsb7s-TQfrbvGcfMhmFNsEky5RedSLQl_EKiGQYVeVRJWo0mTLLvut6SnYZzoTJh9-1oANiZxV4daZtt31pAhSiOy2BuYo&__tn__=%2CO%2CP-R', 'https://www.facebook.com/padmabridgebd/videos/375140871306749/?__cft__[0]=AZXkWbr5-Bd-Hw3oelbwUYftnFCgEykuvNN4GgYT4SkwPkxpG5-5_ywPA7fsb7s-TQfrbvGcfMhmFNsEky5RedSLQl_EKiGQYVeVRJWo0mTLLvut6SnYZzoTJh9-1oANiZxV4daZtt31pAhSiOy2BuYo&__tn__=%2B%3FFH-R']",28_05_2022-05_09_36-পদ্মা সেতু-partho.csv
আগামী ২৫ জুন উদ্বোধন হতে যাচ্ছে স্বপ্নের পদ্মা সেতু। এক নজরে দেখে নিন পদ্মা সেতু পারাপারে সরকার নির্ধারিত টোলের হার...,['https://scontent.fdac22-1.fna.fbcdn.net/v/t39.30808-6/283358217_503989524796705_4598961289444539030_n.jpg?stp=dst-jpg_p180x540&_nc_cat=101&ccb=1-7&_nc_sid=730e14&_nc_ohc=eipaQqQWTd0AX-zKj0j&_nc_oc=AQlDir5pgU1dm-bK1y_8SrVPJTFdngxPyb99Vg9iszGAWYiZ5iRB4lHrKFMZ3T-B9qw&_nc_ht=scontent.fdac22-1.fna&oh=00_AT_W91S5WdzWn56EiIvx5W0YdV5ibewWz0bk_xgFduIVLg&oe=62973E24'],"['https://www.facebook.com/DPostOnline/?__cft__[0]=AZWgVD7-hU3B4mTKpjbOu4IVyhEtpr9h3CbMukO1sf3HNqtcl97wAZi5KpQthRj4an-ifUcKOaTev7moNaq7W58MTMqj5y0OmqatAtVbJNX6SJBG-o6P91_FfjL4VEsNvJY&__tn__=%3C%2CP-R', '/stories/135502614978733/UzpfSVNDOjEyMTc5MDYwOTU2ODA0NTY=/?view_single=true&__cft__[0]=AZWgVD7-hU3B4mTKpjbOu4IVyhEtpr9h3CbMukO1sf3HNqtcl97wAZi5KpQthRj4an-ifUcKOaTev7moNaq7W58MTMqj5y0OmqatAtVbJNX6SJBG-o6P91_FfjL4VEsNvJY&__tn__=%3C%3C%2CP-R', 'https://www.facebook.com/DPostOnline/?__cft__[0]=AZWgVD7-hU3B4mTKpjbOu4IVyhEtpr9h3CbMukO1sf3HNqtcl97wAZi5KpQthRj4an-ifUcKOaTev7moNaq7W58MTMqj5y0OmqatAtVbJNX6SJBG-o6P91_FfjL4VEsNvJY&__tn__=-UC%2CP-R', 'https://www.facebook.com/DPostOnline/posts/503990394796618?__cft__[0]=AZWgVD7-hU3B4mTKpjbOu4IVyhEtpr9h3CbMukO1sf3HNqtcl97wAZi5KpQthRj4an-ifUcKOaTev7moNaq7W58MTMqj5y0OmqatAtVbJNX6SJBG-o6P91_FfjL4VEsNvJY&__tn__=%2CO%2CP-R', 'https://www.facebook.com/hashtag/dhakapost?__eep__=6&__cft__[0]=AZWgVD7-hU3B4mTKpjbOu4IVyhEtpr9h3CbMukO1sf3HNqtcl97wAZi5KpQthRj4an-ifUcKOaTev7moNaq7W58MTMqj5y0OmqatAtVbJNX6SJBG-o6P91_FfjL4VEsNvJY&__tn__=*NK-R', 'https://www.facebook.com/hashtag/%E0%A6%AA%E0%A6%A6%E0%A7%8D%E0%A6%AE%E0%A6%BE%E0%A6%AC%E0%A7%8D%E0%A6%B0%E0%A6%BF%E0%A6%9C?__eep__=6&__cft__[0]=AZWgVD7-hU3B4mTKpjbOu4IVyhEtpr9h3CbMukO1sf3HNqtcl97wAZi5KpQthRj4an-ifUcKOaTev7moNaq7W58MTMqj5y0OmqatAtVbJNX6SJBG-o6P91_FfjL4VEsNvJY&__tn__=*NK-R', 'https://www.facebook.com/hashtag/padmasetu?__eep__=6&__cft__[0]=AZWgVD7-hU3B4mTKpjbOu4IVyhEtpr9h3CbMukO1sf3HNqtcl97wAZi5KpQthRj4an-ifUcKOaTev7moNaq7W58MTMqj5y0OmqatAtVbJNX6SJBG-o6P91_FfjL4VEsNvJY&__tn__=*NK-R', 'https://www.facebook.com/hashtag/padmabridge?__eep__=6&__cft__[0]=AZWgVD7-hU3B4mTKpjbOu4IVyhEtpr9h3CbMukO1sf3HNqtcl97wAZi5KpQthRj4an-ifUcKOaTev7moNaq7W58MTMqj5y0OmqatAtVbJNX6SJBG-o6P91_FfjL4VEsNvJY&__tn__=*NK-R', 'https://www.facebook.com/hashtag/%E0%A6%AA%E0%A6%A6%E0%A7%8D%E0%A6%AE%E0%A6%BE%E0%A6%B8%E0%A7%87%E0%A6%A4%E0%A7%81?__eep__=6&__cft__[0]=AZWgVD7-hU3B4mTKpjbOu4IVyhEtpr9h3CbMukO1sf3HNqtcl97wAZi5KpQthRj4an-ifUcKOaTev7moNaq7W58MTMqj5y0OmqatAtVbJNX6SJBG-o6P91_FfjL4VEsNvJY&__tn__=*NK-R', 'https://www.facebook.com/DPostOnline/photos/a.117540116774983/503989531463371/?__cft__[0]=AZWgVD7-hU3B4mTKpjbOu4IVyhEtpr9h3CbMukO1sf3HNqtcl97wAZi5KpQthRj4an-ifUcKOaTev7moNaq7W58MTMqj5y0OmqatAtVbJNX6SJBG-o6P91_FfjL4VEsNvJY&__tn__=EH-R']",28_05_2022-05_09_36-পদ্মা সেতু-partho.csv
#পদ্মাসেতু ,['https://static.xx.fbcdn.net/images/emoji.php/v9/t2/1/16/1f60d.png'],"['https://www.facebook.com/TSssssssssssssssssssssssssssssssssssssssssssssssss/?__cft__[0]=AZVmr8bGboI2SQD9ublAwTwjH4K9Zb9e-_zS_aoy8VKgxmw0tg1y1nsdqq4HW1sSE6QSE9-9gj84TfvOCaQa-Ss8ibn-n5ldjD4GqgU_xg5ucZ2CQjkP2j5O0gTp0yjlVKw&__tn__=%3C%2CP-R', 'https://www.facebook.com/TSssssssssssssssssssssssssssssssssssssssssssssssss/?__cft__[0]=AZVmr8bGboI2SQD9ublAwTwjH4K9Zb9e-_zS_aoy8VKgxmw0tg1y1nsdqq4HW1sSE6QSE9-9gj84TfvOCaQa-Ss8ibn-n5ldjD4GqgU_xg5ucZ2CQjkP2j5O0gTp0yjlVKw&__tn__=%3C%3C%2CP-R', 'https://www.facebook.com/TSssssssssssssssssssssssssssssssssssssssssssssssss/?__cft__[0]=AZVmr8bGboI2SQD9ublAwTwjH4K9Zb9e-_zS_aoy8VKgxmw0tg1y1nsdqq4HW1sSE6QSE9-9gj84TfvOCaQa-Ss8ibn-n5ldjD4GqgU_xg5ucZ2CQjkP2j5O0gTp0yjlVKw&__tn__=-UC%2CP-R', 'https://www.facebook.com/TSssssssssssssssssssssssssssssssssssssssssssssssss/posts/558962282287016?__cft__[0]=AZVmr8bGboI2SQD9ublAwTwjH4K9Zb9e-_zS_aoy8VKgxmw0tg1y1nsdqq4HW1sSE6QSE9-9gj84TfvOCaQa-Ss8ibn-n5ldjD4GqgU_xg5ucZ2CQjkP2j5O0gTp0yjlVKw&__tn__=%2CO%2CP-R', 'https://www.facebook.com/hashtag/%E0%A6%AA%E0%A6%A6%E0%A7%8D%E0%A6%AE%E0%A6%BE%E0%A6%B8%E0%A7%87%E0%A6%A4%E0%A7%81?__eep__=6&__cft__[0]=AZVmr8bGboI2SQD9ublAwTwjH4K9Zb9e-_zS_aoy8VKgxmw0tg1y1nsdqq4HW1sSE6QSE9-9gj84TfvOCaQa-Ss8ibn-n5ldjD4GqgU_xg5ucZ2CQjkP2j5O0gTp0yjlVKw&__tn__=*NK-R', 'https://www.facebook.com/TSssssssssssssssssssssssssssssssssssssssssssssssss/photos/pcb.558962282287016/558962225620355/?__cft__[0]=AZVmr8bGboI2SQD9ublAwTwjH4K9Zb9e-_zS_aoy8VKgxmw0tg1y1nsdqq4HW1sSE6QSE9-9gj84TfvOCaQa-Ss8ibn-n5ldjD4GqgU_xg5ucZ2CQjkP2j5O0gTp0yjlVKw&__tn__=*bH-R', 'https://www.facebook.com/TSssssssssssssssssssssssssssssssssssssssssssssssss/photos/pcb.558962282287016/558962265620351/?__cft__[0]=AZVmr8bGboI2SQD9ublAwTwjH4K9Zb9e-_zS_aoy8VKgxmw0tg1y1nsdqq4HW1sSE6QSE9-9gj84TfvOCaQa-Ss8ibn-n5ldjD4GqgU_xg5ucZ2CQjkP2j5O0gTp0yjlVKw&__tn__=*bH-R']",28_05_2022-05_09_36-পদ্মা সেতু-partho.csv
"বাংলাদেশের গর্বের, স্বপ্নের পদ্মা সেতু উদ্বোধন হতে যাচ্ছে আগামী ২৫ জুন ২০২২ তারিখে। ",['https://scontent.fdac22-1.fna.fbcdn.net/v/t39.30808-6/283944388_432782058850022_2997122099168381141_n.jpg?stp=dst-jpg_p180x540&_nc_cat=100&ccb=1-7&_nc_sid=8bfeb9&_nc_ohc=4iExYKV7gOMAX9u5yNM&tn=OFdy-9AAobFDC7qq&_nc_ht=scontent.fdac22-1.fna&oh=00_AT_Z89P_LQJXd6V37CQhQHBxuMgW7AqffvPg73z_iexx9A&oe=6296E368'],"['https://www.facebook.com/profile.php?id=100063546948872&__cft__[0]=AZVeN-jwVPzZ7vqJo2k1X-rVhL5ERpYMbGlzeu40q3SDpmzG_7tKwG-KOP5BIatrAol0Zp9gfhggyGHXKhU8ChXYkCmrOhlLQWeIhiyA3fzKc2Rmtu_teG-5hKCPFCnJof0&__tn__=%3C%2CP-R', 'https://www.facebook.com/profile.php?id=100063546948872&__cft__[0]=AZVeN-jwVPzZ7vqJo2k1X-rVhL5ERpYMbGlzeu40q3SDpmzG_7tKwG-KOP5BIatrAol0Zp9gfhggyGHXKhU8ChXYkCmrOhlLQWeIhiyA3fzKc2Rmtu_teG-5hKCPFCnJof0&__tn__=%3C%3C%2CP-R', 'https://www.facebook.com/profile.php?id=100063546948872&__cft__[0]=AZVeN-jwVPzZ7vqJo2k1X-rVhL5ERpYMbGlzeu40q3SDpmzG_7tKwG-KOP5BIatrAol0Zp9gfhggyGHXKhU8ChXYkCmrOhlLQWeIhiyA3fzKc2Rmtu_teG-5hKCPFCnJof0&__tn__=-UC%2CP-R', 'https://www.facebook.com/permalink.php?story_fbid=432782092183352&id=100063546948872&__cft__[0]=AZVeN-jwVPzZ7vqJo2k1X-rVhL5ERpYMbGlzeu40q3SDpmzG_7tKwG-KOP5BIatrAol0Zp9gfhggyGHXKhU8ChXYkCmrOhlLQWeIhiyA3fzKc2Rmtu_teG-5hKCPFCnJof0&__tn__=%2CO%2CP-R', 'https://www.facebook.com/photo/?fbid=432782065516688&set=a.351748490286713&__cft__[0]=AZVeN-jwVPzZ7vqJo2k1X-rVhL5ERpYMbGlzeu40q3SDpmzG_7tKwG-KOP5BIatrAol0Zp9gfhggyGHXKhU8ChXYkCmrOhlLQWeIhiyA3fzKc2Rmtu_teG-5hKCPFCnJof0&__tn__=EH-R']",28_05_2022-05_09_36-পদ্মা সেতু-partho.csv
ফেরি ঘাটে এম্বুলেন্স আটকে মাকে হারানো সন্তান জানে পদ্মা সেতু কি!৩ ঘন্টা দেরি হওয়াতে ইন্টারভিউ দিতে না পারা বেকার ছেলেটি জানে পদ্মা সেতু কি!কুয়াশার কারনে ফেরি বন্ধ হলে ফ্লাইট মিস করা রেমিটেন্স যোদ্ধা প্রবাসী জানে পদ্মাসেতু কি!সারাবছর পরিচর্যার পরে ঘন্টার পর ঘন্টা ফেরিঘাটের গরমে থেকে বস্তায় পঁচা সবজিগুলো দেখা কৃষকটি বলতে পারবে পদ্মা সেতু কি!!প্রচণ্ড ঝড়ে পদ্মায় ট্রলার সহ ডুবে যাওয়া সন্তানকে খুজে না পাওয়া বাবা মা জানে পদ্মা সেতু কি!! … See more,['https://scontent.fdac22-1.fna.fbcdn.net/v/t39.30808-6/283018598_1013225612921540_4258214609596984426_n.jpg?stp=dst-jpg_s600x600&_nc_cat=111&ccb=1-7&_nc_sid=8bfeb9&_nc_ohc=Yfa9H8uRZ9UAX9rY382&tn=OFdy-9AAobFDC7qq&_nc_ht=scontent.fdac22-1.fna&oh=00_AT-I-WYsS1jmQ6s3uQ5Ep6aUnyQnnjjZcwWRkMQeclfzRg&oe=6297F73C'],"['https://www.facebook.com/limon.matubber.3?__cft__[0]=AZVRTqmitmyayubIFwyPEadkq3_m2zzkNBUlI6jQKEkMQyZYjw73LckFzzieNZdcd28ggd85wP4ZESp7tlJhtb0B-hUlcuaJAvRJ-KYBe2PBVA&__tn__=%3C%2CP-R', 'https://www.facebook.com/limon.matubber.3?__cft__[0]=AZVRTqmitmyayubIFwyPEadkq3_m2zzkNBUlI6jQKEkMQyZYjw73LckFzzieNZdcd28ggd85wP4ZESp7tlJhtb0B-hUlcuaJAvRJ-KYBe2PBVA&__tn__=%3C%3C%2CP-R', 'https://www.facebook.com/limon.matubber.3?__cft__[0]=AZVRTqmitmyayubIFwyPEadkq3_m2zzkNBUlI6jQKEkMQyZYjw73LckFzzieNZdcd28ggd85wP4ZESp7tlJhtb0B-hUlcuaJAvRJ-KYBe2PBVA&__tn__=-UC%2CP-R', 'https://www.facebook.com/limon.matubber.3/posts/1013225712921530?__cft__[0]=AZVRTqmitmyayubIFwyPEadkq3_m2zzkNBUlI6jQKEkMQyZYjw73LckFzzieNZdcd28ggd85wP4ZESp7tlJhtb0B-hUlcuaJAvRJ-KYBe2PBVA&__tn__=%2CO%2CP-R', 'https://www.facebook.com/photo/?fbid=1013225619588206&set=pcb.1013225712921530&__cft__[0]=AZVRTqmitmyayubIFwyPEadkq3_m2zzkNBUlI6jQKEkMQyZYjw73LckFzzieNZdcd28ggd85wP4ZESp7tlJhtb0B-hUlcuaJAvRJ-KYBe2PBVA&__tn__=*bH-R', 'https://www.facebook.com/photo/?fbid=1013225666254868&set=pcb.1013225712921530&__cft__[0]=AZVRTqmitmyayubIFwyPEadkq3_m2zzkNBUlI6jQKEkMQyZYjw73LckFzzieNZdcd28ggd85wP4ZESp7tlJhtb0B-hUlcuaJAvRJ-KYBe2PBVA&__tn__=*bH-R']",28_05_2022-05_09_36-পদ্মা সেতু-partho.csv
পদ্মা সেতু প্রকল্পে অনিয়ম লুটপাটের অভিযোগ বিএনপি নেতাদের | BNP Somabesh,['https://scontent.fdac22-1.fna.fbcdn.net/v/t15.5256-10/283213015_1984111308644159_3935186430394632386_n.jpg?stp=dst-jpg_p720x720&_nc_cat=1&ccb=1-7&_nc_sid=ad6a45&_nc_ohc=JnDf05wPCeMAX8PUpe4&_nc_ht=scontent.fdac22-1.fna&oh=00_AT8ek343zfCd3c4UpaVrKvTrLHkZF0GCvHK-DnUreYEoQw&oe=62972075'],"['https://www.facebook.com/JamunaTelevision/?__cft__[0]=AZXogXeqRXL_dqJTeXGSzfD5lbJ8s7j429L-W0kfX_JYUrb-ZzW1JW0iaLOT5ukg9WUSByFbfKrOoAl-no6WY147NUAQg-r87fxRg4t8ahKt-at-5EfwkAy_xad3G5anIRG1KSEzwi0_BASPhltVWjPf&__tn__=%3C%2CP-R', '/stories/1734094703324288/UzpfSVNDOjEwMjUzMzQ2OTQ3NTY2MTI=/?view_single=true&__cft__[0]=AZXogXeqRXL_dqJTeXGSzfD5lbJ8s7j429L-W0kfX_JYUrb-ZzW1JW0iaLOT5ukg9WUSByFbfKrOoAl-no6WY147NUAQg-r87fxRg4t8ahKt-at-5EfwkAy_xad3G5anIRG1KSEzwi0_BASPhltVWjPf&__tn__=%3C%3C%2CP-R', 'https://www.facebook.com/JamunaTelevision/?__cft__[0]=AZXogXeqRXL_dqJTeXGSzfD5lbJ8s7j429L-W0kfX_JYUrb-ZzW1JW0iaLOT5ukg9WUSByFbfKrOoAl-no6WY147NUAQg-r87fxRg4t8ahKt-at-5EfwkAy_xad3G5anIRG1KSEzwi0_BASPhltVWjPf&__tn__=-UC%2CP-R', 'https://www.facebook.com/JamunaTelevision/posts/5308815915880893?__cft__[0]=AZXogXeqRXL_dqJTeXGSzfD5lbJ8s7j429L-W0kfX_JYUrb-ZzW1JW0iaLOT5ukg9WUSByFbfKrOoAl-no6WY147NUAQg-r87fxRg4t8ahKt-at-5EfwkAy_xad3G5anIRG1KSEzwi0_BASPhltVWjPf&__tn__=%2CO%2CP-R', 'https://www.facebook.com/JamunaTelevision/videos/1984075465314410/?__cft__[0]=AZXogXeqRXL_dqJTeXGSzfD5lbJ8s7j429L-W0kfX_JYUrb-ZzW1JW0iaLOT5ukg9WUSByFbfKrOoAl-no6WY147NUAQg-r87fxRg4t8ahKt-at-5EfwkAy_xad3G5anIRG1KSEzwi0_BASPhltVWjPf&__tn__=%2B%3FFH-R']",28_05_2022-05_09_36-পদ্মা সেতু-partho.csv
আমাদের গর্বের পদ্মা সেতু থেকে সবাইকে ইংরেজি নববর্ষের শুভেচ্ছা। জয় বাংলা! জয় বঙ্গবন্ধু ! ,['https://scontent.fdac22-1.fna.fbcdn.net/v/t39.30808-6/271134874_469770904507210_4205980937452697280_n.jpg?stp=dst-jpg_p180x540&_nc_cat=108&ccb=1-7&_nc_sid=8bfeb9&_nc_ohc=AU1CHMH9jM0AX_GW5Hq&_nc_ht=scontent.fdac22-1.fna&oh=00_AT8K4ZJJLCi4hCeruNEEcZnMB9sM5ruwRfWOTeKEzhIZ6g&oe=62960F01'],"['/groups/109793829588251/user/1678931080/?__cft__[0]=AZU5zJiVZOWWcqGxzgnUL02-ZZ7C6OR8lcKkpQ4yBUyNABQHuAwiL5M4oFJS-s8Jhu6wm2TOek-Kanjq34OKt_My5lUqpcC3G_PwTTRNC-DItZkpUH-VYm8t5m-DWjlzuQcQwnmVYnFnjadtRjuhB1YEVGVOjnUIpva6nFtK6Cff-w&__tn__=%3C%2CP-R', '/groups/109793829588251/user/1678931080/?__cft__[0]=AZU5zJiVZOWWcqGxzgnUL02-ZZ7C6OR8lcKkpQ4yBUyNABQHuAwiL5M4oFJS-s8Jhu6wm2TOek-Kanjq34OKt_My5lUqpcC3G_PwTTRNC-DItZkpUH-VYm8t5m-DWjlzuQcQwnmVYnFnjadtRjuhB1YEVGVOjnUIpva6nFtK6Cff-w&__tn__=%3C%3C%2CP-R', '/groups/109793829588251/user/1678931080/?__cft__[0]=AZU5zJiVZOWWcqGxzgnUL02-ZZ7C6OR8lcKkpQ4yBUyNABQHuAwiL5M4oFJS-s8Jhu6wm2TOek-Kanjq34OKt_My5lUqpcC3G_PwTTRNC-DItZkpUH-VYm8t5m-DWjlzuQcQwnmVYnFnjadtRjuhB1YEVGVOjnUIpva6nFtK6Cff-w&__tn__=-UC%2CP-R', 'https://www.facebook.com/groups/awamileague.1949group/?__cft__[0]=AZU5zJiVZOWWcqGxzgnUL02-ZZ7C6OR8lcKkpQ4yBUyNABQHuAwiL5M4oFJS-s8Jhu6wm2TOek-Kanjq34OKt_My5lUqpcC3G_PwTTRNC-DItZkpUH-VYm8t5m-DWjlzuQcQwnmVYnFnjadtRjuhB1YEVGVOjnUIpva6nFtK6Cff-w&__tn__=-UC%2CP-R', 'https://www.facebook.com/groups/awamileague.1949group/posts/924513668116259/?__cft__[0]=AZU5zJiVZOWWcqGxzgnUL02-ZZ7C6OR8lcKkpQ4yBUyNABQHuAwiL5M4oFJS-s8Jhu6wm2TOek-Kanjq34OKt_My5lUqpcC3G_PwTTRNC-DItZkpUH-VYm8t5m-DWjlzuQcQwnmVYnFnjadtRjuhB1YEVGVOjnUIpva6nFtK6Cff-w&__tn__=%2CO%2CP-R', 'https://www.facebook.com/photo/?fbid=469770907840543&set=a.281752626642373&__cft__[0]=AZU5zJiVZOWWcqGxzgnUL02-ZZ7C6OR8lcKkpQ4yBUyNABQHuAwiL5M4oFJS-s8Jhu6wm2TOek-Kanjq34OKt_My5lUqpcC3G_PwTTRNC-DItZkpUH-VYm8t5m-DWjlzuQcQwnmVYnFnjadtRjuhB1YEVGVOjnUIpva6nFtK6Cff-w&__tn__=EH-y-R', 'https://www.facebook.com/sajeeb.a.wazed?__cft__[0]=AZU5zJiVZOWWcqGxzgnUL02-ZZ7C6OR8lcKkpQ4yBUyNABQHuAwiL5M4oFJS-s8Jhu6wm2TOek-Kanjq34OKt_My5lUqpcC3G_PwTTRNC-DItZkpUH-VYm8t5m-DWjlzuQcQwnmVYnFnjadtRjuhB1YEVGVOjnUIpva6nFtK6Cff-w&__tn__=-UC%2CP-y-R', 'https://www.facebook.com/sajeeb.a.wazed/posts/469770924507208?__cft__[0]=AZU5zJiVZOWWcqGxzgnUL02-ZZ7C6OR8lcKkpQ4yBUyNABQHuAwiL5M4oFJS-s8Jhu6wm2TOek-Kanjq34OKt_My5lUqpcC3G_PwTTRNC-DItZkpUH-VYm8t5m-DWjlzuQcQwnmVYnFnjadtRjuhB1YEVGVOjnUIpva6nFtK6Cff-w&__tn__=%2CO%2CP-y-R']",28_05_2022-05_09_36-পদ্মা সেতু-partho.csv
"বাংলাদেশের গর্বের, স্বপ্নের পদ্মা সেতু উদ্বোধন হতে যাচ্ছে আগামী ২৫ জুন ২০২২ তারিখে। ",['https://scontent.fdac22-1.fna.fbcdn.net/v/t39.30808-6/282605413_4938883766210268_7119179214140650808_n.jpg?stp=dst-jpg_p180x540&_nc_cat=102&ccb=1-7&_nc_sid=8bfeb9&_nc_ohc=QadpJOgBO0IAX_tILoY&_nc_ht=scontent.fdac22-1.fna&oh=00_AT_2QOoN8fj7ZpLJUPY3dRYwrzvnU4I--0A5JiLWF57-Ew&oe=6296E0B6'],"['https://www.facebook.com/abujafar.raju?__cft__[0]=AZXGAR6Oi9VV2ErEspLGrMYzpcgPZTAek_oMfKlNL_MJ6_iqz_IhUyGiGFkL_zGmR4g1NjeZxZ9waeLqzESeSbfTk5kcev3N5oQli_oAqLtJ8w&__tn__=%3C%2CP-R', 'https://www.facebook.com/abujafar.raju?__cft__[0]=AZXGAR6Oi9VV2ErEspLGrMYzpcgPZTAek_oMfKlNL_MJ6_iqz_IhUyGiGFkL_zGmR4g1NjeZxZ9waeLqzESeSbfTk5kcev3N5oQli_oAqLtJ8w&__tn__=%3C%3C%2CP-R', 'https://www.facebook.com/abujafar.raju?__cft__[0]=AZXGAR6Oi9VV2ErEspLGrMYzpcgPZTAek_oMfKlNL_MJ6_iqz_IhUyGiGFkL_zGmR4g1NjeZxZ9waeLqzESeSbfTk5kcev3N5oQli_oAqLtJ8w&__tn__=-UC%2CP-R', 'https://www.facebook.com/abujafar.raju/posts/4938883689543609?__cft__[0]=AZXGAR6Oi9VV2ErEspLGrMYzpcgPZTAek_oMfKlNL_MJ6_iqz_IhUyGiGFkL_zGmR4g1NjeZxZ9waeLqzESeSbfTk5kcev3N5oQli_oAqLtJ8w&__tn__=%2CO%2CP-R', 'https://www.facebook.com/photo/?fbid=4938883622876949&set=a.161437477288278&__cft__[0]=AZXGAR6Oi9VV2ErEspLGrMYzpcgPZTAek_oMfKlNL_MJ6_iqz_IhUyGiGFkL_zGmR4g1NjeZxZ9waeLqzESeSbfTk5kcev3N5oQli_oAqLtJ8w&__tn__=EH-R']",28_05_2022-05_09_36-পদ্মা সেতু-partho.csv
"বাংলাদেশের গর্বের, স্বপ্নের পদ্মা সেতু উদ্বোধন হতে যাচ্ছে আগামী ২৫ জুন ২০২২ তারিখে। ",['https://scontent.fdac22-1.fna.fbcdn.net/v/t39.30808-6/283400996_2679127488885085_8685281421854340941_n.jpg?stp=dst-jpg_s600x600&_nc_cat=105&ccb=1-7&_nc_sid=8bfeb9&_nc_ohc=kxQK7rwgiv0AX9SAVQo&_nc_ht=scontent.fdac22-1.fna&oh=00_AT_dx0XfBbBY_ZsGQld4EcPUZZ38hHAIwssDCHK8pRYNmg&oe=62968A01'],"['https://www.facebook.com/amanullahaman.apu?__cft__[0]=AZWEo48jOzY57Q153qhfcYRzMnu-XdQOF8n9gbk0EC4cd6fb0U4Ok0CaWXVuZTbl2MRj3-Kp266ESsCiz8tL_6Iy3Ijvwz8I2sMVLL8C1elZwA&__tn__=%3C%2CP-R', 'https://www.facebook.com/amanullahaman.apu?__cft__[0]=AZWEo48jOzY57Q153qhfcYRzMnu-XdQOF8n9gbk0EC4cd6fb0U4Ok0CaWXVuZTbl2MRj3-Kp266ESsCiz8tL_6Iy3Ijvwz8I2sMVLL8C1elZwA&__tn__=%3C%3C%2CP-R', 'https://www.facebook.com/amanullahaman.apu?__cft__[0]=AZWEo48jOzY57Q153qhfcYRzMnu-XdQOF8n9gbk0EC4cd6fb0U4Ok0CaWXVuZTbl2MRj3-Kp266ESsCiz8tL_6Iy3Ijvwz8I2sMVLL8C1elZwA&__tn__=-UC%2CP-R', 'https://www.facebook.com/amanullahaman.apu/posts/2679125838885250?__cft__[0]=AZWEo48jOzY57Q153qhfcYRzMnu-XdQOF8n9gbk0EC4cd6fb0U4Ok0CaWXVuZTbl2MRj3-Kp266ESsCiz8tL_6Iy3Ijvwz8I2sMVLL8C1elZwA&__tn__=%2CO%2CP-R', 'https://www.facebook.com/photo/?fbid=2679127495551751&set=pcb.2679125838885250&__cft__[0]=AZWEo48jOzY57Q153qhfcYRzMnu-XdQOF8n9gbk0EC4cd6fb0U4Ok0CaWXVuZTbl2MRj3-Kp266ESsCiz8tL_6Iy3Ijvwz8I2sMVLL8C1elZwA&__tn__=*bH-R', 'https://www.facebook.com/photo/?fbid=2679129028884931&set=pcb.2679125838885250&__cft__[0]=AZWEo48jOzY57Q153qhfcYRzMnu-XdQOF8n9gbk0EC4cd6fb0U4Ok0CaWXVuZTbl2MRj3-Kp266ESsCiz8tL_6Iy3Ijvwz8I2sMVLL8C1elZwA&__tn__=*bH-R']",28_05_2022-05_09_36-পদ্মা সেতু-partho.csv
"আগামী মাসেই পদ্মা সেতুর উদ্বোধন হচ্ছে। প্রধানমন্ত্রীর সময় পেলেই নির্দিষ্ট তারিখ ঠিক করা হবে। মূল সেতুর কাজ ৯৮% সম্পন্ন হয়েছে, অবশিষ্ট কাজ মে মাসের মধ্যেই শেষ করা হবে: ওবায়দুল কাদের।",['https://scontent.fdac22-1.fna.fbcdn.net/v/t39.30808-6/280667866_5016792931744007_7506757710631593756_n.jpg?stp=dst-jpg_p526x296&_nc_cat=105&ccb=1-7&_nc_sid=8bfeb9&_nc_ohc=dQAg5TzHlakAX-2ECXe&_nc_ht=scontent.fdac22-1.fna&oh=00_AT9s38r7ViKJojqYjNVsy0lXwBkzuuki2nEBFkSRSmvscw&oe=6296A7C6'],"['https://www.facebook.com/padmabridgebd/?__cft__[0]=AZUFaRlMjW8QE74Ju-PuTOIIgeBg0Kja8pI-AH9-pG71kuduLUY6OjB3AGJBqUf_eFc-SJeExGQAeu1Xgc8eyw3dOHw6TNImbc_Rh0rBG0O2ekseYD3lwzHz7zphamkF_dA&__tn__=%3C%2CP-R', 'https://www.facebook.com/padmabridgebd/?__cft__[0]=AZUFaRlMjW8QE74Ju-PuTOIIgeBg0Kja8pI-AH9-pG71kuduLUY6OjB3AGJBqUf_eFc-SJeExGQAeu1Xgc8eyw3dOHw6TNImbc_Rh0rBG0O2ekseYD3lwzHz7zphamkF_dA&__tn__=%3C%3C%2CP-R', 'https://www.facebook.com/padmabridgebd/?__cft__[0]=AZUFaRlMjW8QE74Ju-PuTOIIgeBg0Kja8pI-AH9-pG71kuduLUY6OjB3AGJBqUf_eFc-SJeExGQAeu1Xgc8eyw3dOHw6TNImbc_Rh0rBG0O2ekseYD3lwzHz7zphamkF_dA&__tn__=-UC%2CP-R', 'https://www.facebook.com/padmabridgebd/posts/5016792765077357?__cft__[0]=AZUFaRlMjW8QE74Ju-PuTOIIgeBg0Kja8pI-AH9-pG71kuduLUY6OjB3AGJBqUf_eFc-SJeExGQAeu1Xgc8eyw3dOHw6TNImbc_Rh0rBG0O2ekseYD3lwzHz7zphamkF_dA&__tn__=%2CO%2CP-R', 'https://www.facebook.com/padmabridgebd/photos/a.775587205864622/5016792711744029/?__cft__[0]=AZUFaRlMjW8QE74Ju-PuTOIIgeBg0Kja8pI-AH9-pG71kuduLUY6OjB3AGJBqUf_eFc-SJeExGQAeu1Xgc8eyw3dOHw6TNImbc_Rh0rBG0O2ekseYD3lwzHz7zphamkF_dA&__tn__=EH-R']",28_05_2022-05_09_36-পদ্মা সেতু-partho.csv
"বাংলাদেশের গর্বের, স্বপ্নের পদ্মা সেতু উদ্বোধন হতে যাচ্ছে আগামী ২৫ জুন ২০২২ তারিখে। ",['https://scontent.fdac22-1.fna.fbcdn.net/v/t39.30808-6/284174419_761564224836742_3989787478760827586_n.jpg?stp=dst-jpg_s600x600&_nc_cat=111&ccb=1-7&_nc_sid=8bfeb9&_nc_ohc=xTXPbxaYdGcAX9IWIZp&_nc_ht=scontent.fdac22-1.fna&oh=00_AT9jlJfZw4wfgw0N1TPtzreETiHBiTkcHml5SHBKO6YlZg&oe=62979260'],"['https://www.facebook.com/kazalkhanom121?__cft__[0]=AZXZlmsJMmPyTLeApOeJrf8K012EZq5xcHHRf8QIn-K5HzQk7ietETV473w8mDtDFz0tVHr5KGSfxRW07We8FlYfQ5Bg_R31aVAPFmTQpFVpfA&__tn__=%3C%2CP-R', '/stories/120196532306851/UzpfSVNDOjU4MTc1ODgwMzIxNTA0Mg==/?view_single=true&__cft__[0]=AZXZlmsJMmPyTLeApOeJrf8K012EZq5xcHHRf8QIn-K5HzQk7ietETV473w8mDtDFz0tVHr5KGSfxRW07We8FlYfQ5Bg_R31aVAPFmTQpFVpfA&__tn__=%3C%3C%2CP-R', 'https://www.facebook.com/kazalkhanom121?__cft__[0]=AZXZlmsJMmPyTLeApOeJrf8K012EZq5xcHHRf8QIn-K5HzQk7ietETV473w8mDtDFz0tVHr5KGSfxRW07We8FlYfQ5Bg_R31aVAPFmTQpFVpfA&__tn__=-UC%2CP-R', 'https://www.facebook.com/kazalkhanom121/posts/761564341503397?__cft__[0]=AZXZlmsJMmPyTLeApOeJrf8K012EZq5xcHHRf8QIn-K5HzQk7ietETV473w8mDtDFz0tVHr5KGSfxRW07We8FlYfQ5Bg_R31aVAPFmTQpFVpfA&__tn__=%2CO%2CP-R', 'https://www.facebook.com/photo/?fbid=761564228170075&set=pcb.761564341503397&__cft__[0]=AZXZlmsJMmPyTLeApOeJrf8K012EZq5xcHHRf8QIn-K5HzQk7ietETV473w8mDtDFz0tVHr5KGSfxRW07We8FlYfQ5Bg_R31aVAPFmTQpFVpfA&__tn__=*bH-R', 'https://www.facebook.com/photo/?fbid=761564261503405&set=pcb.761564341503397&__cft__[0]=AZXZlmsJMmPyTLeApOeJrf8K012EZq5xcHHRf8QIn-K5HzQk7ietETV473w8mDtDFz0tVHr5KGSfxRW07We8FlYfQ5Bg_R31aVAPFmTQpFVpfA&__tn__=*bH-R', 'https://www.facebook.com/photo/?fbid=761564288170069&set=pcb.761564341503397&__cft__[0]=AZXZlmsJMmPyTLeApOeJrf8K012EZq5xcHHRf8QIn-K5HzQk7ietETV473w8mDtDFz0tVHr5KGSfxRW07We8FlYfQ5Bg_R31aVAPFmTQpFVpfA&__tn__=*bH-R', 'https://www.facebook.com/photo/?fbid=761564321503399&set=pcb.761564341503397&__cft__[0]=AZXZlmsJMmPyTLeApOeJrf8K012EZq5xcHHRf8QIn-K5HzQk7ietETV473w8mDtDFz0tVHr5KGSfxRW07We8FlYfQ5Bg_R31aVAPFmTQpFVpfA&__tn__=*bH-R']",28_05_2022-05_09_36-পদ্মা সেতু-partho.csv
"বাংলাদেশের গর্বের, স্বপ্নের পদ্মা সেতু উদ্বোধন হতে যাচ্ছে আগামী ২৫ জুন ২০২২ তারিখে ইনশাআল্লাহ ",['https://static.xx.fbcdn.net/images/emoji.php/v9/t70/1/16/1f932.png'],"['https://www.facebook.com/mrislam85?__cft__[0]=AZXpM1kjo-ryOZRofneqNg1vXJC63o-z3hALiiDMor908zRQIP8MbI2X3tsU3o5iaFLXO2LHVAugr8W08k3WeGv-uHtNveNAwYxN-Y0QQpHbAg&__tn__=%3C%2CP-R', 'https://www.facebook.com/mrislam85?__cft__[0]=AZXpM1kjo-ryOZRofneqNg1vXJC63o-z3hALiiDMor908zRQIP8MbI2X3tsU3o5iaFLXO2LHVAugr8W08k3WeGv-uHtNveNAwYxN-Y0QQpHbAg&__tn__=%3C%3C%2CP-R', 'https://www.facebook.com/mrislam85?__cft__[0]=AZXpM1kjo-ryOZRofneqNg1vXJC63o-z3hALiiDMor908zRQIP8MbI2X3tsU3o5iaFLXO2LHVAugr8W08k3WeGv-uHtNveNAwYxN-Y0QQpHbAg&__tn__=-UC%2CP-R', 'https://www.facebook.com/mrislam85/posts/308862534780066?__cft__[0]=AZXpM1kjo-ryOZRofneqNg1vXJC63o-z3hALiiDMor908zRQIP8MbI2X3tsU3o5iaFLXO2LHVAugr8W08k3WeGv-uHtNveNAwYxN-Y0QQpHbAg&__tn__=%2CO%2CP-R', '/photo/?fbid=308862401446746&set=pcb.308862534780066&__cft__[0]=AZXpM1kjo-ryOZRofneqNg1vXJC63o-z3hALiiDMor908zRQIP8MbI2X3tsU3o5iaFLXO2LHVAugr8W08k3WeGv-uHtNveNAwYxN-Y0QQpHbAg&__tn__=H-R', '/photo/?fbid=308862464780073&set=pcb.308862534780066&__cft__[0]=AZXpM1kjo-ryOZRofneqNg1vXJC63o-z3hALiiDMor908zRQIP8MbI2X3tsU3o5iaFLXO2LHVAugr8W08k3WeGv-uHtNveNAwYxN-Y0QQpHbAg&__tn__=H-R', '/photo/?fbid=308862514780068&set=pcb.308862534780066&__cft__[0]=AZXpM1kjo-ryOZRofneqNg1vXJC63o-z3hALiiDMor908zRQIP8MbI2X3tsU3o5iaFLXO2LHVAugr8W08k3WeGv-uHtNveNAwYxN-Y0QQpHbAg&__tn__=H-R']",28_05_2022-05_09_36-পদ্মা সেতু-partho.csv
বিএনপির অনেক নেতাই খালেদা জিয়া এবং তারেক রহমানের নেতৃত্বে অসন্তুষ্ট,['https://scontent.fdac22-1.fna.fbcdn.net/v/t39.30808-6/284789796_395717919137293_1272278538416488887_n.jpg?stp=dst-jpg_p526x296&_nc_cat=101&ccb=1-7&_nc_sid=5cd70e&_nc_ohc=AIyrNA8Gy2UAX-z3W8q&_nc_ht=scontent.fdac22-1.fna&oh=00_AT9CC6sItLzRDprX3ED5OGXOse3FRl7LfXUxZrb-4YTHiQ&oe=62962E59'],"['/groups/109793829588251/user/100060972650289/?__cft__[0]=AZVHHII9F_Djpu8Qpa75ErboUvAen_RPdFD_1Nk2NFHnNyNEcDIhU7Z6sqi-1_feKLr1UjExD6KIU5eWsdD1kU4PQ-8bfjU66AtySebVEUC1IO8SKvJHCoV_nh2kA1WysjhPS-t0O0rTTVeQG4Nz1i8p&__tn__=%3C%2CP-R', '/groups/109793829588251/user/100060972650289/?__cft__[0]=AZVHHII9F_Djpu8Qpa75ErboUvAen_RPdFD_1Nk2NFHnNyNEcDIhU7Z6sqi-1_feKLr1UjExD6KIU5eWsdD1kU4PQ-8bfjU66AtySebVEUC1IO8SKvJHCoV_nh2kA1WysjhPS-t0O0rTTVeQG4Nz1i8p&__tn__=%3C%3C%2CP-R', '/groups/109793829588251/user/100060972650289/?__cft__[0]=AZVHHII9F_Djpu8Qpa75ErboUvAen_RPdFD_1Nk2NFHnNyNEcDIhU7Z6sqi-1_feKLr1UjExD6KIU5eWsdD1kU4PQ-8bfjU66AtySebVEUC1IO8SKvJHCoV_nh2kA1WysjhPS-t0O0rTTVeQG4Nz1i8p&__tn__=-UC%2CP-R', 'https://www.facebook.com/groups/awamileague.1949group/?__cft__[0]=AZVHHII9F_Djpu8Qpa75ErboUvAen_RPdFD_1Nk2NFHnNyNEcDIhU7Z6sqi-1_feKLr1UjExD6KIU5eWsdD1kU4PQ-8bfjU66AtySebVEUC1IO8SKvJHCoV_nh2kA1WysjhPS-t0O0rTTVeQG4Nz1i8p&__tn__=-UC%2CP-R', 'https://www.facebook.com/groups/awamileague.1949group/posts/1013121732588785/?__cft__[0]=AZVHHII9F_Djpu8Qpa75ErboUvAen_RPdFD_1Nk2NFHnNyNEcDIhU7Z6sqi-1_feKLr1UjExD6KIU5eWsdD1kU4PQ-8bfjU66AtySebVEUC1IO8SKvJHCoV_nh2kA1WysjhPS-t0O0rTTVeQG4Nz1i8p&__tn__=%2CO%2CP-R', 'https://www.facebook.com/photo/?fbid=395717922470626&set=gm.1013121732588785&__cft__[0]=AZVHHII9F_Djpu8Qpa75ErboUvAen_RPdFD_1Nk2NFHnNyNEcDIhU7Z6sqi-1_feKLr1UjExD6KIU5eWsdD1kU4PQ-8bfjU66AtySebVEUC1IO8SKvJHCoV_nh2kA1WysjhPS-t0O0rTTVeQG4Nz1i8p&__tn__=EH-R']",28_05_2022-05_09_36-পদ্মা সেতু-partho.csv
"বাংলাদেশের গর্বের, স্বপ্নের পদ্মা সেতু উদ্বোধন হতে যাচ্ছে আগামী ২৫ জুন ২০২২ তারিখে। ",['https://scontent.fdac22-1.fna.fbcdn.net/v/t39.30808-6/283536839_1041914349769516_3556008532585199684_n.jpg?stp=dst-jpg_p180x540&_nc_cat=108&ccb=1-7&_nc_sid=8bfeb9&_nc_ohc=LhwAfzfIsmcAX_DJ9pF&_nc_oc=AQkZEwKFchmzpV8mYKsjq1PdT3uGjVIxzZCz3tepUreNKAcYF0fSNYpTe0-gFUe1FME&_nc_ht=scontent.fdac22-1.fna&oh=00_AT-L-_h0HL43YkkbFpU1kEdGji8lyqxUAO5sKmHyJVnxiw&oe=62965A7E'],"['https://www.facebook.com/drertazahassancip/?__cft__[0]=AZUuvVzb-GqBH5yehCIKsNUZP9qAtwUQcUmE5BTXbMmBe_bACvEyKTstjUds86bXccz7zWtdsfNo3Y70fYiSv56SZxk4u5oUSbx3-9Gh4j8ufYmWywh3uF9kaek0CL1CI3Y&__tn__=%3C%2CP-R', 'https://www.facebook.com/drertazahassancip/?__cft__[0]=AZUuvVzb-GqBH5yehCIKsNUZP9qAtwUQcUmE5BTXbMmBe_bACvEyKTstjUds86bXccz7zWtdsfNo3Y70fYiSv56SZxk4u5oUSbx3-9Gh4j8ufYmWywh3uF9kaek0CL1CI3Y&__tn__=%3C%3C%2CP-R', 'https://www.facebook.com/drertazahassancip/?__cft__[0]=AZUuvVzb-GqBH5yehCIKsNUZP9qAtwUQcUmE5BTXbMmBe_bACvEyKTstjUds86bXccz7zWtdsfNo3Y70fYiSv56SZxk4u5oUSbx3-9Gh4j8ufYmWywh3uF9kaek0CL1CI3Y&__tn__=-UC%2CP-R', 'https://www.facebook.com/drertazahassancip/posts/1041914409769510?__cft__[0]=AZUuvVzb-GqBH5yehCIKsNUZP9qAtwUQcUmE5BTXbMmBe_bACvEyKTstjUds86bXccz7zWtdsfNo3Y70fYiSv56SZxk4u5oUSbx3-9Gh4j8ufYmWywh3uF9kaek0CL1CI3Y&__tn__=%2CO%2CP-R', 'https://www.facebook.com/drertazahassancip/photos/a.353308108630147/1041914356436182/?__cft__[0]=AZUuvVzb-GqBH5yehCIKsNUZP9qAtwUQcUmE5BTXbMmBe_bACvEyKTstjUds86bXccz7zWtdsfNo3Y70fYiSv56SZxk4u5oUSbx3-9Gh4j8ufYmWywh3uF9kaek0CL1CI3Y&__tn__=EH-R']",28_05_2022-05_09_36-পদ্মা সেতু-partho.csv
পদ্মা বহুমুখী সেতু পারাপারের জন্য যানবাহনের শ্রেণিভেদে টোলের হার নির্ধারণ করেছে সরকার-#পদ্মাসেতু #যানবাহন #টোলের_হার #সরকার #padmabridge #RisingBD,['https://scontent.fdac22-1.fna.fbcdn.net/v/t39.30808-6/282016034_375848241234864_8365401515660623550_n.jpg?stp=dst-jpg_p526x296&_nc_cat=107&ccb=1-7&_nc_sid=730e14&_nc_ohc=6sXfK4Jgs2MAX8MhyoC&_nc_ht=scontent.fdac22-1.fna&oh=00_AT9BZH6WqIE5xlBXupYP8AGxMlHxJGViNXTyGYJ-Ct3Y6g&oe=62972652'],"['https://www.facebook.com/risingbd?__cft__[0]=AZW08kDKydmLaTjMIn_ZMQK7fe9bhWzlVeXqlMMhlaIEDPba8z30XVTIwYCIEiKROS7PfUr7mEtqrGdC3F2S08CWxNKfj-871tqSntdqNbCxg-HDsU9-BSCNM9S3qywdh-A&__tn__=%3C%2CP-R', '/stories/110399157779775/UzpfSVNDOjEwMDI1MDk1MzM4MDA5MzE=/?view_single=true&__cft__[0]=AZW08kDKydmLaTjMIn_ZMQK7fe9bhWzlVeXqlMMhlaIEDPba8z30XVTIwYCIEiKROS7PfUr7mEtqrGdC3F2S08CWxNKfj-871tqSntdqNbCxg-HDsU9-BSCNM9S3qywdh-A&__tn__=%3C%3C%2CP-R', 'https://www.facebook.com/risingbd?__cft__[0]=AZW08kDKydmLaTjMIn_ZMQK7fe9bhWzlVeXqlMMhlaIEDPba8z30XVTIwYCIEiKROS7PfUr7mEtqrGdC3F2S08CWxNKfj-871tqSntdqNbCxg-HDsU9-BSCNM9S3qywdh-A&__tn__=-UC%2CP-R', 'https://www.facebook.com/risingbd/posts/375848724568149?__cft__[0]=AZW08kDKydmLaTjMIn_ZMQK7fe9bhWzlVeXqlMMhlaIEDPba8z30XVTIwYCIEiKROS7PfUr7mEtqrGdC3F2S08CWxNKfj-871tqSntdqNbCxg-HDsU9-BSCNM9S3qywdh-A&__tn__=%2CO%2CP-R', 'https://www.facebook.com/hashtag/%E0%A6%AA%E0%A6%A6%E0%A7%8D%E0%A6%AE%E0%A6%BE%E0%A6%B8%E0%A7%87%E0%A6%A4%E0%A7%81?__eep__=6&__cft__[0]=AZW08kDKydmLaTjMIn_ZMQK7fe9bhWzlVeXqlMMhlaIEDPba8z30XVTIwYCIEiKROS7PfUr7mEtqrGdC3F2S08CWxNKfj-871tqSntdqNbCxg-HDsU9-BSCNM9S3qywdh-A&__tn__=*NK-R', 'https://www.facebook.com/hashtag/%E0%A6%AF%E0%A6%BE%E0%A6%A8%E0%A6%AC%E0%A6%BE%E0%A6%B9%E0%A6%A8?__eep__=6&__cft__[0]=AZW08kDKydmLaTjMIn_ZMQK7fe9bhWzlVeXqlMMhlaIEDPba8z30XVTIwYCIEiKROS7PfUr7mEtqrGdC3F2S08CWxNKfj-871tqSntdqNbCxg-HDsU9-BSCNM9S3qywdh-A&__tn__=*NK-R', 'https://www.facebook.com/hashtag/%E0%A6%9F%E0%A7%8B%E0%A6%B2%E0%A7%87%E0%A6%B0_%E0%A6%B9%E0%A6%BE%E0%A6%B0?__eep__=6&__cft__[0]=AZW08kDKydmLaTjMIn_ZMQK7fe9bhWzlVeXqlMMhlaIEDPba8z30XVTIwYCIEiKROS7PfUr7mEtqrGdC3F2S08CWxNKfj-871tqSntdqNbCxg-HDsU9-BSCNM9S3qywdh-A&__tn__=*NK-R', 'https://www.facebook.com/hashtag/%E0%A6%B8%E0%A6%B0%E0%A6%95%E0%A6%BE%E0%A6%B0?__eep__=6&__cft__[0]=AZW08kDKydmLaTjMIn_ZMQK7fe9bhWzlVeXqlMMhlaIEDPba8z30XVTIwYCIEiKROS7PfUr7mEtqrGdC3F2S08CWxNKfj-871tqSntdqNbCxg-HDsU9-BSCNM9S3qywdh-A&__tn__=*NK-R', 'https://www.facebook.com/hashtag/padmabridge?__eep__=6&__cft__[0]=AZW08kDKydmLaTjMIn_ZMQK7fe9bhWzlVeXqlMMhlaIEDPba8z30XVTIwYCIEiKROS7PfUr7mEtqrGdC3F2S08CWxNKfj-871tqSntdqNbCxg-HDsU9-BSCNM9S3qywdh-A&__tn__=*NK-R', 'https://www.facebook.com/hashtag/risingbd?__eep__=6&__cft__[0]=AZW08kDKydmLaTjMIn_ZMQK7fe9bhWzlVeXqlMMhlaIEDPba8z30XVTIwYCIEiKROS7PfUr7mEtqrGdC3F2S08CWxNKfj-871tqSntdqNbCxg-HDsU9-BSCNM9S3qywdh-A&__tn__=*NK-R', 'https://www.facebook.com/photo/?fbid=375848244568197&set=a.361254152694273&__cft__[0]=AZW08kDKydmLaTjMIn_ZMQK7fe9bhWzlVeXqlMMhlaIEDPba8z30XVTIwYCIEiKROS7PfUr7mEtqrGdC3F2S08CWxNKfj-871tqSntdqNbCxg-HDsU9-BSCNM9S3qywdh-A&__tn__=EH-R']",28_05_2022-05_09_36-পদ্মা সেতু-partho.csv
"পদ্মা সেতু উদ্বোধনের প্রাক্কালে গভীর শ্রদ্ধার সাথে স্মরণ করছি বড় গণতন্ত্রের মা, মাদারে গণতন্ত্র এইট পাস খালেদাজিয়া কে! … See more",['https://scontent.fdac22-1.fna.fbcdn.net/v/t15.5256-10/282272626_702355557650170_2442262852183570346_n.jpg?stp=dst-jpg_p960x960&_nc_cat=104&ccb=1-7&_nc_sid=ad6a45&_nc_ohc=x0rK8MBcFewAX_SnrkN&_nc_ht=scontent.fdac22-1.fna&oh=00_AT93r_oMZJullNf6Kvjnbf9OvthSMMrq6RSOJNCUNIp6ng&oe=6297B2D5'],"['https://www.facebook.com/HashTagBNP/?__cft__[0]=AZVhsY0TnEUH6dPi19-X7gftE5xrqDm_20EebUQvf7hKl5FAajK947cdg-OtPIP9tbI6qR_2ipkXM4oZ4K-jYp1LRsxO7UjkDftf8hunE7f-MpfW_Q6iktgfzzPoLO8PnSBg1fuoroR6GHQecExxNatc&__tn__=%3C%2CP-R', '/stories/106716725117494/UzpfSVNDOjUzNDIwOTc1NTAwNTc1Mw==/?view_single=true&__cft__[0]=AZVhsY0TnEUH6dPi19-X7gftE5xrqDm_20EebUQvf7hKl5FAajK947cdg-OtPIP9tbI6qR_2ipkXM4oZ4K-jYp1LRsxO7UjkDftf8hunE7f-MpfW_Q6iktgfzzPoLO8PnSBg1fuoroR6GHQecExxNatc&__tn__=%3C%3C%2CP-R', 'https://www.facebook.com/HashTagBNP/?__cft__[0]=AZVhsY0TnEUH6dPi19-X7gftE5xrqDm_20EebUQvf7hKl5FAajK947cdg-OtPIP9tbI6qR_2ipkXM4oZ4K-jYp1LRsxO7UjkDftf8hunE7f-MpfW_Q6iktgfzzPoLO8PnSBg1fuoroR6GHQecExxNatc&__tn__=-UC%2CP-R', 'https://www.facebook.com/HashTagBNP/posts/176019531520546?__cft__[0]=AZVhsY0TnEUH6dPi19-X7gftE5xrqDm_20EebUQvf7hKl5FAajK947cdg-OtPIP9tbI6qR_2ipkXM4oZ4K-jYp1LRsxO7UjkDftf8hunE7f-MpfW_Q6iktgfzzPoLO8PnSBg1fuoroR6GHQecExxNatc&__tn__=%2CO%2CP-R', 'https://www.facebook.com/HashTagBNP/videos/262199989407965/?__cft__[0]=AZVhsY0TnEUH6dPi19-X7gftE5xrqDm_20EebUQvf7hKl5FAajK947cdg-OtPIP9tbI6qR_2ipkXM4oZ4K-jYp1LRsxO7UjkDftf8hunE7f-MpfW_Q6iktgfzzPoLO8PnSBg1fuoroR6GHQecExxNatc&__tn__=%2B%3FFH-R']",28_05_2022-05_09_36-পদ্মা সেতু-partho.csv
পদ্মা সেতু প্রকল্প শুরুর আগেই নেতিবাচক মন্তব্য করেছিলেন যেসকল বিশিষ্টজন ও সংস্থা-,['https://scontent.fdac22-1.fna.fbcdn.net/v/t39.30808-6/282615938_2226645974140045_1157044823812519641_n.jpg?stp=dst-jpg_p526x296&_nc_cat=104&ccb=1-7&_nc_sid=5cd70e&_nc_ohc=_ndlp8K2YdoAX8mZpa2&_nc_ht=scontent.fdac22-1.fna&oh=00_AT_4dYXtF7MQwsmT_LcQH5Y0-GmJKH2RcRWMMszidbhs5w&oe=629798D0'],"['/groups/109793829588251/user/100003839917931/?__cft__[0]=AZU7ue-6zb6L91I4HBmhiQqyDl7oK5ztAmL_YXPZVzYPjzPl9n_MUtxYPmFobxWWf4TSac2lWCngtCKx_TiMHdRhB97bqNErUDQLPbtL8cQ7GoEDF3b4y4BkJNCDLAPxR0PUSWzS-lKRdxwilNSgmNFT&__tn__=%3C%2CP-R', '/stories/1430209850409750/UzpfSVNDOjMxODQzNjA4MDQ2Nzk4MA==/?view_single=true&__cft__[0]=AZU7ue-6zb6L91I4HBmhiQqyDl7oK5ztAmL_YXPZVzYPjzPl9n_MUtxYPmFobxWWf4TSac2lWCngtCKx_TiMHdRhB97bqNErUDQLPbtL8cQ7GoEDF3b4y4BkJNCDLAPxR0PUSWzS-lKRdxwilNSgmNFT&__tn__=%3C%3C%2CP-R', '/groups/109793829588251/user/100003839917931/?__cft__[0]=AZU7ue-6zb6L91I4HBmhiQqyDl7oK5ztAmL_YXPZVzYPjzPl9n_MUtxYPmFobxWWf4TSac2lWCngtCKx_TiMHdRhB97bqNErUDQLPbtL8cQ7GoEDF3b4y4BkJNCDLAPxR0PUSWzS-lKRdxwilNSgmNFT&__tn__=-UC%2CP-R', 'https://www.facebook.com/groups/awamileague.1949group/?__cft__[0]=AZU7ue-6zb6L91I4HBmhiQqyDl7oK5ztAmL_YXPZVzYPjzPl9n_MUtxYPmFobxWWf4TSac2lWCngtCKx_TiMHdRhB97bqNErUDQLPbtL8cQ7GoEDF3b4y4BkJNCDLAPxR0PUSWzS-lKRdxwilNSgmNFT&__tn__=-UC%2CP-R', 'https://www.facebook.com/groups/awamileague.1949group/posts/1007359079831717/?__cft__[0]=AZU7ue-6zb6L91I4HBmhiQqyDl7oK5ztAmL_YXPZVzYPjzPl9n_MUtxYPmFobxWWf4TSac2lWCngtCKx_TiMHdRhB97bqNErUDQLPbtL8cQ7GoEDF3b4y4BkJNCDLAPxR0PUSWzS-lKRdxwilNSgmNFT&__tn__=%2CO%2CP-R', 'https://www.facebook.com/photo/?fbid=2226645934140049&set=gm.1007359079831717&__cft__[0]=AZU7ue-6zb6L91I4HBmhiQqyDl7oK5ztAmL_YXPZVzYPjzPl9n_MUtxYPmFobxWWf4TSac2lWCngtCKx_TiMHdRhB97bqNErUDQLPbtL8cQ7GoEDF3b4y4BkJNCDLAPxR0PUSWzS-lKRdxwilNSgmNFT&__tn__=EH-R']",28_05_2022-05_09_36-পদ্মা সেতু-partho.csv
ফেরি ঘাটে এম্বুলেন্স আটকে মাকে হারানো সন্তান জানে পদ্মা সেতু কি।৩ ঘন্টা দেরি হওয়াতে ইন্টারভিউ দিতে না পারা বেকার ছেলেটি জানে পদ্মা সেতু কি।কুয়াশার কারনে ফেরি বন্ধ হলে ফ্লাইট মিস করা রেমিটেন্স যোদ্ধা প্রবাসী জানে পদ্মাসেতু কি।সারাবছর পরিচর্যার পরে ঘন্টার পর ঘন্টা ফেরিঘাটের গরমে থেকে বস্তায় পঁচা সবজিগুলো দেখা কৃষকটি বলতে পারবে পদ্মা সেতু কি!!প্রচণ্ড ঝড়ে পদ্মায় ট্রলার সহ ডুবে যাওয়া সন্তানকে খুজে না পাওয়া বাবা মা জানে পদ্মা সেতু কি!! … See more,['https://static.xx.fbcdn.net/rsrc.php/v3/yF/r/0vOMNeZrwXy.png'],"['https://www.facebook.com/km.liton.925?__cft__[0]=AZVj3U-m-15H5_BfsnEqIekWAn_NGEaltkCFEwJxVDyS7qSnkTTmKjKEB6weUrFew_bggiYRA-7Gnr3aQbN4qMEZPmouG_YgOQ6Sp3eZFd61MQt3jEtA5RcLpESpmEAgILQ&__tn__=%3C%2CP-R', '/stories/1854877041250016/UzpfSVNDOjUxMTU3ODc4MDY2NjExNQ==/?view_single=true&__cft__[0]=AZVj3U-m-15H5_BfsnEqIekWAn_NGEaltkCFEwJxVDyS7qSnkTTmKjKEB6weUrFew_bggiYRA-7Gnr3aQbN4qMEZPmouG_YgOQ6Sp3eZFd61MQt3jEtA5RcLpESpmEAgILQ&__tn__=%3C%3C%2CP-R', 'https://www.facebook.com/km.liton.925?__cft__[0]=AZVj3U-m-15H5_BfsnEqIekWAn_NGEaltkCFEwJxVDyS7qSnkTTmKjKEB6weUrFew_bggiYRA-7Gnr3aQbN4qMEZPmouG_YgOQ6Sp3eZFd61MQt3jEtA5RcLpESpmEAgILQ&__tn__=-]C%2CP-R', 'https://www.facebook.com/%E0%A6%AA%E0%A6%A6%E0%A7%8D%E0%A6%AE%E0%A6%BE-%E0%A6%B8%E0%A7%87%E0%A6%A4%E0%A7%81-%E0%A6%AE%E0%A6%BE%E0%A6%93%E0%A7%9F%E0%A6%BE-%E0%A6%AA%E0%A7%9F%E0%A7%87%E0%A6%A8%E0%A7%8D%E0%A6%9F-375286873187486/?__cft__[0]=AZVj3U-m-15H5_BfsnEqIekWAn_NGEaltkCFEwJxVDyS7qSnkTTmKjKEB6weUrFew_bggiYRA-7Gnr3aQbN4qMEZPmouG_YgOQ6Sp3eZFd61MQt3jEtA5RcLpESpmEAgILQ&__tn__=kC%2CP-R', 'https://www.facebook.com/km.liton.925/posts/1696748637364995?__cft__[0]=AZVj3U-m-15H5_BfsnEqIekWAn_NGEaltkCFEwJxVDyS7qSnkTTmKjKEB6weUrFew_bggiYRA-7Gnr3aQbN4qMEZPmouG_YgOQ6Sp3eZFd61MQt3jEtA5RcLpESpmEAgILQ&__tn__=%2CO%2CP-R', 'https://www.facebook.com/pages/Mawa-Dhaka-Bangladesh/112714825422072?__cft__[0]=AZVj3U-m-15H5_BfsnEqIekWAn_NGEaltkCFEwJxVDyS7qSnkTTmKjKEB6weUrFew_bggiYRA-7Gnr3aQbN4qMEZPmouG_YgOQ6Sp3eZFd61MQt3jEtA5RcLpESpmEAgILQ&__tn__=%2CP-R', 'https://www.facebook.com/photo/?fbid=1696748477365011&set=pcb.1696748637364995&__cft__[0]=AZVj3U-m-15H5_BfsnEqIekWAn_NGEaltkCFEwJxVDyS7qSnkTTmKjKEB6weUrFew_bggiYRA-7Gnr3aQbN4qMEZPmouG_YgOQ6Sp3eZFd61MQt3jEtA5RcLpESpmEAgILQ&__tn__=*bH-R', 'https://www.facebook.com/photo/?fbid=1696748524031673&set=pcb.1696748637364995&__cft__[0]=AZVj3U-m-15H5_BfsnEqIekWAn_NGEaltkCFEwJxVDyS7qSnkTTmKjKEB6weUrFew_bggiYRA-7Gnr3aQbN4qMEZPmouG_YgOQ6Sp3eZFd61MQt3jEtA5RcLpESpmEAgILQ&__tn__=*bH-R', 'https://www.facebook.com/photo/?fbid=1696748560698336&set=pcb.1696748637364995&__cft__[0]=AZVj3U-m-15H5_BfsnEqIekWAn_NGEaltkCFEwJxVDyS7qSnkTTmKjKEB6weUrFew_bggiYRA-7Gnr3aQbN4qMEZPmouG_YgOQ6Sp3eZFd61MQt3jEtA5RcLpESpmEAgILQ&__tn__=*bH-R', 'https://www.facebook.com/photo/?fbid=1696748610698331&set=pcb.1696748637364995&__cft__[0]=AZVj3U-m-15H5_BfsnEqIekWAn_NGEaltkCFEwJxVDyS7qSnkTTmKjKEB6weUrFew_bggiYRA-7Gnr3aQbN4qMEZPmouG_YgOQ6Sp3eZFd61MQt3jEtA5RcLpESpmEAgILQ&__tn__=*bH-R']",28_05_2022-05_09_36-পদ্মা সেতু-partho.csv
"দীর্ঘদিন পর ঢাকা বিশ্ববিদ্যালয়ে পা রেখে আওয়ামী লীগের সাধারণ সম্পাদক ওবায়দুল কাদের বলেন, 'পদ্মা সেতু হয়েই গেল, মেট্রোরেল হয়েই গেল, কর্ণফুলী টানেল হয়েই গেল- ফখরুল সাহেবদের অন্তরে জ্বালা  ওরে জ্বালা' ফখরুল সাহেব ১৩ বছরে কত ঈদ এলো-গেলো, আপনাদের প্রধানমন্ত্রী কে হবেন?","[""data:image/svg+xml,%3csvg xmlns='http://www.w3.org/2000/svg' xmlns:xlink='http://www.w3.org/1999/xlink' viewBox='0 0 16 16'%3e%3cdefs%3e%3clinearGradient id='a' x1='50%25' x2='50%25' y1='10.25%25' y2='100%25'%3e%3cstop offset='0%25' stop-color='%23FEEA70'/%3e%3cstop offset='100%25' stop-color='%23F69B30'/%3e%3c/linearGradient%3e%3clinearGradient id='d' x1='50%25' x2='50%25' y1='0%25' y2='100%25'%3e%3cstop offset='0%25' stop-color='%23472315'/%3e%3cstop offset='100%25' stop-color='%238B3A0E'/%3e%3c/linearGradient%3e%3clinearGradient id='e' x1='50%25' x2='50%25' y1='0%25' y2='81.902%25'%3e%3cstop offset='0%25' stop-color='%23FC607C'/%3e%3cstop offset='100%25' stop-color='%23D91F3A'/%3e%3c/linearGradient%3e%3cfilter id='c' width='118.8%25' height='118.8%25' x='-9.4%25' y='-9.4%25' filterUnits='objectBoundingBox'%3e%3cfeGaussianBlur in='SourceAlpha' result='shadowBlurInner1' stdDeviation='1'/%3e%3cfeOffset dy='-1' in='shadowBlurInner1' result='shadowOffsetInner1'/%3e%3cfeComposite in='shadowOffsetInner1' in2='SourceAlpha' k2='-1' k3='1' operator='arithmetic' result='shadowInnerInner1'/%3e%3cfeColorMatrix in='shadowInnerInner1' values='0 0 0 0 0.921365489 0 0 0 0 0.460682745 0 0 0 0 0 0 0 0 0.35 0'/%3e%3c/filter%3e%3cpath id='b' d='M16 8A8 8 0 110 8a8 8 0 0116 0'/%3e%3c/defs%3e%3cg fill='none'%3e%3cuse fill='url(%23a)' xlink:href='%23b'/%3e%3cuse fill='black' filter='url(%23c)' xlink:href='%23b'/%3e%3cpath fill='url(%23d)' d='M3 8.008C3 10.023 4.006 14 8 14c3.993 0 5-3.977 5-5.992C13 7.849 11.39 7 8 7c-3.39 0-5 .849-5 1.008'/%3e%3cpath fill='url(%23e)' d='M4.541 12.5c.804.995 1.907 1.5 3.469 1.5 1.563 0 2.655-.505 3.459-1.5-.551-.588-1.599-1.5-3.459-1.5s-2.917.912-3.469 1.5'/%3e%3cpath fill='%232A3755' d='M6.213 4.144c.263.188.502.455.41.788-.071.254-.194.369-.422.371-.78.011-1.708.255-2.506.612-.065.029-.197.088-.332.085-.124-.003-.251-.058-.327-.237-.067-.157-.073-.388.276-.598.545-.33 1.257-.48 1.909-.604a7.077 7.077 0 00-1.315-.768c-.427-.194-.38-.457-.323-.6.127-.317.609-.196 1.078.026a9 9 0 011.552.925zm3.577 0a8.953 8.953 0 011.55-.925c.47-.222.95-.343 1.078-.026.057.143.104.406-.323.6a7.029 7.029 0 00-1.313.768c.65.123 1.363.274 1.907.604.349.21.342.44.276.598-.077.18-.203.234-.327.237-.135.003-.267-.056-.332-.085-.797-.357-1.725-.6-2.504-.612-.228-.002-.351-.117-.422-.37-.091-.333.147-.6.41-.788z'/%3e%3c/g%3e%3c/svg%3e""]","['https://www.facebook.com/mdzakariaibnyusuf/?__cft__[0]=AZU2rOdy-ducSfNSvGmmtLkljdH5H2pvHetQNzCwar8XA9JkW2SszF_dtv7gVXfhBJziAe728xUkqcwaDtm4z4hmuZzV2rQefTJHe3sLAKombwVZfcnaFGugnVd-2gk0f8DkDkkSiPCa0gB9omaqmt97&__tn__=%3C%2CP-R', 'https://www.facebook.com/mdzakariaibnyusuf/?__cft__[0]=AZU2rOdy-ducSfNSvGmmtLkljdH5H2pvHetQNzCwar8XA9JkW2SszF_dtv7gVXfhBJziAe728xUkqcwaDtm4z4hmuZzV2rQefTJHe3sLAKombwVZfcnaFGugnVd-2gk0f8DkDkkSiPCa0gB9omaqmt97&__tn__=%3C%3C%2CP-R', 'https://www.facebook.com/mdzakariaibnyusuf/?__cft__[0]=AZU2rOdy-ducSfNSvGmmtLkljdH5H2pvHetQNzCwar8XA9JkW2SszF_dtv7gVXfhBJziAe728xUkqcwaDtm4z4hmuZzV2rQefTJHe3sLAKombwVZfcnaFGugnVd-2gk0f8DkDkkSiPCa0gB9omaqmt97&__tn__=kC%2CP-R', 'https://www.facebook.com/watch/112880786780115/1107209950016340/?__cft__[0]=AZU2rOdy-ducSfNSvGmmtLkljdH5H2pvHetQNzCwar8XA9JkW2SszF_dtv7gVXfhBJziAe728xUkqcwaDtm4z4hmuZzV2rQefTJHe3sLAKombwVZfcnaFGugnVd-2gk0f8DkDkkSiPCa0gB9omaqmt97&__tn__=C%2CP-R', 'https://www.facebook.com/mdzakariaibnyusuf/posts/876455203755999?__cft__[0]=AZU2rOdy-ducSfNSvGmmtLkljdH5H2pvHetQNzCwar8XA9JkW2SszF_dtv7gVXfhBJziAe728xUkqcwaDtm4z4hmuZzV2rQefTJHe3sLAKombwVZfcnaFGugnVd-2gk0f8DkDkkSiPCa0gB9omaqmt97&__tn__=%2CO%2CP-R', 'https://www.facebook.com/hashtag/%E0%A6%93%E0%A6%AC%E0%A6%BE%E0%A7%9F%E0%A6%A6%E0%A7%81%E0%A6%B2_%E0%A6%95%E0%A6%BE%E0%A6%A6%E0%A7%87%E0%A6%B0?__eep__=6&__cft__[0]=AZU2rOdy-ducSfNSvGmmtLkljdH5H2pvHetQNzCwar8XA9JkW2SszF_dtv7gVXfhBJziAe728xUkqcwaDtm4z4hmuZzV2rQefTJHe3sLAKombwVZfcnaFGugnVd-2gk0f8DkDkkSiPCa0gB9omaqmt97&__tn__=*NK-R', 'https://www.facebook.com/hashtag/obaydul_kader?__eep__=6&__cft__[0]=AZU2rOdy-ducSfNSvGmmtLkljdH5H2pvHetQNzCwar8XA9JkW2SszF_dtv7gVXfhBJziAe728xUkqcwaDtm4z4hmuZzV2rQefTJHe3sLAKombwVZfcnaFGugnVd-2gk0f8DkDkkSiPCa0gB9omaqmt97&__tn__=*NK-R', 'https://www.facebook.com/hashtag/%E0%A6%AA%E0%A6%A6%E0%A7%8D%E0%A6%AE%E0%A6%BE%E0%A6%B8%E0%A7%87%E0%A6%A4%E0%A7%81?__eep__=6&__cft__[0]=AZU2rOdy-ducSfNSvGmmtLkljdH5H2pvHetQNzCwar8XA9JkW2SszF_dtv7gVXfhBJziAe728xUkqcwaDtm4z4hmuZzV2rQefTJHe3sLAKombwVZfcnaFGugnVd-2gk0f8DkDkkSiPCa0gB9omaqmt97&__tn__=*NK-R', 'https://www.facebook.com/hashtag/%E0%A6%AB%E0%A6%96%E0%A6%B0%E0%A7%81%E0%A6%B2?__eep__=6&__cft__[0]=AZU2rOdy-ducSfNSvGmmtLkljdH5H2pvHetQNzCwar8XA9JkW2SszF_dtv7gVXfhBJziAe728xUkqcwaDtm4z4hmuZzV2rQefTJHe3sLAKombwVZfcnaFGugnVd-2gk0f8DkDkkSiPCa0gB9omaqmt97&__tn__=*NK-R', 'https://www.facebook.com/mdzakariaibnyusuf/videos/1330466767448714/?__cft__[0]=AZU2rOdy-ducSfNSvGmmtLkljdH5H2pvHetQNzCwar8XA9JkW2SszF_dtv7gVXfhBJziAe728xUkqcwaDtm4z4hmuZzV2rQefTJHe3sLAKombwVZfcnaFGugnVd-2gk0f8DkDkkSiPCa0gB9omaqmt97&__tn__=%2B%3FFH-R']",28_05_2022-05_09_36-পদ্মা সেতু-partho.csv
"বাংলাদেশের গর্বের, স্বপ্নের পদ্মা সেতু উদ্বোধন হতে যাচ্ছে আগামী ২৫ জুন ২০২২ তারিখে। ",['https://scontent.fdac22-1.fna.fbcdn.net/v/t39.30808-6/283094019_3283713941906948_2245263184762487101_n.jpg?stp=dst-jpg_s600x600&_nc_cat=109&ccb=1-7&_nc_sid=8bfeb9&_nc_ohc=yRiBn_5sskQAX8IbTIc&tn=OFdy-9AAobFDC7qq&_nc_ht=scontent.fdac22-1.fna&oh=00_AT_LIo5gE8koGqi0TIcS7kP9n8CZ6FxK7_uK9HmHHXqh9g&oe=62960B63'],"['https://www.facebook.com/bslabdul.jalil?__cft__[0]=AZUz_gcowGRkh4dzi4MZtnaI1cb5DdWoWsazIAB-7rXQgr5jv4vDCijJ8VTipzntYKXBpLdeLvyfpR3x7-XuVa93tELee1q2PP7jBNu-AhIrWw&__tn__=%3C%2CP-R', 'https://www.facebook.com/bslabdul.jalil?__cft__[0]=AZUz_gcowGRkh4dzi4MZtnaI1cb5DdWoWsazIAB-7rXQgr5jv4vDCijJ8VTipzntYKXBpLdeLvyfpR3x7-XuVa93tELee1q2PP7jBNu-AhIrWw&__tn__=%3C%3C%2CP-R', 'https://www.facebook.com/bslabdul.jalil?__cft__[0]=AZUz_gcowGRkh4dzi4MZtnaI1cb5DdWoWsazIAB-7rXQgr5jv4vDCijJ8VTipzntYKXBpLdeLvyfpR3x7-XuVa93tELee1q2PP7jBNu-AhIrWw&__tn__=-UC%2CP-R', 'https://www.facebook.com/bslabdul.jalil/posts/3283714055240270?__cft__[0]=AZUz_gcowGRkh4dzi4MZtnaI1cb5DdWoWsazIAB-7rXQgr5jv4vDCijJ8VTipzntYKXBpLdeLvyfpR3x7-XuVa93tELee1q2PP7jBNu-AhIrWw&__tn__=%2CO%2CP-R', 'https://www.facebook.com/photo/?fbid=3283713951906947&set=pcb.3283714055240270&__cft__[0]=AZUz_gcowGRkh4dzi4MZtnaI1cb5DdWoWsazIAB-7rXQgr5jv4vDCijJ8VTipzntYKXBpLdeLvyfpR3x7-XuVa93tELee1q2PP7jBNu-AhIrWw&__tn__=*bH-R', 'https://www.facebook.com/photo/?fbid=3283714018573607&set=pcb.3283714055240270&__cft__[0]=AZUz_gcowGRkh4dzi4MZtnaI1cb5DdWoWsazIAB-7rXQgr5jv4vDCijJ8VTipzntYKXBpLdeLvyfpR3x7-XuVa93tELee1q2PP7jBNu-AhIrWw&__tn__=*bH-R']",28_05_2022-05_09_36-পদ্মা সেতু-partho.csv
পদ্মা সেতুর কাজ শেষ!!  খুলে দেয়া হবে আগামী মাসেই।#পদ্মাসেতু#poddasetu,['https://scontent.fdac22-1.fna.fbcdn.net/v/t15.5256-10/280382374_1064685541062140_8074599060563431802_n.jpg?stp=dst-jpg_s960x960&_nc_cat=109&ccb=1-7&_nc_sid=ad6a45&_nc_ohc=CTt1Vsl-DZ0AX_rh8Ws&_nc_ht=scontent.fdac22-1.fna&oh=00_AT-gVAuphoo7N3PJ8DQqjg9UWSbUy2pjfWHJ--UtF8THog&oe=62970C5F'],"['/groups/344796229935263/user/100011649461508/?__cft__[0]=AZX8RPWKcNEyRQNqbd9KLSah6b1uLESwpcmhXKbb0jSxclMnmGLSaKlxTQ-QwpPA5a71RkzvpPH6PpQUhH5iXgj9YoyR0OXEsyVwY-RfpcCEOO2eIJZxW-pNpADdYKMAPqJ44yiVHeyn-ex82ZpKw49vqsM_TdRNwz7G24oIBfsz9Q&__tn__=%3C%2CP-R', '/groups/344796229935263/user/100011649461508/?__cft__[0]=AZX8RPWKcNEyRQNqbd9KLSah6b1uLESwpcmhXKbb0jSxclMnmGLSaKlxTQ-QwpPA5a71RkzvpPH6PpQUhH5iXgj9YoyR0OXEsyVwY-RfpcCEOO2eIJZxW-pNpADdYKMAPqJ44yiVHeyn-ex82ZpKw49vqsM_TdRNwz7G24oIBfsz9Q&__tn__=%3C%3C%2CP-R', '/groups/344796229935263/user/100011649461508/?__cft__[0]=AZX8RPWKcNEyRQNqbd9KLSah6b1uLESwpcmhXKbb0jSxclMnmGLSaKlxTQ-QwpPA5a71RkzvpPH6PpQUhH5iXgj9YoyR0OXEsyVwY-RfpcCEOO2eIJZxW-pNpADdYKMAPqJ44yiVHeyn-ex82ZpKw49vqsM_TdRNwz7G24oIBfsz9Q&__tn__=-UC%2CP-R', 'https://www.facebook.com/groups/amenaakterpoly/?__cft__[0]=AZX8RPWKcNEyRQNqbd9KLSah6b1uLESwpcmhXKbb0jSxclMnmGLSaKlxTQ-QwpPA5a71RkzvpPH6PpQUhH5iXgj9YoyR0OXEsyVwY-RfpcCEOO2eIJZxW-pNpADdYKMAPqJ44yiVHeyn-ex82ZpKw49vqsM_TdRNwz7G24oIBfsz9Q&__tn__=-UC%2CP-R', 'https://www.facebook.com/groups/amenaakterpoly/posts/689551255459757/?__cft__[0]=AZX8RPWKcNEyRQNqbd9KLSah6b1uLESwpcmhXKbb0jSxclMnmGLSaKlxTQ-QwpPA5a71RkzvpPH6PpQUhH5iXgj9YoyR0OXEsyVwY-RfpcCEOO2eIJZxW-pNpADdYKMAPqJ44yiVHeyn-ex82ZpKw49vqsM_TdRNwz7G24oIBfsz9Q&__tn__=%2CO%2CP-R', 'https://www.facebook.com/hashtag/%E0%A6%AA%E0%A6%A6%E0%A7%8D%E0%A6%AE%E0%A6%BE%E0%A6%B8%E0%A7%87%E0%A6%A4%E0%A7%81?__eep__=6&__cft__[0]=AZX8RPWKcNEyRQNqbd9KLSah6b1uLESwpcmhXKbb0jSxclMnmGLSaKlxTQ-QwpPA5a71RkzvpPH6PpQUhH5iXgj9YoyR0OXEsyVwY-RfpcCEOO2eIJZxW-pNpADdYKMAPqJ44yiVHeyn-ex82ZpKw49vqsM_TdRNwz7G24oIBfsz9Q&__tn__=*NK-R', 'https://www.facebook.com/hashtag/poddasetu?__eep__=6&__cft__[0]=AZX8RPWKcNEyRQNqbd9KLSah6b1uLESwpcmhXKbb0jSxclMnmGLSaKlxTQ-QwpPA5a71RkzvpPH6PpQUhH5iXgj9YoyR0OXEsyVwY-RfpcCEOO2eIJZxW-pNpADdYKMAPqJ44yiVHeyn-ex82ZpKw49vqsM_TdRNwz7G24oIBfsz9Q&__tn__=*NK-R', 'https://www.facebook.com/109757177921411/videos/507416954421195/?__cft__[0]=AZX8RPWKcNEyRQNqbd9KLSah6b1uLESwpcmhXKbb0jSxclMnmGLSaKlxTQ-QwpPA5a71RkzvpPH6PpQUhH5iXgj9YoyR0OXEsyVwY-RfpcCEOO2eIJZxW-pNpADdYKMAPqJ44yiVHeyn-ex82ZpKw49vqsM_TdRNwz7G24oIBfsz9Q&__tn__=%2B%3FFH-y-R', 'https://www.facebook.com/Atias-Kitchen-and-Lifestyle-109757177921411/?__cft__[0]=AZX8RPWKcNEyRQNqbd9KLSah6b1uLESwpcmhXKbb0jSxclMnmGLSaKlxTQ-QwpPA5a71RkzvpPH6PpQUhH5iXgj9YoyR0OXEsyVwY-RfpcCEOO2eIJZxW-pNpADdYKMAPqJ44yiVHeyn-ex82ZpKw49vqsM_TdRNwz7G24oIBfsz9Q&__tn__=-UC%2CP-y-R', 'https://www.facebook.com/permalink.php?story_fbid=341627988067661&id=109757177921411&__cft__[0]=AZX8RPWKcNEyRQNqbd9KLSah6b1uLESwpcmhXKbb0jSxclMnmGLSaKlxTQ-QwpPA5a71RkzvpPH6PpQUhH5iXgj9YoyR0OXEsyVwY-RfpcCEOO2eIJZxW-pNpADdYKMAPqJ44yiVHeyn-ex82ZpKw49vqsM_TdRNwz7G24oIBfsz9Q&__tn__=%2CO%2CP-y-R', 'https://www.facebook.com/hashtag/%E0%A6%AA%E0%A6%A6%E0%A7%8D%E0%A6%AE%E0%A6%BE%E0%A6%B8%E0%A7%87%E0%A6%A4%E0%A7%81?__eep__=6&__cft__[0]=AZX8RPWKcNEyRQNqbd9KLSah6b1uLESwpcmhXKbb0jSxclMnmGLSaKlxTQ-QwpPA5a71RkzvpPH6PpQUhH5iXgj9YoyR0OXEsyVwY-RfpcCEOO2eIJZxW-pNpADdYKMAPqJ44yiVHeyn-ex82ZpKw49vqsM_TdRNwz7G24oIBfsz9Q&__tn__=*NK-y-R', 'https://www.facebook.com/hashtag/poddasetu?__eep__=6&__cft__[0]=AZX8RPWKcNEyRQNqbd9KLSah6b1uLESwpcmhXKbb0jSxclMnmGLSaKlxTQ-QwpPA5a71RkzvpPH6PpQUhH5iXgj9YoyR0OXEsyVwY-RfpcCEOO2eIJZxW-pNpADdYKMAPqJ44yiVHeyn-ex82ZpKw49vqsM_TdRNwz7G24oIBfsz9Q&__tn__=*NK-y-R']",28_05_2022-05_09_36-পদ্মা সেতু-partho.csv
#ফেরি ঘাটে এম্বুলেন্স আটকে মাকে হারানো সন্তান জানে পদ্মা সেতু কি!,['https://scontent.fdac22-1.fna.fbcdn.net/v/t39.30808-6/282550411_1001130190792999_7222927234558379477_n.jpg?stp=dst-jpg_p403x403&_nc_cat=106&ccb=1-7&_nc_sid=8bfeb9&_nc_ohc=gFXwcfANzcMAX_zhNdA&tn=OFdy-9AAobFDC7qq&_nc_ht=scontent.fdac22-1.fna&oh=00_AT8wSwef6doy0EWMwayt795XSQxMpjOPErcm-CPn7bHPtQ&oe=62970AF4'],"['https://www.facebook.com/ahasanulhaque.abir.3?__cft__[0]=AZXzEefzJV4NPEA-njY7dbVW0l3GvCatt4kix-gEsQlN1yOUHykor3UcmQVTRAUysMBhBucsUM3yzpORov0nPH_vAfC6MHsOanfdFDhv2fU-Jw&__tn__=%3C%2CP-R', '/stories/353082675231420/UzpfSVNDOjUwNTg5MDY2Nzk0NjA3OA==/?view_single=true&__cft__[0]=AZXzEefzJV4NPEA-njY7dbVW0l3GvCatt4kix-gEsQlN1yOUHykor3UcmQVTRAUysMBhBucsUM3yzpORov0nPH_vAfC6MHsOanfdFDhv2fU-Jw&__tn__=%3C%3C%2CP-R', 'https://www.facebook.com/ahasanulhaque.abir.3?__cft__[0]=AZXzEefzJV4NPEA-njY7dbVW0l3GvCatt4kix-gEsQlN1yOUHykor3UcmQVTRAUysMBhBucsUM3yzpORov0nPH_vAfC6MHsOanfdFDhv2fU-Jw&__tn__=-UC%2CP-R', 'https://www.facebook.com/ahasanulhaque.abir.3/posts/1001130290792989?__cft__[0]=AZXzEefzJV4NPEA-njY7dbVW0l3GvCatt4kix-gEsQlN1yOUHykor3UcmQVTRAUysMBhBucsUM3yzpORov0nPH_vAfC6MHsOanfdFDhv2fU-Jw&__tn__=%2CO%2CP-R', 'https://www.facebook.com/hashtag/%E0%A6%AB%E0%A7%87%E0%A6%B0%E0%A6%BF?__eep__=6&__cft__[0]=AZXzEefzJV4NPEA-njY7dbVW0l3GvCatt4kix-gEsQlN1yOUHykor3UcmQVTRAUysMBhBucsUM3yzpORov0nPH_vAfC6MHsOanfdFDhv2fU-Jw&__tn__=*NK-R', 'https://www.facebook.com/hashtag/%E0%A6%95%E0%A7%81%E0%A7%9F%E0%A6%BE%E0%A6%B6%E0%A6%BE%E0%A6%B0?__eep__=6&__cft__[0]=AZXzEefzJV4NPEA-njY7dbVW0l3GvCatt4kix-gEsQlN1yOUHykor3UcmQVTRAUysMBhBucsUM3yzpORov0nPH_vAfC6MHsOanfdFDhv2fU-Jw&__tn__=*NK-R', 'https://www.facebook.com/photo/?fbid=1001130194126332&set=pcb.1001130290792989&__cft__[0]=AZXzEefzJV4NPEA-njY7dbVW0l3GvCatt4kix-gEsQlN1yOUHykor3UcmQVTRAUysMBhBucsUM3yzpORov0nPH_vAfC6MHsOanfdFDhv2fU-Jw&__tn__=*bH-R', 'https://www.facebook.com/photo/?fbid=1001130237459661&set=pcb.1001130290792989&__cft__[0]=AZXzEefzJV4NPEA-njY7dbVW0l3GvCatt4kix-gEsQlN1yOUHykor3UcmQVTRAUysMBhBucsUM3yzpORov0nPH_vAfC6MHsOanfdFDhv2fU-Jw&__tn__=*bH-R', 'https://www.facebook.com/photo/?fbid=1001130270792991&set=pcb.1001130290792989&__cft__[0]=AZXzEefzJV4NPEA-njY7dbVW0l3GvCatt4kix-gEsQlN1yOUHykor3UcmQVTRAUysMBhBucsUM3yzpORov0nPH_vAfC6MHsOanfdFDhv2fU-Jw&__tn__=*bH-R']",28_05_2022-05_09_36-পদ্মা সেতু-partho.csv
"বাংলাদেশের গর্বের, স্বপ্নের পদ্মা সেতু উদ্বোধন হতে যাচ্ছে আগামী ২৫ জুন ২০২২ তারিখে। ",['https://scontent.fdac22-1.fna.fbcdn.net/v/t39.30808-6/283608006_824842765146571_5527940503148296740_n.jpg?stp=dst-jpg_s600x600&_nc_cat=104&ccb=1-7&_nc_sid=8bfeb9&_nc_ohc=wLaVgbqMhHoAX-NpB__&_nc_ht=scontent.fdac22-1.fna&oh=00_AT_K2bEFb5oGyX7qR8dRlxnGiS-UPuNAs9wOqxZ2ewMYUQ&oe=62979AC2'],"['https://www.facebook.com/dolna.akhter.7?__cft__[0]=AZXZxRcnVPz4UMnHFYbvzkv6XbgKFqFkIdtZzcJ1VDPGYmjh3BlHGQc0Qptmb674LIEVETZ5F_qG5xZewi-isxT2rcPJ-ybaMdbfisFDiKHE5g&__tn__=%3C%2CP-R', '/stories/121281238836064/UzpfSVNDOjEwNTExNDE2NjU3ODE2NzE=/?view_single=true&__cft__[0]=AZXZxRcnVPz4UMnHFYbvzkv6XbgKFqFkIdtZzcJ1VDPGYmjh3BlHGQc0Qptmb674LIEVETZ5F_qG5xZewi-isxT2rcPJ-ybaMdbfisFDiKHE5g&__tn__=%3C%3C%2CP-R', 'https://www.facebook.com/dolna.akhter.7?__cft__[0]=AZXZxRcnVPz4UMnHFYbvzkv6XbgKFqFkIdtZzcJ1VDPGYmjh3BlHGQc0Qptmb674LIEVETZ5F_qG5xZewi-isxT2rcPJ-ybaMdbfisFDiKHE5g&__tn__=-UC%2CP-R', 'https://www.facebook.com/dolna.akhter.7/posts/824842551813259?__cft__[0]=AZXZxRcnVPz4UMnHFYbvzkv6XbgKFqFkIdtZzcJ1VDPGYmjh3BlHGQc0Qptmb674LIEVETZ5F_qG5xZewi-isxT2rcPJ-ybaMdbfisFDiKHE5g&__tn__=%2CO%2CP-R', 'https://www.facebook.com/photo/?fbid=824842451813269&set=pcb.824842551813259&__cft__[0]=AZXZxRcnVPz4UMnHFYbvzkv6XbgKFqFkIdtZzcJ1VDPGYmjh3BlHGQc0Qptmb674LIEVETZ5F_qG5xZewi-isxT2rcPJ-ybaMdbfisFDiKHE5g&__tn__=*bH-R', 'https://www.facebook.com/photo/?fbid=824842485146599&set=pcb.824842551813259&__cft__[0]=AZXZxRcnVPz4UMnHFYbvzkv6XbgKFqFkIdtZzcJ1VDPGYmjh3BlHGQc0Qptmb674LIEVETZ5F_qG5xZewi-isxT2rcPJ-ybaMdbfisFDiKHE5g&__tn__=*bH-R', 'https://www.facebook.com/photo/?fbid=824842521813262&set=pcb.824842551813259&__cft__[0]=AZXZxRcnVPz4UMnHFYbvzkv6XbgKFqFkIdtZzcJ1VDPGYmjh3BlHGQc0Qptmb674LIEVETZ5F_qG5xZewi-isxT2rcPJ-ybaMdbfisFDiKHE5g&__tn__=*bH-R']",28_05_2022-05_09_36-পদ্মা সেতু-partho.csv
ফেরি ঘাটে এম্বুলেন্স আটকে মাকে হারানো সন্তান জানে পদ্মা সেতু কি।৩ ঘন্টা দেরি হওয়াতে ইন্টারভিউ দিতে না পারা বেকার ছেলেটি জানে পদ্মা সেতু কি।কুয়াশার কারনে ফেরি বন্ধ হলে ফ্লাইট মিস করা রেমিটেন্স যোদ্ধা প্রবাসী জানে পদ্মাসেতু কি।সারাবছর পরিচর্যার পরে ঘন্টার পর ঘন্টা ফেরিঘাটের গরমে থেকে বস্তায় পঁচা সবজিগুলো দেখা কৃষকটি বলতে পারবে পদ্মা সেতু কি!!প্রচণ্ড ঝড়ে পদ্মায় ট্রলার সহ ডুবে যাওয়া সন্তানকে খুজে না পাওয়া বাবা-মা জানে পদ্মা সেতু কি!! … See more,['https://scontent.fdac22-1.fna.fbcdn.net/v/t39.30808-6/283000676_1033915740865100_4858578127468853447_n.jpg?stp=dst-jpg_s600x600&_nc_cat=104&ccb=1-7&_nc_sid=8bfeb9&_nc_ohc=NmxZqzGAziMAX9D07NH&_nc_ht=scontent.fdac22-1.fna&oh=00_AT_C9FPgoLepqEObL2-5vG3UofoHVD6ce5fsj5CaIzTTyg&oe=62976203'],"['https://www.facebook.com/shakib.ahmmed.796?__cft__[0]=AZWEie9YMi0IN3vuixPRtQcUNokOheR6fWKNDIqyf4lCpcexzDlWSnF4ygspj25JvEYVKSrjw-SzFtU9sMlfRgI6JVmjf18K457s9wRJrbsg3g&__tn__=%3C%2CP-R', '/stories/728875404702470/UzpfSVNDOjg2NzAyNTE0MDkyMDU1NQ==/?view_single=true&__cft__[0]=AZWEie9YMi0IN3vuixPRtQcUNokOheR6fWKNDIqyf4lCpcexzDlWSnF4ygspj25JvEYVKSrjw-SzFtU9sMlfRgI6JVmjf18K457s9wRJrbsg3g&__tn__=%3C%3C%2CP-R', 'https://www.facebook.com/shakib.ahmmed.796?__cft__[0]=AZWEie9YMi0IN3vuixPRtQcUNokOheR6fWKNDIqyf4lCpcexzDlWSnF4ygspj25JvEYVKSrjw-SzFtU9sMlfRgI6JVmjf18K457s9wRJrbsg3g&__tn__=-UC%2CP-R', 'https://www.facebook.com/shakib.ahmmed.796/posts/1033915807531760?__cft__[0]=AZWEie9YMi0IN3vuixPRtQcUNokOheR6fWKNDIqyf4lCpcexzDlWSnF4ygspj25JvEYVKSrjw-SzFtU9sMlfRgI6JVmjf18K457s9wRJrbsg3g&__tn__=%2CO%2CP-R', 'https://www.facebook.com/photo/?fbid=1033915744198433&set=pcb.1033915807531760&__cft__[0]=AZWEie9YMi0IN3vuixPRtQcUNokOheR6fWKNDIqyf4lCpcexzDlWSnF4ygspj25JvEYVKSrjw-SzFtU9sMlfRgI6JVmjf18K457s9wRJrbsg3g&__tn__=*bH-R', 'https://www.facebook.com/photo/?fbid=1033915780865096&set=pcb.1033915807531760&__cft__[0]=AZWEie9YMi0IN3vuixPRtQcUNokOheR6fWKNDIqyf4lCpcexzDlWSnF4ygspj25JvEYVKSrjw-SzFtU9sMlfRgI6JVmjf18K457s9wRJrbsg3g&__tn__=*bH-R']",28_05_2022-05_09_36-পদ্মা সেতু-partho.csv
"বাংলাদেশের গর্বের, স্বপ্নের পদ্মা সেতু উদ্বোধন হতে যাচ্ছে আগামী ২৫ জুন ২০২২ তারিখে। ",['https://scontent.fdac22-1.fna.fbcdn.net/v/t39.30808-6/283825618_1367652200413760_155126957358911040_n.jpg?stp=dst-jpg_p180x540&_nc_cat=110&ccb=1-7&_nc_sid=8bfeb9&_nc_ohc=CdzG0KFNu18AX9TWy-G&_nc_ht=scontent.fdac22-1.fna&oh=00_AT-zz_-5NXD0zI000ZZEOxxGHtWkcwrkBcCMz2JUwjUuuA&oe=62977262'],"['https://www.facebook.com/nazrulislam.khanmaruf.7?__cft__[0]=AZUDIp-uCYdla1TtAQsGJCX92ssKmA8tE3Am89RbKXNyHDCEJGBEow8PLsvEhfza7UIUwppWDBBM1GUTdrgBh9CO0vfsRh4Ytp2ypT6RBxmWcw&__tn__=%3C%2CP-R', 'https://www.facebook.com/nazrulislam.khanmaruf.7?__cft__[0]=AZUDIp-uCYdla1TtAQsGJCX92ssKmA8tE3Am89RbKXNyHDCEJGBEow8PLsvEhfza7UIUwppWDBBM1GUTdrgBh9CO0vfsRh4Ytp2ypT6RBxmWcw&__tn__=%3C%3C%2CP-R', 'https://www.facebook.com/nazrulislam.khanmaruf.7?__cft__[0]=AZUDIp-uCYdla1TtAQsGJCX92ssKmA8tE3Am89RbKXNyHDCEJGBEow8PLsvEhfza7UIUwppWDBBM1GUTdrgBh9CO0vfsRh4Ytp2ypT6RBxmWcw&__tn__=-UC%2CP-R', 'https://www.facebook.com/nazrulislam.khanmaruf.7/posts/1367652180413762?__cft__[0]=AZUDIp-uCYdla1TtAQsGJCX92ssKmA8tE3Am89RbKXNyHDCEJGBEow8PLsvEhfza7UIUwppWDBBM1GUTdrgBh9CO0vfsRh4Ytp2ypT6RBxmWcw&__tn__=%2CO%2CP-R', 'https://www.facebook.com/photo/?fbid=1367652153747098&set=a.121948348317491&__cft__[0]=AZUDIp-uCYdla1TtAQsGJCX92ssKmA8tE3Am89RbKXNyHDCEJGBEow8PLsvEhfza7UIUwppWDBBM1GUTdrgBh9CO0vfsRh4Ytp2ypT6RBxmWcw&__tn__=EH-R']",28_05_2022-05_09_36-পদ্মা সেতু-partho.csv
ফেরি ঘাটে এম্বুলেন্স আটকে মাকে হারানো সন্তান জানে পদ্মা সেতু কি।৩ ঘন্টা দেরি হওয়াতে ইন্টারভিউ দিতে না পারা বেকার ছেলেটি জানে পদ্মা সেতু কি।কুয়াশার কারনে ফেরি বন্ধ হলে ফ্লাইট মিস করা রেমিটেন্স যোদ্ধা প্রবাসী জানে পদ্মাসেতু কি।সারাবছর পরিচর্যার পরে ঘন্টার পর ঘন্টা ফেরিঘাটের গরমে থেকে বস্তায় পঁচা সবজিগুলো দেখা কৃষকটি বলতে পারবে পদ্মা সেতু কি!!প্রচণ্ড ঝড়ে পদ্মায় ট্রলার সহ ডুবে যাওয়া সন্তানকে খুজে না পাওয়া বাবা মা জানে পদ্মা সেতু কি!! … See more,['https://scontent.fdac22-1.fna.fbcdn.net/v/t39.30808-6/282666389_1200993237106255_2298426364408290065_n.jpg?_nc_cat=111&ccb=1-7&_nc_sid=8bfeb9&_nc_ohc=-ixMb2Dq6TcAX_1-_V7&_nc_ht=scontent.fdac22-1.fna&oh=00_AT84do5Br1CTprGu4WVS4s3j2WahHMVgTOqy2OeB_YkAbg&oe=6297A0AF'],"['https://www.facebook.com/restura.chowdhury?__cft__[0]=AZXX7Dc8FWLiHk18bv0C_RAcI4uM2SzvKHsyQ4Un4sWVRr_GiysdpPaEX8NrJUj_Sr3oLefMhfG6DRhcGrxK-cDS2gq-CUqkkZTYUD2ALAauug&__tn__=%3C%2CP-R', 'https://www.facebook.com/restura.chowdhury?__cft__[0]=AZXX7Dc8FWLiHk18bv0C_RAcI4uM2SzvKHsyQ4Un4sWVRr_GiysdpPaEX8NrJUj_Sr3oLefMhfG6DRhcGrxK-cDS2gq-CUqkkZTYUD2ALAauug&__tn__=%3C%3C%2CP-R', 'https://www.facebook.com/restura.chowdhury?__cft__[0]=AZXX7Dc8FWLiHk18bv0C_RAcI4uM2SzvKHsyQ4Un4sWVRr_GiysdpPaEX8NrJUj_Sr3oLefMhfG6DRhcGrxK-cDS2gq-CUqkkZTYUD2ALAauug&__tn__=-UC%2CP-R', 'https://www.facebook.com/restura.chowdhury/posts/1200992163773029?__cft__[0]=AZXX7Dc8FWLiHk18bv0C_RAcI4uM2SzvKHsyQ4Un4sWVRr_GiysdpPaEX8NrJUj_Sr3oLefMhfG6DRhcGrxK-cDS2gq-CUqkkZTYUD2ALAauug&__tn__=%2CO%2CP-R', 'https://www.facebook.com/photo/?fbid=1200993243772921&set=a.112425375963052&__cft__[0]=AZXX7Dc8FWLiHk18bv0C_RAcI4uM2SzvKHsyQ4Un4sWVRr_GiysdpPaEX8NrJUj_Sr3oLefMhfG6DRhcGrxK-cDS2gq-CUqkkZTYUD2ALAauug&__tn__=EH-R']",28_05_2022-05_09_36-পদ্মা সেতু-partho.csv
"পদ্মা সেতু প্রকল্প হাতে নেওয়ার পর থেকেই সমালোচনায় মুখর ছিল বিএনপি। আওয়ামী লীগ সরকার পদ্মাসেতু করতে পারবে না, ভেঙ্গে পড়বে এমন মন্তব্যের পাশাপাশি সেতুতে উঠতেও মানুষকে নিষেধ করেছিলেন বিএনপি চেয়ারপার্সন বেগম খালেদা জিয়া। বিএনপি'র সাথে তাল মিলিয়ে 'কান নিয়ে গেছে চিলে' বলে রব তোলেন কিছু সুশীল সমাজের সদস্য। সুশাসনের জন্য নাগরিক এর সম্পাদক বদিউল আলম মজুমদার বলেছিলেন, জাতীয় উন্নয়নে প্রতিবন্ধকতা সৃষ্টি করবে পদ্মা সেতু। ড. দেবপ্রিয় ভট্টাচার্য খুব কষ্ট পেয়েছিলেন যখন সরকার বিশ্বব্যাংকের তো… See more","[""data:image/svg+xml,%3csvg xmlns='http://www.w3.org/2000/svg' xmlns:xlink='http://www.w3.org/1999/xlink' viewBox='0 0 16 16'%3e%3cdefs%3e%3clinearGradient id='a' x1='50%25' x2='50%25' y1='0%25' y2='100%25'%3e%3cstop offset='0%25' stop-color='%2318AFFF'/%3e%3cstop offset='100%25' stop-color='%230062DF'/%3e%3c/linearGradient%3e%3cfilter id='c' width='118.8%25' height='118.8%25' x='-9.4%25' y='-9.4%25' filterUnits='objectBoundingBox'%3e%3cfeGaussianBlur in='SourceAlpha' result='shadowBlurInner1' stdDeviation='1'/%3e%3cfeOffset dy='-1' in='shadowBlurInner1' result='shadowOffsetInner1'/%3e%3cfeComposite in='shadowOffsetInner1' in2='SourceAlpha' k2='-1' k3='1' operator='arithmetic' result='shadowInnerInner1'/%3e%3cfeColorMatrix in='shadowInnerInner1' values='0 0 0 0 0 0 0 0 0 0.299356041 0 0 0 0 0.681187726 0 0 0 0.3495684 0'/%3e%3c/filter%3e%3cpath id='b' d='M8 0a8 8 0 00-8 8 8 8 0 1016 0 8 8 0 00-8-8z'/%3e%3c/defs%3e%3cg fill='none'%3e%3cuse fill='url(%23a)' xlink:href='%23b'/%3e%3cuse fill='black' filter='url(%23c)' xlink:href='%23b'/%3e%3cpath fill='white' d='M12.162 7.338c.176.123.338.245.338.674 0 .43-.229.604-.474.725a.73.73 0 01.089.546c-.077.344-.392.611-.672.69.121.194.159.385.015.62-.185.295-.346.407-1.058.407H7.5c-.988 0-1.5-.546-1.5-1V7.665c0-1.23 1.467-2.275 1.467-3.13L7.361 3.47c-.005-.065.008-.224.058-.27.08-.079.301-.2.635-.2.218 0 .363.041.534.123.581.277.732.978.732 1.542 0 .271-.414 1.083-.47 1.364 0 0 .867-.192 1.879-.199 1.061-.006 1.749.19 1.749.842 0 .261-.219.523-.316.666zM3.6 7h.8a.6.6 0 01.6.6v3.8a.6.6 0 01-.6.6h-.8a.6.6 0 01-.6-.6V7.6a.6.6 0 01.6-.6z'/%3e%3c/g%3e%3c/svg%3e""]","['/groups/109793829588251/user/100060972650289/?__cft__[0]=AZXKUKOwJiqphW07nFEQZ7Vtu-SNcreVQy03eOd74UqJUYbcTsKuMkMvQWJ_SZj7how-qsHukFJjTejaLCgaUzrx28tcAVJOTYmkuwS5S3KIDwpjWcPtr1VEgW3Obsm1wLsiozzCQVUOB0jK7Kf_LDEN&__tn__=%3C%2CP-R', '/groups/109793829588251/user/100060972650289/?__cft__[0]=AZXKUKOwJiqphW07nFEQZ7Vtu-SNcreVQy03eOd74UqJUYbcTsKuMkMvQWJ_SZj7how-qsHukFJjTejaLCgaUzrx28tcAVJOTYmkuwS5S3KIDwpjWcPtr1VEgW3Obsm1wLsiozzCQVUOB0jK7Kf_LDEN&__tn__=%3C%3C%2CP-R', '/groups/109793829588251/user/100060972650289/?__cft__[0]=AZXKUKOwJiqphW07nFEQZ7Vtu-SNcreVQy03eOd74UqJUYbcTsKuMkMvQWJ_SZj7how-qsHukFJjTejaLCgaUzrx28tcAVJOTYmkuwS5S3KIDwpjWcPtr1VEgW3Obsm1wLsiozzCQVUOB0jK7Kf_LDEN&__tn__=-UC%2CP-R', 'https://www.facebook.com/groups/awamileague.1949group/?__cft__[0]=AZXKUKOwJiqphW07nFEQZ7Vtu-SNcreVQy03eOd74UqJUYbcTsKuMkMvQWJ_SZj7how-qsHukFJjTejaLCgaUzrx28tcAVJOTYmkuwS5S3KIDwpjWcPtr1VEgW3Obsm1wLsiozzCQVUOB0jK7Kf_LDEN&__tn__=-UC%2CP-R', 'https://www.facebook.com/groups/awamileague.1949group/posts/1011079749459650/?__cft__[0]=AZXKUKOwJiqphW07nFEQZ7Vtu-SNcreVQy03eOd74UqJUYbcTsKuMkMvQWJ_SZj7how-qsHukFJjTejaLCgaUzrx28tcAVJOTYmkuwS5S3KIDwpjWcPtr1VEgW3Obsm1wLsiozzCQVUOB0jK7Kf_LDEN&__tn__=%2CO%2CP-R', 'https://www.facebook.com/100060972650289/videos/569686738083176/?__cft__[0]=AZXKUKOwJiqphW07nFEQZ7Vtu-SNcreVQy03eOd74UqJUYbcTsKuMkMvQWJ_SZj7how-qsHukFJjTejaLCgaUzrx28tcAVJOTYmkuwS5S3KIDwpjWcPtr1VEgW3Obsm1wLsiozzCQVUOB0jK7Kf_LDEN&__tn__=%2B%3FFH-R']",28_05_2022-05_09_36-পদ্মা সেতু-partho.csv
"বাংলাদেশের গর্বের, স্বপ্নের পদ্মা সেতু উদ্বোধন হতে যাচ্ছে আগামী ২৫ জুন ২০২২ তারিখে। ",['https://scontent.fdac22-1.fna.fbcdn.net/v/t39.30808-6/281842705_1414491698972193_8347511528944366391_n.jpg?stp=dst-jpg_s600x600&_nc_cat=104&ccb=1-7&_nc_sid=8bfeb9&_nc_ohc=hSsr2OX_OEYAX-a-Bbf&_nc_ht=scontent.fdac22-1.fna&oh=00_AT9ZMLeayxWnFYZEJfgz3U0HgPdEterbWO2H9WYrRsRiZw&oe=6296CA26'],"['https://www.facebook.com/tajamul.islam.94651?__cft__[0]=AZX7IZRFL-nPwMQERGNgu6ky_r8Owsfhvd6TemXVUDPCZwKUZfadCTj0hqPP8RbAWBnbxfbuTv82GL_9HmAcGnE1FF-2jeXdlLG8Gu0Bx39-Ww&__tn__=%3C%2CP-R', 'https://www.facebook.com/tajamul.islam.94651?__cft__[0]=AZX7IZRFL-nPwMQERGNgu6ky_r8Owsfhvd6TemXVUDPCZwKUZfadCTj0hqPP8RbAWBnbxfbuTv82GL_9HmAcGnE1FF-2jeXdlLG8Gu0Bx39-Ww&__tn__=%3C%3C%2CP-R', 'https://www.facebook.com/tajamul.islam.94651?__cft__[0]=AZX7IZRFL-nPwMQERGNgu6ky_r8Owsfhvd6TemXVUDPCZwKUZfadCTj0hqPP8RbAWBnbxfbuTv82GL_9HmAcGnE1FF-2jeXdlLG8Gu0Bx39-Ww&__tn__=-UC%2CP-R', 'https://www.facebook.com/tajamul.islam.94651/posts/1414491682305528?__cft__[0]=AZX7IZRFL-nPwMQERGNgu6ky_r8Owsfhvd6TemXVUDPCZwKUZfadCTj0hqPP8RbAWBnbxfbuTv82GL_9HmAcGnE1FF-2jeXdlLG8Gu0Bx39-Ww&__tn__=%2CO%2CP-R', 'https://www.facebook.com/photo/?fbid=1414491452305551&set=pcb.1414491682305528&__cft__[0]=AZX7IZRFL-nPwMQERGNgu6ky_r8Owsfhvd6TemXVUDPCZwKUZfadCTj0hqPP8RbAWBnbxfbuTv82GL_9HmAcGnE1FF-2jeXdlLG8Gu0Bx39-Ww&__tn__=*bH-R', 'https://www.facebook.com/photo/?fbid=1414491498972213&set=pcb.1414491682305528&__cft__[0]=AZX7IZRFL-nPwMQERGNgu6ky_r8Owsfhvd6TemXVUDPCZwKUZfadCTj0hqPP8RbAWBnbxfbuTv82GL_9HmAcGnE1FF-2jeXdlLG8Gu0Bx39-Ww&__tn__=*bH-R', 'https://www.facebook.com/photo/?fbid=1414491538972209&set=pcb.1414491682305528&__cft__[0]=AZX7IZRFL-nPwMQERGNgu6ky_r8Owsfhvd6TemXVUDPCZwKUZfadCTj0hqPP8RbAWBnbxfbuTv82GL_9HmAcGnE1FF-2jeXdlLG8Gu0Bx39-Ww&__tn__=*bH-R', 'https://www.facebook.com/photo/?fbid=1414491585638871&set=pcb.1414491682305528&__cft__[0]=AZX7IZRFL-nPwMQERGNgu6ky_r8Owsfhvd6TemXVUDPCZwKUZfadCTj0hqPP8RbAWBnbxfbuTv82GL_9HmAcGnE1FF-2jeXdlLG8Gu0Bx39-Ww&__tn__=*bH-R', 'https://www.facebook.com/photo/?fbid=1414491612305535&set=pcb.1414491682305528&__cft__[0]=AZX7IZRFL-nPwMQERGNgu6ky_r8Owsfhvd6TemXVUDPCZwKUZfadCTj0hqPP8RbAWBnbxfbuTv82GL_9HmAcGnE1FF-2jeXdlLG8Gu0Bx39-Ww&__tn__=*bH-R']",28_05_2022-05_09_36-পদ্মা সেতু-partho.csv
"বাংলাদেশের গর্বের, স্বপ্নের পদ্মা সেতু উদ্বোধন হতে যাচ্ছে আগামী ২৫ জুন ২০২২ তারিখে। ",['https://scontent.fdac22-1.fna.fbcdn.net/v/t39.30808-6/283852990_10228378884007361_4430954060154888833_n.jpg?stp=dst-jpg_p180x540&_nc_cat=108&ccb=1-7&_nc_sid=8bfeb9&_nc_ohc=J6L2y8UYEZgAX8LxxQc&tn=OFdy-9AAobFDC7qq&_nc_ht=scontent.fdac22-1.fna&oh=00_AT_vgtgRpTiC4tnEXpbHnDPR6WroBf-sW42Hb7uTNF5NYg&oe=6297A982'],"['https://www.facebook.com/towhidulislamdip?__cft__[0]=AZVyglYkQ0X3l4R4QxmnO6kqcjq5WTOJdPbNnU8PO9qyYeGKvM7IyKFOARlOvG8I7oMJD-HHC5y-bKA5_BP3PPHEGmq5pxDTSl44hw0R4lKlZw&__tn__=%3C%2CP-R', 'https://www.facebook.com/towhidulislamdip?__cft__[0]=AZVyglYkQ0X3l4R4QxmnO6kqcjq5WTOJdPbNnU8PO9qyYeGKvM7IyKFOARlOvG8I7oMJD-HHC5y-bKA5_BP3PPHEGmq5pxDTSl44hw0R4lKlZw&__tn__=%3C%3C%2CP-R', 'https://www.facebook.com/towhidulislamdip?__cft__[0]=AZVyglYkQ0X3l4R4QxmnO6kqcjq5WTOJdPbNnU8PO9qyYeGKvM7IyKFOARlOvG8I7oMJD-HHC5y-bKA5_BP3PPHEGmq5pxDTSl44hw0R4lKlZw&__tn__=-]C%2CP-R', 'https://www.facebook.com/saifurrahman.sohag.7?__cft__[0]=AZVyglYkQ0X3l4R4QxmnO6kqcjq5WTOJdPbNnU8PO9qyYeGKvM7IyKFOARlOvG8I7oMJD-HHC5y-bKA5_BP3PPHEGmq5pxDTSl44hw0R4lKlZw&__tn__=-]C%2CP-R', 'https://www.facebook.com/towhidulislamdip/posts/10228378885527399?__cft__[0]=AZVyglYkQ0X3l4R4QxmnO6kqcjq5WTOJdPbNnU8PO9qyYeGKvM7IyKFOARlOvG8I7oMJD-HHC5y-bKA5_BP3PPHEGmq5pxDTSl44hw0R4lKlZw&__tn__=%2CO%2CP-R', 'https://www.facebook.com/photo/?fbid=10228378884047362&set=a.4100054909880&__cft__[0]=AZVyglYkQ0X3l4R4QxmnO6kqcjq5WTOJdPbNnU8PO9qyYeGKvM7IyKFOARlOvG8I7oMJD-HHC5y-bKA5_BP3PPHEGmq5pxDTSl44hw0R4lKlZw&__tn__=EH-R']",28_05_2022-05_09_36-পদ্মা সেতু-partho.csv
"বাংলাদেশের গর্বের, স্বপ্নের পদ্মা সেতু উদ্বোধন হতে যাচ্ছে আগামী ২৫ জুন ২০২২ তারিখে। ",['https://scontent.fdac22-1.fna.fbcdn.net/v/t39.30808-6/283276989_3531923300364461_7772092060902759472_n.jpg?stp=dst-jpg_s600x600&_nc_cat=110&ccb=1-7&_nc_sid=730e14&_nc_ohc=CxPIdDrmRVsAX8e_hWX&_nc_ht=scontent.fdac22-1.fna&oh=00_AT_grsfy53tdM_w-ujejD0vcrJqIQfFcOIluSqRrz5-mZg&oe=62966F5C'],"['https://www.facebook.com/sktahidur.mukto?__cft__[0]=AZUi00tQf_ysy1yBGwGi3cOzHoNeKSPV4V69rNvs7XkI9_9EwFL4bL3cQ0mB7XIHNkx6hEemMhd5xdpFIUfvyWyhebjfizEM2YRasIhxNwnA0w&__tn__=%3C%2CP-R', 'https://www.facebook.com/sktahidur.mukto?__cft__[0]=AZUi00tQf_ysy1yBGwGi3cOzHoNeKSPV4V69rNvs7XkI9_9EwFL4bL3cQ0mB7XIHNkx6hEemMhd5xdpFIUfvyWyhebjfizEM2YRasIhxNwnA0w&__tn__=%3C%3C%2CP-R', 'https://www.facebook.com/sktahidur.mukto?__cft__[0]=AZUi00tQf_ysy1yBGwGi3cOzHoNeKSPV4V69rNvs7XkI9_9EwFL4bL3cQ0mB7XIHNkx6hEemMhd5xdpFIUfvyWyhebjfizEM2YRasIhxNwnA0w&__tn__=-UC%2CP-R', 'https://www.facebook.com/sktahidur.mukto/posts/3531724250384366?__cft__[0]=AZUi00tQf_ysy1yBGwGi3cOzHoNeKSPV4V69rNvs7XkI9_9EwFL4bL3cQ0mB7XIHNkx6hEemMhd5xdpFIUfvyWyhebjfizEM2YRasIhxNwnA0w&__tn__=%2CO%2CP-R', 'https://www.facebook.com/photo/?fbid=3531923313697793&set=pcb.3531724250384366&__cft__[0]=AZUi00tQf_ysy1yBGwGi3cOzHoNeKSPV4V69rNvs7XkI9_9EwFL4bL3cQ0mB7XIHNkx6hEemMhd5xdpFIUfvyWyhebjfizEM2YRasIhxNwnA0w&__tn__=*bH-R', 'https://www.facebook.com/photo/?fbid=3531923320364459&set=pcb.3531724250384366&__cft__[0]=AZUi00tQf_ysy1yBGwGi3cOzHoNeKSPV4V69rNvs7XkI9_9EwFL4bL3cQ0mB7XIHNkx6hEemMhd5xdpFIUfvyWyhebjfizEM2YRasIhxNwnA0w&__tn__=*bH-R']",28_05_2022-05_09_36-পদ্মা সেতু-partho.csv
পদ্মা সেতুর যতসব বিশ্ব রেকর্ড ও বিশেষত্ব…,"[""data:image/svg+xml,%3csvg xmlns='http://www.w3.org/2000/svg' xmlns:xlink='http://www.w3.org/1999/xlink' viewBox='0 0 16 16'%3e%3cdefs%3e%3clinearGradient id='a' x1='50%25' x2='50%25' y1='0%25' y2='100%25'%3e%3cstop offset='0%25' stop-color='%2318AFFF'/%3e%3cstop offset='100%25' stop-color='%230062DF'/%3e%3c/linearGradient%3e%3cfilter id='c' width='118.8%25' height='118.8%25' x='-9.4%25' y='-9.4%25' filterUnits='objectBoundingBox'%3e%3cfeGaussianBlur in='SourceAlpha' result='shadowBlurInner1' stdDeviation='1'/%3e%3cfeOffset dy='-1' in='shadowBlurInner1' result='shadowOffsetInner1'/%3e%3cfeComposite in='shadowOffsetInner1' in2='SourceAlpha' k2='-1' k3='1' operator='arithmetic' result='shadowInnerInner1'/%3e%3cfeColorMatrix in='shadowInnerInner1' values='0 0 0 0 0 0 0 0 0 0.299356041 0 0 0 0 0.681187726 0 0 0 0.3495684 0'/%3e%3c/filter%3e%3cpath id='b' d='M8 0a8 8 0 00-8 8 8 8 0 1016 0 8 8 0 00-8-8z'/%3e%3c/defs%3e%3cg fill='none'%3e%3cuse fill='url(%23a)' xlink:href='%23b'/%3e%3cuse fill='black' filter='url(%23c)' xlink:href='%23b'/%3e%3cpath fill='white' d='M12.162 7.338c.176.123.338.245.338.674 0 .43-.229.604-.474.725a.73.73 0 01.089.546c-.077.344-.392.611-.672.69.121.194.159.385.015.62-.185.295-.346.407-1.058.407H7.5c-.988 0-1.5-.546-1.5-1V7.665c0-1.23 1.467-2.275 1.467-3.13L7.361 3.47c-.005-.065.008-.224.058-.27.08-.079.301-.2.635-.2.218 0 .363.041.534.123.581.277.732.978.732 1.542 0 .271-.414 1.083-.47 1.364 0 0 .867-.192 1.879-.199 1.061-.006 1.749.19 1.749.842 0 .261-.219.523-.316.666zM3.6 7h.8a.6.6 0 01.6.6v3.8a.6.6 0 01-.6.6h-.8a.6.6 0 01-.6-.6V7.6a.6.6 0 01.6-.6z'/%3e%3c/g%3e%3c/svg%3e""]","['https://www.facebook.com/zapalak?__cft__[0]=AZWaT5yMby1kG7RT8ZHR5-KIwWdynf_8gpLFs8vC2aAXBWRbEi83JC6QOMe8sez8TNavvbNEO3PY_lqdDlYNrW_zoysiQnV5F7WNN8dqXz2Gq7ep1NjMbUb7M870Zi-8Hg2_46Pydkr4mnOJP9YTTtnT&__tn__=%3C%2CP-R', 'https://www.facebook.com/zapalak?__cft__[0]=AZWaT5yMby1kG7RT8ZHR5-KIwWdynf_8gpLFs8vC2aAXBWRbEi83JC6QOMe8sez8TNavvbNEO3PY_lqdDlYNrW_zoysiQnV5F7WNN8dqXz2Gq7ep1NjMbUb7M870Zi-8Hg2_46Pydkr4mnOJP9YTTtnT&__tn__=%3C%3C%2CP-R', 'https://www.facebook.com/zapalak?__cft__[0]=AZWaT5yMby1kG7RT8ZHR5-KIwWdynf_8gpLFs8vC2aAXBWRbEi83JC6QOMe8sez8TNavvbNEO3PY_lqdDlYNrW_zoysiQnV5F7WNN8dqXz2Gq7ep1NjMbUb7M870Zi-8Hg2_46Pydkr4mnOJP9YTTtnT&__tn__=-UC%2CP-R', 'https://www.facebook.com/zapalak/posts/587218089426907?__cft__[0]=AZWaT5yMby1kG7RT8ZHR5-KIwWdynf_8gpLFs8vC2aAXBWRbEi83JC6QOMe8sez8TNavvbNEO3PY_lqdDlYNrW_zoysiQnV5F7WNN8dqXz2Gq7ep1NjMbUb7M870Zi-8Hg2_46Pydkr4mnOJP9YTTtnT&__tn__=%2CO%2CP-R', 'https://www.facebook.com/zapalak/videos/957975994880959/?__cft__[0]=AZWaT5yMby1kG7RT8ZHR5-KIwWdynf_8gpLFs8vC2aAXBWRbEi83JC6QOMe8sez8TNavvbNEO3PY_lqdDlYNrW_zoysiQnV5F7WNN8dqXz2Gq7ep1NjMbUb7M870Zi-8Hg2_46Pydkr4mnOJP9YTTtnT&__tn__=%2B%3FFH-R']",28_05_2022-05_09_36-পদ্মা সেতু-partho.csv
"পদ্মা সেতু প্রকল্প হাতে নেওয়ার পর থেকেই সমালোচনায় মুখর ছিল বিএনপি। আওয়ামী লীগ সরকার পদ্মাসেতু করতে পারবে না, ভেঙ্গে পড়বে এমন মন্তব্যের পাশাপাশি সেতুতে উঠতেও মানুষকে নিষেধ করেছিলেন বিএনপি চেয়ারপার্সন বেগম খালেদা জিয়া। বিএনপি'র সাথে তাল মিলিয়ে 'কান নিয়ে গেছে চিলে' বলে রব তোলেন কিছু সুশীল সমাজের সদস্য। সুশাসনের জন্য নাগরিক এর সম্পাদক বদিউল আলম মজুমদার বলেছিলেন, জাতীয় উন্নয়নে প্রতিবন্ধকতা সৃষ্টি করবে পদ্মা সেতু। ড. দেবপ্রিয় ভট্টাচার্য খুব কষ্ট পেয়েছিলেন যখন সরকার বিশ্বব্যাংকের তো… See more",['https://scontent.fdac22-1.fna.fbcdn.net/v/t15.5256-10/281896894_408050191004307_2619047910061641758_n.jpg?_nc_cat=107&ccb=1-7&_nc_sid=ad6a45&_nc_ohc=KMoRig7d-HEAX9CZZs-&_nc_ht=scontent.fdac22-1.fna&oh=00_AT9Cumw3oGuWha0txRQ0VWAfAmBGy0p2Bg9jr1oplO-UOw&oe=62974709'],"['/groups/109793829588251/user/100006680767822/?__cft__[0]=AZWkxsgUT8dByOeZ5yxnBsP1rxaPIfVIhi1DvsWOWtA6keV7Tq6NSkfCIrWbVTl-o7kL2NLiEC6pR82v6hAbPKF2gSNoxOUao__Wn4QnnAvYGApc5hEb1dik701UBDgvng0BWwW8HbHvLI1Cny_p2bf6&__tn__=%3C%2CP-R', '/stories/1483614865062313/UzpfSVNDOjE3NjMwMzYwMDQwNDM2MzQ=/?view_single=true&__cft__[0]=AZWkxsgUT8dByOeZ5yxnBsP1rxaPIfVIhi1DvsWOWtA6keV7Tq6NSkfCIrWbVTl-o7kL2NLiEC6pR82v6hAbPKF2gSNoxOUao__Wn4QnnAvYGApc5hEb1dik701UBDgvng0BWwW8HbHvLI1Cny_p2bf6&__tn__=%3C%3C%2CP-R', '/groups/109793829588251/user/100006680767822/?__cft__[0]=AZWkxsgUT8dByOeZ5yxnBsP1rxaPIfVIhi1DvsWOWtA6keV7Tq6NSkfCIrWbVTl-o7kL2NLiEC6pR82v6hAbPKF2gSNoxOUao__Wn4QnnAvYGApc5hEb1dik701UBDgvng0BWwW8HbHvLI1Cny_p2bf6&__tn__=-UC%2CP-R', 'https://www.facebook.com/groups/awamileague.1949group/?__cft__[0]=AZWkxsgUT8dByOeZ5yxnBsP1rxaPIfVIhi1DvsWOWtA6keV7Tq6NSkfCIrWbVTl-o7kL2NLiEC6pR82v6hAbPKF2gSNoxOUao__Wn4QnnAvYGApc5hEb1dik701UBDgvng0BWwW8HbHvLI1Cny_p2bf6&__tn__=-UC%2CP-R', 'https://www.facebook.com/groups/awamileague.1949group/posts/1010774882823470/?__cft__[0]=AZWkxsgUT8dByOeZ5yxnBsP1rxaPIfVIhi1DvsWOWtA6keV7Tq6NSkfCIrWbVTl-o7kL2NLiEC6pR82v6hAbPKF2gSNoxOUao__Wn4QnnAvYGApc5hEb1dik701UBDgvng0BWwW8HbHvLI1Cny_p2bf6&__tn__=%2CO%2CP-R', 'https://www.facebook.com/tomalsarker.tomarsarker/videos/335915958668728/?__cft__[0]=AZWkxsgUT8dByOeZ5yxnBsP1rxaPIfVIhi1DvsWOWtA6keV7Tq6NSkfCIrWbVTl-o7kL2NLiEC6pR82v6hAbPKF2gSNoxOUao__Wn4QnnAvYGApc5hEb1dik701UBDgvng0BWwW8HbHvLI1Cny_p2bf6&__tn__=%2B%3FFH-R']",28_05_2022-05_09_36-পদ্মা সেতু-partho.csv
আমাদের স্বপ্নের পদ্মা সেতু উদ্বোধন হতে যাচ্ছে আগামী ২৫ জুন ২০২২ তারিখে। মাননীয় প্রধানমন্ত্রী শেখ হাসিনা এই দিন জনসাধারনের জন্য সেতু উন্মুক্ত করে দিবেন বলে জানিয়েছেন বাংলাদেশ আওয়ামী লীগের সাধারন সম্পাদক ও সেতুমন্ত্রী ওবায়দুল কাদের এমপি।,['https://scontent.fdac22-1.fna.fbcdn.net/v/t39.30808-6/283672817_5133982243351174_3546534055202550542_n.jpg?stp=dst-jpg_p526x296&_nc_cat=100&ccb=1-7&_nc_sid=5cd70e&_nc_ohc=78plCHUd70QAX-zBCo5&_nc_ht=scontent.fdac22-1.fna&oh=00_AT_3rjFzuCqbPUSTbTBpwclRZSG-fbw46OT9PcUyDEuWyg&oe=62964529'],"['/groups/109793829588251/user/100002183483323/?__cft__[0]=AZWujo3KFYZIroy9YKzAOKdChrGscbaPHx1GOkXKCw8FhN7odbcwWY0SChWxCqrxug2Fjn4MzyRzX8h8pFhqDCRRQYdvLKxkmBmDb-vXNoF-uv8T_lnuX8q6MvnL7eG9mGgqV73r7_vmSLX-WUL5u-u6&__tn__=%3C%2CP-R', '/groups/109793829588251/user/100002183483323/?__cft__[0]=AZWujo3KFYZIroy9YKzAOKdChrGscbaPHx1GOkXKCw8FhN7odbcwWY0SChWxCqrxug2Fjn4MzyRzX8h8pFhqDCRRQYdvLKxkmBmDb-vXNoF-uv8T_lnuX8q6MvnL7eG9mGgqV73r7_vmSLX-WUL5u-u6&__tn__=%3C%3C%2CP-R', '/groups/109793829588251/user/100002183483323/?__cft__[0]=AZWujo3KFYZIroy9YKzAOKdChrGscbaPHx1GOkXKCw8FhN7odbcwWY0SChWxCqrxug2Fjn4MzyRzX8h8pFhqDCRRQYdvLKxkmBmDb-vXNoF-uv8T_lnuX8q6MvnL7eG9mGgqV73r7_vmSLX-WUL5u-u6&__tn__=-UC%2CP-R', 'https://www.facebook.com/groups/awamileague.1949group/?__cft__[0]=AZWujo3KFYZIroy9YKzAOKdChrGscbaPHx1GOkXKCw8FhN7odbcwWY0SChWxCqrxug2Fjn4MzyRzX8h8pFhqDCRRQYdvLKxkmBmDb-vXNoF-uv8T_lnuX8q6MvnL7eG9mGgqV73r7_vmSLX-WUL5u-u6&__tn__=-UC%2CP-R', 'https://www.facebook.com/groups/awamileague.1949group/posts/1010681316166160/?__cft__[0]=AZWujo3KFYZIroy9YKzAOKdChrGscbaPHx1GOkXKCw8FhN7odbcwWY0SChWxCqrxug2Fjn4MzyRzX8h8pFhqDCRRQYdvLKxkmBmDb-vXNoF-uv8T_lnuX8q6MvnL7eG9mGgqV73r7_vmSLX-WUL5u-u6&__tn__=%2CO%2CP-R', 'https://www.facebook.com/photo/?fbid=5133982253351173&set=gm.1010681316166160&__cft__[0]=AZWujo3KFYZIroy9YKzAOKdChrGscbaPHx1GOkXKCw8FhN7odbcwWY0SChWxCqrxug2Fjn4MzyRzX8h8pFhqDCRRQYdvLKxkmBmDb-vXNoF-uv8T_lnuX8q6MvnL7eG9mGgqV73r7_vmSLX-WUL5u-u6&__tn__=EH-R']",28_05_2022-05_09_36-পদ্মা সেতু-partho.csv
"সমালোচনাকারীদের বাড়ির বিদ্যুৎ বন্ধ করে দেয়া উচিত, তারা জেনারেটর লাগিয়ে চলুক : প্রধানমন্ত্রী #শেখহাসিনা #পদ্মাসেতু",['https://scontent.fdac22-1.fna.fbcdn.net/v/t15.5256-10/280624531_1012141613022417_8968441436384325591_n.jpg?stp=dst-jpg_p960x960&_nc_cat=111&ccb=1-7&_nc_sid=ad6a45&_nc_ohc=Z_-qLAh_GrAAX9cnhra&tn=OFdy-9AAobFDC7qq&_nc_ht=scontent.fdac22-1.fna&oh=00_AT8tIj467Cq0qqp3Y9ax1NNEGLhy2L3rvKZoslgVuCrhEw&oe=6296C9C9'],"['https://www.facebook.com/bayannodigital/?__cft__[0]=AZXkoSSvT1WtZT7D01gpRUOT1qXTfgL1vISxwmq-VZkiNyUomkRa1MTJ5FooQYXRNJS5D6Htzc9eZqy_xTzWEfFLXtr5jlgsMMhdha2IVxJ0R8BW2vaM86sB8FXskCxqbANQmrEEsBrOYDcSCyLixDwH&__tn__=%3C%2CP-R', '/stories/739309163338672/UzpfSVNDOjE2NjU1MjU1MDcxMTk1MjA=/?view_single=true&__cft__[0]=AZXkoSSvT1WtZT7D01gpRUOT1qXTfgL1vISxwmq-VZkiNyUomkRa1MTJ5FooQYXRNJS5D6Htzc9eZqy_xTzWEfFLXtr5jlgsMMhdha2IVxJ0R8BW2vaM86sB8FXskCxqbANQmrEEsBrOYDcSCyLixDwH&__tn__=%3C%3C%2CP-R', 'https://www.facebook.com/bayannodigital/?__cft__[0]=AZXkoSSvT1WtZT7D01gpRUOT1qXTfgL1vISxwmq-VZkiNyUomkRa1MTJ5FooQYXRNJS5D6Htzc9eZqy_xTzWEfFLXtr5jlgsMMhdha2IVxJ0R8BW2vaM86sB8FXskCxqbANQmrEEsBrOYDcSCyLixDwH&__tn__=kC%2CP-R', 'https://www.facebook.com/watch/284156442187282/789674268307288/?__cft__[0]=AZXkoSSvT1WtZT7D01gpRUOT1qXTfgL1vISxwmq-VZkiNyUomkRa1MTJ5FooQYXRNJS5D6Htzc9eZqy_xTzWEfFLXtr5jlgsMMhdha2IVxJ0R8BW2vaM86sB8FXskCxqbANQmrEEsBrOYDcSCyLixDwH&__tn__=C%2CP-R', 'https://www.facebook.com/bayannodigital/posts/1059150594687859?__cft__[0]=AZXkoSSvT1WtZT7D01gpRUOT1qXTfgL1vISxwmq-VZkiNyUomkRa1MTJ5FooQYXRNJS5D6Htzc9eZqy_xTzWEfFLXtr5jlgsMMhdha2IVxJ0R8BW2vaM86sB8FXskCxqbANQmrEEsBrOYDcSCyLixDwH&__tn__=%2CO%2CP-R', 'https://www.facebook.com/hashtag/%E0%A6%B6%E0%A7%87%E0%A6%96%E0%A6%B9%E0%A6%BE%E0%A6%B8%E0%A6%BF%E0%A6%A8%E0%A6%BE?__eep__=6&__cft__[0]=AZXkoSSvT1WtZT7D01gpRUOT1qXTfgL1vISxwmq-VZkiNyUomkRa1MTJ5FooQYXRNJS5D6Htzc9eZqy_xTzWEfFLXtr5jlgsMMhdha2IVxJ0R8BW2vaM86sB8FXskCxqbANQmrEEsBrOYDcSCyLixDwH&__tn__=*NK-R', 'https://www.facebook.com/hashtag/%E0%A6%AA%E0%A6%A6%E0%A7%8D%E0%A6%AE%E0%A6%BE%E0%A6%B8%E0%A7%87%E0%A6%A4%E0%A7%81?__eep__=6&__cft__[0]=AZXkoSSvT1WtZT7D01gpRUOT1qXTfgL1vISxwmq-VZkiNyUomkRa1MTJ5FooQYXRNJS5D6Htzc9eZqy_xTzWEfFLXtr5jlgsMMhdha2IVxJ0R8BW2vaM86sB8FXskCxqbANQmrEEsBrOYDcSCyLixDwH&__tn__=*NK-R', 'https://www.facebook.com/bayannodigital/videos/1012020633034515/?__cft__[0]=AZXkoSSvT1WtZT7D01gpRUOT1qXTfgL1vISxwmq-VZkiNyUomkRa1MTJ5FooQYXRNJS5D6Htzc9eZqy_xTzWEfFLXtr5jlgsMMhdha2IVxJ0R8BW2vaM86sB8FXskCxqbANQmrEEsBrOYDcSCyLixDwH&__tn__=%2B%3FFH-R']",28_05_2022-05_09_36-পদ্মা সেতু-partho.csv
পদ্মা সেতুর যতসব বিশ্বরেকর্ড ও বিশেষত্ব,['https://scontent.fdac22-1.fna.fbcdn.net/v/t15.5256-10/281642514_456889252863701_5498724925007471269_n.jpg?stp=dst-jpg_p960x960&_nc_cat=1&ccb=1-7&_nc_sid=ad6a45&_nc_ohc=sBydUGUrlqIAX8mYZnB&tn=OFdy-9AAobFDC7qq&_nc_ht=scontent.fdac22-1.fna&oh=00_AT8DCA9eCfPiM2-goW0Q5-sOaSIDaGZGCR1jsLwetImBVw&oe=6297718C'],"['https://www.facebook.com/dailyjanakanthabd/?__cft__[0]=AZWFQi8cIA8y924610KW8nfNG5bEMS7AUoaIYt9zbG2XLUpn-NfbJ8qMhl_0oM3ZACEhHWDx0L8sZr-isCPMH2LkLDWSz27TNssGKlqa_vk8Ux8IsdhehFA9k1AtDR76CXyHAj2SexmC1FLhZgVYlaRH&__tn__=%3C%2CP-R', 'https://www.facebook.com/dailyjanakanthabd/?__cft__[0]=AZWFQi8cIA8y924610KW8nfNG5bEMS7AUoaIYt9zbG2XLUpn-NfbJ8qMhl_0oM3ZACEhHWDx0L8sZr-isCPMH2LkLDWSz27TNssGKlqa_vk8Ux8IsdhehFA9k1AtDR76CXyHAj2SexmC1FLhZgVYlaRH&__tn__=%3C%3C%2CP-R', 'https://www.facebook.com/dailyjanakanthabd/?__cft__[0]=AZWFQi8cIA8y924610KW8nfNG5bEMS7AUoaIYt9zbG2XLUpn-NfbJ8qMhl_0oM3ZACEhHWDx0L8sZr-isCPMH2LkLDWSz27TNssGKlqa_vk8Ux8IsdhehFA9k1AtDR76CXyHAj2SexmC1FLhZgVYlaRH&__tn__=kC%2CP-R', 'https://www.facebook.com/watch/138115812931162/1407304273110551/?__cft__[0]=AZWFQi8cIA8y924610KW8nfNG5bEMS7AUoaIYt9zbG2XLUpn-NfbJ8qMhl_0oM3ZACEhHWDx0L8sZr-isCPMH2LkLDWSz27TNssGKlqa_vk8Ux8IsdhehFA9k1AtDR76CXyHAj2SexmC1FLhZgVYlaRH&__tn__=C%2CP-R', 'https://www.facebook.com/dailyjanakanthabd/posts/5223303754412317?__cft__[0]=AZWFQi8cIA8y924610KW8nfNG5bEMS7AUoaIYt9zbG2XLUpn-NfbJ8qMhl_0oM3ZACEhHWDx0L8sZr-isCPMH2LkLDWSz27TNssGKlqa_vk8Ux8IsdhehFA9k1AtDR76CXyHAj2SexmC1FLhZgVYlaRH&__tn__=%2CO%2CP-R', 'https://www.facebook.com/hashtag/padmabridge?__eep__=6&__cft__[0]=AZWFQi8cIA8y924610KW8nfNG5bEMS7AUoaIYt9zbG2XLUpn-NfbJ8qMhl_0oM3ZACEhHWDx0L8sZr-isCPMH2LkLDWSz27TNssGKlqa_vk8Ux8IsdhehFA9k1AtDR76CXyHAj2SexmC1FLhZgVYlaRH&__tn__=*NK-R', 'https://www.facebook.com/hashtag/bangladesh?__eep__=6&__cft__[0]=AZWFQi8cIA8y924610KW8nfNG5bEMS7AUoaIYt9zbG2XLUpn-NfbJ8qMhl_0oM3ZACEhHWDx0L8sZr-isCPMH2LkLDWSz27TNssGKlqa_vk8Ux8IsdhehFA9k1AtDR76CXyHAj2SexmC1FLhZgVYlaRH&__tn__=*NK-R', 'https://www.facebook.com/hashtag/janakantha?__eep__=6&__cft__[0]=AZWFQi8cIA8y924610KW8nfNG5bEMS7AUoaIYt9zbG2XLUpn-NfbJ8qMhl_0oM3ZACEhHWDx0L8sZr-isCPMH2LkLDWSz27TNssGKlqa_vk8Ux8IsdhehFA9k1AtDR76CXyHAj2SexmC1FLhZgVYlaRH&__tn__=*NK-R', 'https://www.facebook.com/dailyjanakanthabd/videos/331880515693424/?__cft__[0]=AZWFQi8cIA8y924610KW8nfNG5bEMS7AUoaIYt9zbG2XLUpn-NfbJ8qMhl_0oM3ZACEhHWDx0L8sZr-isCPMH2LkLDWSz27TNssGKlqa_vk8Ux8IsdhehFA9k1AtDR76CXyHAj2SexmC1FLhZgVYlaRH&__tn__=%2B%3FFH-R']",28_05_2022-05_09_36-পদ্মা সেতু-partho.csv
